urbans,immunes,elderly,ccps,cs,hh4+
0.002413554524683062,0.0038972937307332586,0.0019210917663816849,0.006166453270979147,0.006166453270979147,0.0018725736902153716
0.007598181161330912,0.011428966504475167,0.0061295981690823505,0.02228495134663846,0.02228495134663846,0.006825021691382356
0.01759303735440035,0.025948427893401373,0.014242702396352508,0.05335798352521839,0.05335798352521839,0.01637228691303428
0.27211168439410505,0.35673933984612016,0.3652505606478554,0.3519344971864929,0.3519344971864929,0.29672332672392765
0.27792733310454165,0.3643564292709467,0.3730534836232109,0.3594988079902908,0.3594988079902908,0.3030731697630406
0.34339406921785803,0.45010197687112413,0.46089095881723446,0.44465022684794187,0.44465022684794187,0.37455332946673325
0.3258897359869535,0.4271755454134454,0.4374051929575133,0.4218826520571548,0.4218826520571548,0.35544114197832716
0.1921173372892087,0.25196614502004117,0.2579212221678331,0.24788727319195789,0.24788727319195789,0.20938112752595167
0.30185248202986437,0.39569257214000164,0.4051541319830715,0.39061782351361773,0.39061782351361773,0.3291959546710367
0.2696617890748966,0.35353057111592057,0.3619635078313464,0.34874796193411334,0.34874796193411334,0.29404839714791775
0.22603177856595547,0.29638583830970244,0.3034246193313808,0.29199918354412313,0.29199918354412313,0.24641076765536482
0.197559636206352,0.25909423675882237,0.2652232174178422,0.2549659745623772,0.2549659745623772,0.21532332686027142
0.17976890131095868,0.23579268857755,0.2413531831403933,0.23182588222233874,0.23182588222233874,0.19589843038509636
0.2857776881415377,0.37463849053543236,0.38358639555321555,0.3697096251109041,0.3697096251109041,0.31164461634934787
0.15597307354728068,0.20462592506784386,0.20942604647521032,0.20087507243304004,0.20087507243304004,0.16991684538771498
0.26220019827306174,0.34375769671808365,0.3519522053611931,0.3390428035371576,0.3390428035371576,0.2859014245963066
0.0006028194059838954,0.00022901342164807756,0.000552249269544123,0.004084751125498002,0.004084751125498002,0.0012915631421317533
0.006422382261316741,0.002439887837378875,0.005883612699489068,0.04351856113104762,0.04351856113104762,0.013760194398285658
0.0032324533477402924,0.0012280215171167933,0.002961284892962988,0.02190335500024478,0.02190335500024478,0.006925652295130811
0.004177716012659564,0.0015871304560468814,0.003827250074321043,0.02830852825129203,0.02830852825129203,0.008950912937910425
0.0006563534023908054,0.00024935119374025515,0.0006012923330520744,0.00444750164398641,0.00444750164398641,0.0014062617333247948
0.003751003729388719,0.0014250208108014348,0.0034363344130091617,0.025417092670333014,0.025417092670333014,0.00803666589825518
0.006311690287597912,0.0023978355288455204,0.005782206605020613,0.04276850371792634,0.04276850371792634,0.013523032701157288
0.0023877905578170403,0.0009071308594190497,0.002187480327091598,0.01617985431735956,0.01617985431735956,0.005115930650197247
0.0021119092772762024,0.0008023224949268848,0.0019347425516530203,0.014310461328337038,0.014310461328337038,0.00452484467981597
0.003435488024772841,0.0013051551754543927,0.003147287120114825,0.023279133744743233,0.023279133744743233,0.0073606616906924235
0.0040369312354763525,0.0015336457751977872,0.003698275642525068,0.02735455966411043,0.02735455966411043,0.00864927628292204
0.007726740148064028,0.00293541843863764,0.007078548832981009,0.05235699150182687,0.05235699150182687,0.016554829995528965
0.0002459719697805074,9.344570176371598e-05,0.00022533753772890848,0.0016667251757796426,0.0016667251757796426,0.0005270041525082156
0.0010996717753782772,0.0004177695566355465,0.0010074210097794473,0.007451461378923835,0.007451461378923835,0.002356087941799132
0.0019267651388886367,0.0007319855213501676,0.0017651300372416297,0.013055910263539083,0.013055910263539083,0.004128166432982109
0.004773058090953378,0.001813303212012847,0.0043726492844377495,0.032342612423479314,0.032342612423479314,0.010226455625573913
0.0,0.0,0.0,0.0,0.0,0.0
0.0012542185053653209,0.0004764824565314732,0.0011490029129142278,0.008498682027413506,0.008498682027413506,0.0026872100958088632
0.0034522776071935174,0.0013115336026915281,0.003162668235148168,0.02339290125953909,0.02339290125953909,0.007396633999498467
0.00362696266145017,0.001377897129792653,0.003322699071342066,0.024576580757742907,0.024576580757742907,0.007770903267076104
0.004785673214356891,0.00181809574613911,0.004384206133164987,0.03242809347967838,0.03242809347967838,0.010253483999676814
0.026523882019671378,0.06322421440924739,0.058046609682674666,0.05149583997699098,0.05149583997699098,0.0915500039397298
0.04736930405585849,0.11234646653397072,0.10330646247542744,0.09333354355188157,0.09333354355188157,0.16313017974204316
0.01690256235383463,0.04055156764885396,0.03715667466519974,0.032185416830855844,0.032185416830855844,0.058511778475390866
0.020289738692495774,0.04853345114393354,0.044510956205039455,0.038983632734893685,0.038983632734893685,0.07014285398798571
0.048585183873334575,0.11521168820440458,0.10594639662773749,0.09577386926454637,0.09577386926454637,0.16730533584770205
0.012925474698410117,0.03117955770860226,0.028521569963749792,0.024203222268896162,0.024203222268896162,0.04485503249719486
0.013218668375558934,0.031870468821137025,0.02915815590787148,0.02479167522193736,0.02479167522193736,0.045861817340313235
0.025236000601095477,0.06018932091367758,0.055250344712933185,0.048911003798742816,0.048911003798742816,0.08712760471009744
0.019033460169312556,0.045573029894243694,0.04178330785485188,0.0364622249951416,0.0364622249951416,0.06582897454769333
0.05457064821722848,0.12931643926551947,0.11894211504642101,0.10778696655483821,0.10778696655483821,0.1878585580012589
0.03706687292464526,0.08806878011215034,0.08093768934160825,0.07265609893021993,0.07265609893021993,0.12775311564215228
0.005655145447810983,0.014047021564325383,0.012736136065326814,0.00961134307593068,0.00961134307593068,0.01988976938114155
0.02807966916074201,0.06689042793389584,0.061424555058857334,0.05461837504108055,0.05461837504108055,0.09689235281976159
0.029481219512612525,0.0701931823530945,0.0644676195023198,0.057431349902661605,0.057431349902661605,0.10170507478857216
0.0182210599583128,0.04365860820867499,0.04001941389795237,0.034831701077085046,0.034831701077085046,0.06303930927614118
0.030400860949369408,0.07236031806482497,0.0664643570103192,0.05927711180469593,0.05927711180469593,0.10486299097774184
0.04240790320450601,0.100654921834666,0.09253420409714971,0.08337578794613024,0.08337578794613024,0.14609344407178199
0.03516875397380366,0.08359586142985675,0.07681646866547662,0.06884648846144008,0.06884648846144008,0.12123524865154492
0.02684828390841671,0.06398866769501063,0.05875095530373315,0.05214692922032224,0.05214692922032224,0.09266395328489935
0.03394475494680654,0.08071150683630655,0.07415890597932936,0.06638986712853724,0.06638986712853724,0.11703221235023044
0.024641409462177626,0.058788166464209236,0.0539593606602918,0.047717632526378215,0.047717632526378215,0.08508586440950036
0.028972923166555496,0.06899538164549818,0.06336399983188576,0.056411176177341156,0.056411176177341156,0.09995965837305061
0.004351984127983674,0.010976120970390791,0.0099066951742667,0.006995839445706709,0.006995839445706709,0.015414901172185124
0.026638904154552834,0.06349526415339564,0.05829634724536854,0.051726694597030214,0.051726694597030214,0.09194497337818391
0.07930531257249439,0.18760369373177738,0.17264634159813502,0.15743055513383503,0.15743055513383503,0.27279383155377246
0.021340725258275378,0.05101010174732741,0.046792871973967975,0.041093010243487514,0.041093010243487514,0.07375179042562542
0.032062987181805926,0.0762771197352889,0.07007318721161984,0.06261307422829233,0.06261307422829233,0.11057049297587385
0.015285007198664664,0.03673979775424746,0.033644617769442976,0.028938910572524616,0.028938910572524616,0.052957327134659796
0.05393190887653995,0.127811249546606,0.11755527584103977,0.10650498784742916,0.10650498784742916,0.1856652191367846
0.036762402567606114,0.08735129549528733,0.08027661932271267,0.07204501317129255,0.07204501317129255,0.12670760830506783
0.023112573586044904,0.05518546361490533,0.05063993222281878,0.04464918986835667,0.04464918986835667,0.07983606229004753
0.00810193125871703,0.019812874099710512,0.018048629399583137,0.014522152715103605,0.014522152715103605,0.028291679315669137
0.06302951522186455,0.15209134448708045,0.18937992586010205,0.03834365675156415,0.03834365675156415,0.289885275610264
0.015467957154952382,0.037880598295059686,0.047046674075791314,0.0077227129095905804,0.0077227129095905804,0.07181221091433762
0.05636622035893051,0.13609060966416922,0.16943927496500688,0.0340537136526992,0.0340537136526992,0.2593336034028824
0.04547965571517783,0.10994843262107416,0.13686001958557886,0.027044757299348007,0.027044757299348007,0.20941794436300193
0.06637671637307083,0.16012906143058842,0.19939679754368161,0.04049864205155541,0.04049864205155541,0.30523242660498906
0.06813560826149245,0.16435273204215908,0.2046604771242348,0.04163104670624923,0.04163104670624923,0.31329706872704255
0.0610856955922875,0.14742360231504384,0.18356282944852864,0.037092192456965836,0.037092192456965836,0.2809727268825371
0.03821230723988676,0.0924971689128345,0.11511167107936081,0.022365914162441755,0.022365914162441755,0.17609664416525836
0.08823560008342328,0.2126193397341655,0.2648119379495635,0.054571764921106276,0.054571764921106276,0.40545693470125843
0.11446111436684606,0.27559531607550725,0.34329470595358896,0.0714561991730244,0.0714561991730244,0.5257027488725874
0.09856887249209433,0.237432882443162,0.29573540478448285,0.06122450227854487,0.06122450227854487,0.45283571020996943
0.05742333112360514,0.13862907589925877,0.1726027964884326,0.0347342996274965,0.0347342996274965,0.2641805300710822
0.03930648939757825,0.09512465560122535,0.11838613286905876,0.02307036733356,0.02307036733356,0.18111354575892974
0.025031359970313447,0.06084543410091433,0.07566622053637145,0.013879795066894164,0.013879795066894164,0.11566108058200948
0.03638826367720513,0.08811704797382874,0.10965301786813793,0.021191563746511124,0.021191563746511124,0.16773327706754373
0.06894713516663856,0.16630147167893133,0.20708906163690782,0.042153521595607764,0.042153521595607764,0.31701797625154876
0.03708177659263759,0.08978239769710553,0.1117284323923856,0.021638059212602975,0.021638059212602975,0.17091308220895216
0.03783515495078467,0.09159150378921138,0.11398300091152748,0.022123097073728656,0.022123097073728656,0.1743673745852781
0.02224233065253841,0.05414806899175675,0.06731974013801659,0.012084170331618287,0.012084170331618287,0.10287318641760203
0.04469528287121774,0.10806489870329528,0.13451269662077855,0.02653976465860481,0.02653976465860481,0.20582154010505074
0.10075251534425943,0.24267651805349638,0.3022701988601304,0.06263036886207868,0.06263036886207868,0.46284786515878457
0.03033742617934129,0.07358702217556841,0.09154521374873183,0.017295931165292235,0.017295931165292235,0.13998976464350113
0.10758770309535026,0.2590900235218492,0.3227252583390557,0.06703097953974073,0.06703097953974073,0.4941876782606897
0.06452780041324628,0.1556892137889107,0.19386371091797633,0.03930827836131073,0.03930827836131073,0.29675501782967295
0.049711216295044124,0.12010978374214869,0.14952343520807249,0.02976910831193895,0.02976910831193895,0.22881994508803463
0.13004727439882785,0.31302274780548844,0.3899380231691777,0.081490835346631,0.081490835346631,0.5971663809141123
0.07357773845598072,0.17742105393170274,0.22094665694461313,0.04513478312362418,0.04513478312362418,0.33824961566246176
0.06656254774355023,0.1605753028985084,0.1999529185859456,0.04061828346346041,0.04061828346346041,0.3060844764142085
0.042492324942252246,0.10277488132113106,0.12792010002979715,0.025121462698560082,0.025121462698560082,0.19572082418044132
0.09575404455711921,0.23067356647619194,0.28731171915512066,0.05941226795265439,0.05941226795265439,0.4399295275843257
0.08871287450162389,0.2137654306036944,0.2662402347231972,0.05487904234747594,0.05487904234747594,0.407645271234127
0.013978866391942317,0.03430480780157414,0.04259040436732163,0.006764010829949207,0.006764010829949207,0.06498462579100858
0.014475614022075041,0.03549766017673729,0.044076976893256764,0.007083825442929883,0.007083825442929883,0.06726224836029195
0.07688716790144402,0.18536806874363257,0.23085049259820659,0.04726545035399409,0.04726545035399409,0.3534235807489672
0.07459542839139609,0.1798648579541105,0.22399220725253302,0.045789989294899205,0.045789989294899205,0.34291579507597064
0.04997652186456883,0.12074686857065003,0.15031739162921862,0.02993991657128886,0.02993991657128886,0.2300363896491181
0.07859048658644001,0.18945829004678075,0.23594786318727307,0.04836207603065652,0.04836207603065652,0.36123341585294627
0.08853088355577148,0.21332841124245405,0.2656956065787189,0.05476187346657311,0.05476187346657311,0.40681083003997787
0.2049341608397072,0.10081964165844307,0.06137754837604605,0.11117816075053247,0.11117816075053247,0.08870380463560404
0.03804029883833581,0.06405665878373532,0.058538190521117625,0.04290928627032607,0.04290928627032607,0.07763324472718677
0.06031524708350407,0.10129003710526023,0.0926842330060815,0.06922972224988784,0.06922972224988784,0.12311382307992977
0.02747362322800062,0.046394079896002936,0.0423401661601137,0.030423532954200985,0.030423532954200985,0.05605840142185553
0.060171606119024126,0.10104993605927415,0.09246404077839462,0.06905999378327031,0.06905999378327031,0.12282053960883975
0.008794719555725368,0.015171619605348657,0.01370662540634748,0.008352240897162671,0.008352240897162671,0.017920160530789594
0.010319312666420732,0.017720031904767772,0.016043727183514548,0.010153724560481286,0.010153724560481286,0.021033046615365498
0.09083681369103683,0.1523079350575212,0.139471803446993,0.10529449470401694,0.10529449470401694,0.18543219465430433
0.02444196213399142,0.04132654917882708,0.037692827482749776,0.026841273599057223,0.026841273599057223,0.0498684117344516
0.03678676413019143,0.06196133036753457,0.056616603591731186,0.04142808956132677,0.04142808956132677,0.07507380068789435
0.1550409313538925,0.25962743032321023,0.2378925272707188,0.18115910951568107,0.18115910951568107,0.3165229775281831
0.027417747357675406,0.046300681366140385,0.0422545120961397,0.030357509129969838,0.030357509129969838,0.055944315100738946
0.015274135683245364,0.026002197047021162,0.023639147625161134,0.016008422877577498,0.016008422877577498,0.031149712834311633
0.07497169240710168,0.12578881337966194,0.11515160752878867,0.08654801303026599,0.08654801303026599,0.15303908272928343
0.03924325705154356,0.06606744676691573,0.06038224698327969,0.04433072098201797,0.04433072098201797,0.08008942261225721
0.026814083420867472,0.04529163535216788,0.041329134662889976,0.0296442101437255,0.0296442101437255,0.054711765212203334
0.02651931728631494,0.04479892314097122,0.04087727740859793,0.029295909753168335,0.029295909753168335,0.0541099171571283
0.055723384795048174,0.09361457389409396,0.08564520768216276,0.06380390414876236,0.06380390414876236,0.11373824337951793
0.03027132154717889,0.05107053340785585,0.04662885516694428,0.0337293381434917,0.0337293381434917,0.06177069023223807
0.047621476569391134,0.08007194246923319,0.07322551092517604,0.054230559491858524,0.054230559491858524,0.09719591664510425
0.03225477548647669,0.05438594811016444,0.049669360659158945,0.03607301911877843,0.03607301911877843,0.06582046989064234
0.006152980924518034,0.010755858329509744,0.009657012426665581,0.005230720175671876,0.005230720175671876,0.012526307333839746
0.06906776985248192,0.1159201941740113,0.10610127941313473,0.07957184348244822,0.07957184348244822,0.14098456258501532
0.188467950246838,0.3155018964231156,0.28913396651903633,0.22065701097321722,0.22065701097321722,0.38477364797313
0.07110816883433242,0.11933079456607162,0.10922907794059739,0.08198281163301208,0.08198281163301208,0.14515061158066397
0.011210351503686601,0.019209435415920184,0.01740963159137924,0.011206590336573344,0.011206590336573344,0.022852353273570544
0.03032901036171598,0.051166962339269664,0.04671728835612208,0.03379750417167045,0.03379750417167045,0.061888478189397515
0.019190141666661175,0.032547942100390845,0.029642129325021818,0.020635638332699106,0.020635638332699106,0.03914534160068534
0.02200839845395344,0.017246175219701954,0.007176054833598352,0.012791147157561356,0.012791147157561356,0.21938525366481848
0.005729626282377179,0.0045969374104398875,0.0017116688772558183,0.0016866087658554832,0.0016866087658554832,0.05919040790895924
0.03985970430060623,0.031117332729630843,0.013168301911123458,0.0249683868797538,0.0249683868797538,0.3950549636714738
0.10132335168228386,0.09608553229037972,0.08334052355086424,0.04874655921773211,0.04874655921773211,0.06330103437861888
0.07921418271765629,0.0751643352417495,0.0651478620134992,0.03761084570940367,0.03761084570940367,0.04936817171347718
0.6137417710019838,0.517454334074874,0.5199048858742277,0.6065228602757262,0.6065228602757262,0.7079509494876802
0.12858853679157076,0.10854822986471202,0.10890836031426607,0.12540893537247005,0.12540893537247005,0.1480419568726498
0.17771755764510516,0.14995608846339506,0.15052790533869076,0.17412891574726136,0.17412891574726136,0.20474111630221475
0.08923945083900191,0.07538328257278609,0.07557386624089031,0.08638746370320079,0.08638746370320079,0.10262969220562763
0.2651084843784588,0.22361257650476518,0.22456094216122996,0.26079223940838236,0.26079223940838236,0.30559784011773483
0.13175849182227903,0.11121999183747903,0.11159378094414767,0.12855249785757433,0.12855249785757433,0.151700360450578
0.2448247934106251,0.20651668912774213,0.20737765670528677,0.24067742725229815,0.24067742725229815,0.2821886980663624
0.055524089255269055,0.04696665832894578,0.04701196972696906,0.05295281090225276,0.05295281090225276,0.06371923503693008
0.09095060292435389,0.0768255084173095,0.07702346507316218,0.08808436900618188,0.08808436900618188,0.10460451041307466
0.1808086216212436,0.15256135797253115,0.15314649358028837,0.17719424401227304,0.17719424401227304,0.2083084727474521
0.018955103618817016,0.01614488822190849,0.016032631695151518,0.016688292872360136,0.016688292872360136,0.02151544772840489
0.06374366814711234,0.053894440616910545,0.053975168419463926,0.061103954876677094,0.061103954876677094,0.07320534336833565
0.11784231426540909,0.09949089358764933,0.09980472086654649,0.11475218420011134,0.11475218420011134,0.13563988221920006
0.10335899010997368,0.08728378202206202,0.08753520375999671,0.10038944591720925,0.10038944591720925,0.11892486752743009
0.18358361020596278,0.15490022679044582,0.15549731922951715,0.1799461284797214,0.1799461284797214,0.21151105072370127
0.23326631676538231,0.19677475333852185,0.1975859179164231,0.22921518466054086,0.22921518466054086,0.26884921157373914
0.19549428514450132,0.1649390090641699,0.16558742204987756,0.191757637017335,0.191757637017335,0.22525700465319706
0.177720709879467,0.14995874528969566,0.1505305757472939,0.1741320417366171,0.1741320417366171,0.20474475425460087
0.08437291215742486,0.07128157360137134,0.07145118839687564,0.08156144305511089,0.08156144305511089,0.09701328365965858
0.17238866285861376,0.14546468769918827,0.14601354350848045,0.16884438849826142,0.16884438849826142,0.19859110863193327
0.08145113168607082,0.06881898284518863,0.06897600831458714,0.07866398886712299,0.07866398886712299,0.09364129508986044
0.049933047843603195,0.04225431014509253,0.042275530943465214,0.04740831961953244,0.04740831961953244,0.057266687380374534
0.11300601999460128,0.09541467578749703,0.09570766451048088,0.1099561561525969,0.1099561561525969,0.13005837835153045
0.20310505682688856,0.17135366484553952,0.17203487101593903,0.19930504261510504,0.19930504261510504,0.23404049655889111
0.11403134811743976,0.09627886239635132,0.09657626903855615,0.1109729475552047,0.1109729475552047,0.13124169610739922
0.04956525876954473,0.041944323141318206,0.04196395921536376,0.047043592699294985,0.047043592699294985,0.05684222682764619
0.26865525920869465,0.22660193692962713,0.22756558487899503,0.2643094843507974,0.2643094843507974,0.30969112649036246
0.20643441268167917,0.17415977606177696,0.17485532771329293,0.20260667877817187,0.20260667877817187,0.23788286253991284
0.5177368101039374,0.43653760142738385,0.43857448841777363,0.5113172215397176,0.5113172215397176,0.5971528816773002
0.14922791906915517,0.1259439077770044,0.12639296890313112,0.14587647740856147,0.14587647740856147,0.17186159760543082
0.06834465238258325,0.05777232992402958,0.05787288238196543,0.06566663204309452,0.06566663204309452,0.07851527900653212
0.30972793579301633,0.26121959375904635,0.26236021507264423,0.30504019630807305,0.30504019630807305,0.35709256452830124
0.14472916946163658,0.12215218580936396,0.12258186278721786,0.14141518368070902,0.14141518368070902,0.16666964961219008
0.07893577356616381,0.08863943275222774,0.09001972067975494,0.06562385305143442,0.06562385305143442,0.1146121633465254
0.11327963873088617,0.1270878997589972,0.12915063947963287,0.09511457502979877,0.09511457502979877,0.1645873762483227
0.03467343223079054,0.03908708439792671,0.03958782909213917,0.027616238120143115,0.027616238120143115,0.05020415565263703
0.12512777518323426,0.1403520644444484,0.1426502401571635,0.10528844731825718,0.10528844731825718,0.18182810145079212
0.06531458471775267,0.07339030958221646,0.07449992894319522,0.05392747899986407,0.05392747899986407,0.09479139450149267
0.10525573430452752,0.11810501961074828,0.12000831519377055,0.08822453124807048,0.08822453124807048,0.1529114530495895
0.12121160142305074,0.13596784977061904,0.13818820664168827,0.10192566939484603,0.10192566939484603,0.17612951113526074
0.06638781960438092,0.0745918119737244,0.07572275773664694,0.05484905470216872,0.05484905470216872,0.09635310404395782
0.09255668338048027,0.10388824353942683,0.10553919448877654,0.07731998749931228,0.07731998749931228,0.13443252615722795
0.07447659945775058,0.08364732112581487,0.08493900017511959,0.06179480634240486,0.06179480634240486,0.10812343022445851
0.1047142686438185,0.11749884076363194,0.11939137680607004,0.08775958028276083,0.08775958028276083,0.15212354343186998
0.06689873103172347,0.07516378490290243,0.07630488305892452,0.05528776906314884,0.05528776906314884,0.0970965529025223
0.06393043609113729,0.07184073464219043,0.07292284939040554,0.052738924883183616,0.052738924883183616,0.09277726120662147
0.07563075423183342,0.08493941453286713,0.08625402795462292,0.0627858671155365,0.0627858671155365,0.10980288972267664
0.07221865556367303,0.08111951940931639,0.0823663305367416,0.05985593326263906,0.05985593326263906,0.10483780042462025
0.038622741289716225,0.04350839453070739,0.044087616502764854,0.031007468982039467,0.031007468982039467,0.05595096254487762
0.08354171960837399,0.09379585773786928,0.09526767106943561,0.06957893130272262,0.06957893130272262,0.1213144705262684
0.06214803605290274,0.06984531133342088,0.0708920077588498,0.051208396396372695,0.051208396396372695,0.09018361541399704
0.0734875631091893,0.08254008024789485,0.08381210601629226,0.06094553105431416,0.06094553105431416,0.10668424154112599
0.08998064061847783,0.10100432541699557,0.1026040874569543,0.07510796621008864,0.07510796621008864,0.13068401722098147
0.10288359570720587,0.11544937522834804,0.11730553371042142,0.08618760035714622,0.08618760035714622,0.14945965370012396
0.0073000641018029526,0.041012423364856936,0.03526812570581513,0.049146968537931435,0.049146968537931435,0.03457976336862519
0.010044253627843332,0.055745745905608685,0.04801480545423766,0.06762765778884058,0.06762765778884058,0.04724008342095975
0.008749255688730013,0.048793010992253236,0.04199957806265051,0.05890652017563302,0.05890652017563302,0.041265609638915644
0.029872742234726014,0.1622032319387819,0.14011755264745734,0.20116221609164747,0.20116221609164747,0.1387188277041307
0.0013265548400641105,0.008941155029263431,0.007521350633946232,0.008918490382155995,0.008918490382155995,0.007020974745770586
0.008411839222092056,0.0469814503888896,0.04043228848543089,0.056634195757474685,0.056634195757474685,0.0397089385642584
0.00026790290210792263,0.0032573418989049864,0.0026039434759772724,0.001789020167148274,0.001789020167148274,0.0021368833842352543
0.019687355042001992,0.10751874557629117,0.09280672829391116,0.1325689305977968,0.1325689305977968,0.09172853767744324
0.015953204581142855,0.08747040611814948,0.07546170907955843,0.10742136931297125,0.10742136931297125,0.07450103224844917
0.010271351219991603,0.05696501375923117,0.04906966709964621,0.06915704196230824,0.06915704196230824,0.048287798300864625
0.011204337140525817,0.06197413662147203,0.05340335929764706,0.07544021690676814,0.07544021690676814,0.052592129414367784
0.010088650003410835,0.05598410630844144,0.048221025314775574,0.06792664428847697,0.06792664428847697,0.047444906126722065
0.058228804462934824,0.0870809653846981,0.07201337198840078,0.1268485377664488,0.1268485377664488,0.11375379175753915
0.03991995339919803,0.05982724197943633,0.04940677443871802,0.08643982479529906,0.08643982479529906,0.07796472027351957
0.02072065718338015,0.03124804239885953,0.025700712202633744,0.0440658469125644,0.0440658469125644,0.04043505867330486
0.05523705548950659,0.08262758386250728,0.06831935182424499,0.12024557152197271,0.12024557152197271,0.10790569580113386
0.02206084201935686,0.033242980623245336,0.02735548666792613,0.04702371380310522,0.04702371380310522,0.04305477362590331
0.015897152533700713,0.024067992645397444,0.019744957359540318,0.03342008797196372,0.03342008797196372,0.031006353829405992
0.08321043675579758,0.12426748759472032,0.10285909275006408,0.18198447203992707,0.18198447203992707,0.1625864258100158
0.03334731508239797,0.05004351136164329,0.041291301285855016,0.07193362480043451,0.07193362480043451,0.0651169112144101
0.012266657133157053,0.01866380222809347,0.015262253986163597,0.025407370730835748,0.025407370730835748,0.02390967370676248
0.022784126804389834,0.03431962947498927,0.028248552431153328,0.048620045936293266,0.048620045936293266,0.044468608430978496
0.047575000263713245,0.0712221967569664,0.05885873639349162,0.10333496422551523,0.10333496422551523,0.0929283582699138
0.025742640814569392,0.03872353894169116,0.031901536189686185,0.055149660658827974,0.055149660658827974,0.05025173862457675
0.030847793983114054,0.04632283787708896,0.03820505259871759,0.06641703447400242,0.06641703447400242,0.060230993524289914
0.03354196136633379,0.050333252971631916,0.04153163806013758,0.07236322061674667,0.07236322061674667,0.06549739438867523
0.015147586393874717,0.02295222256361285,0.018819441061388883,0.03176575134037065,0.03176575134037065,0.02954114576873382
0.016866879772740765,0.025511484531335137,0.020942314492963264,0.03556033312040382,0.03556033312040382,0.03290191993331868
0.017080251521966624,0.025829100017727737,0.02120577227337935,0.03603125714182955,0.03603125714182955,0.03331900655219667
0.014197460665284458,0.021537908595080476,0.017646286618596924,0.02966876788032429,0.02966876788032429,0.027683895551287203
0.06915785110079083,0.10334944739454313,0.08550785933136015,0.15096958758546986,0.15096958758546986,0.13511725306992703
0.030042763234110273,0.045124505699406056,0.03721105215081981,0.06464028418223375,0.06464028418223375,0.05865736648878495
0.09880970250292981,0.14575837523871016,0.13341132071480882,0.03583083588047392,0.03583083588047392,0.21247659649019926
0.0497682239983386,0.07361267897261717,0.06727454143968208,0.01689087931420533,0.01689087931420533,0.10702109173219322
0.07139191953282675,0.10542364017835655,0.09643601091991197,0.02524201118693383,0.02524201118693383,0.1535192356882203
0.12866629875685917,0.1896808871726377,0.17367558632351887,0.04736153710541966,0.04736153710541966,0.2766782177365764
0.06317758467331168,0.09333940198094837,0.08535825249864276,0.022069612021899762,0.022069612021899762,0.13585568117731073
0.10982964662502004,0.16196998968722656,0.14827269182862385,0.0400867692128174,0.0400867692128174,0.2361731449066841
0.06323967929809068,0.09343075036757263,0.08544199260229393,0.022093593140173003,0.022093593140173003,0.1359892052919684
0.11724497613455141,0.17287879845117035,0.1582729207364513,0.0429505902703727,0.0429505902703727,0.25211857192518966
0.06271035989786371,0.09265206020893578,0.08472815848867567,0.021889168502994827,0.021889168502994827,0.13485099237035114
0.04896748711737735,0.07243470225648939,0.066194676803288,0.016581632484605854,0.016581632484605854,0.10529924087175853
0.0376428416413173,0.05577483681706296,0.05092238891439151,0.01220802263463187,0.01220802263463187,0.08094748310875434
0.025141765160245744,0.0373843050813986,0.03406357957297442,0.007380071830478793,0.007380071830478793,0.05406600704953601
0.034129853876321586,0.05060682484009629,0.04618481363129741,0.010851296905397937,0.010851296905397937,0.07339338993573469
0.03453887997169006,0.05120854961147727,0.046736421564256024,0.011009263930801226,0.011009263930801226,0.07427293220610572
0.021844112511544108,0.03253307600676879,0.029616402774811618,0.006106509127200945,0.006106509127200945,0.046974956061893974
0.04288519597016224,0.06348694735411942,0.05799216824611301,0.014232634581924974,0.014232634581924974,0.09222029010246897
0.09276863141259745,0.1368712598152999,0.1252644010568043,0.03349775727938883,0.03349775727938883,0.1994862825654191
0.04528812808428667,0.0670219388702792,0.06123273512319204,0.015160653704940363,0.015160653704940363,0.09738739408711926
0.13969807500729617,0.20590990805268747,0.1885529141108414,0.05162204003892133,0.05162204003892133,0.300400209167938
0.05495002284105127,0.08123570537430572,0.07426265633259892,0.018892104562888045,0.018892104562888045,0.11816368427172194
0.050785690839992535,0.07510949056878291,0.0686466856322746,0.017283827862580346,0.017283827862580346,0.10920898415780811
0.028485255281770316,0.042302966388757246,0.03857257226484719,0.008671337094340995,0.008671337094340995,0.061255623863102744
0.07186039485842519,0.10611282165451492,0.09706779140756683,0.02542293767181484,0.02542293767181484,0.15452661359431316
0.14587938321296048,0.1898939550503252,0.1326780994164601,0.19520544435376447,0.19520544435376447,0.16237843831541368
0.19549994646946833,0.2543719451313008,0.17780909106194198,0.2622768845636572,0.2622768845636572,0.21773847053905612
0.3692188269830609,0.48010586509369835,0.3358102266917995,0.49709033171187755,0.49709033171187755,0.4115509182811982
0.07599377254840617,0.09908314163939348,0.06911560225702387,0.1007420152913233,0.1007420152913233,0.08440935847327276
0.7412797359110225,0.963569534608365,0.674207791540804,1.0,1.0,0.8266470509255267
0.1311215356111921,0.17071730148506004,0.11925551303069684,0.17525746254767519,0.17525746254767519,0.1459135925908268
0.16786641669604463,0.21846436283678755,0.15267578906992973,0.2249250183543715,0.2249250183543715,0.1869086492248234
0.07860065094667879,0.10247057355219204,0.07148661539133767,0.10426569735273707,0.10426569735273707,0.08731776705754175
0.0966538929384547,0.12592933100437623,0.08790643532149223,0.1286680189182287,0.1286680189182287,0.10745917603832059
0.0876337301637878,0.11420834422501956,0.07970239925039849,0.11647558762523595,0.11647558762523595,0.0973956767731733
0.12805562077044064,0.16673338808872912,0.11646699617431945,0.17111330717267317,0.17111330717267317,0.14249305212856828
0.16079122265246695,0.2092707088066119,0.14624074475936377,0.21536157483169094,0.21536157483169094,0.1790150876742174
0.15021675552260985,0.19553002667880248,0.13662303475421958,0.2010682114898577,0.2010682114898577,0.1672175021040866
0.1424891651197552,0.1854886352748112,0.12959462163226257,0.1906229326849334,0.1906229326849334,0.15859608336884004
0.08202490038524056,0.10692011436439582,0.07460104543125685,0.10889420872805147,0.10889420872805147,0.09113808965808595
0.1980143214835447,0.2576391762261878,0.1800959703375215,0.26567553105926617,0.26567553105926617,0.2205436761366233
0.1370153779070998,0.1783758825279613,0.12461609199150728,0.18322408898665793,0.18322408898665793,0.15248915880791777
0.12327019486158662,0.1605151063112875,0.11211454625157019,0.16464491208281135,0.16464491208281135,0.1371541096593236
0.042542893662160144,0.05561637513217502,0.03869129353353915,0.05552691743785502,0.05552691743785502,0.04708931187326023
0.11876297520102182,0.15465833150878536,0.10801513101934536,0.1585525645934511,0.1585525645934511,0.13212555276128843
0.10724344214182205,0.13968961109162764,0.09753786280360394,0.1429817684936171,0.1429817684936171,0.11927358818237012
0.13952588572284025,0.18163808850504262,0.12689945396530022,0.18661750824289378,0.18661750824289378,0.15529004989935188
0.23126078026575173,0.30084031500619884,0.21033435448856916,0.31061431703947184,0.31061431703947184,0.25763565794244436
0.1485049788511792,0.19330570853330312,0.13506613629142078,0.19875442625374404,0.19875442625374404,0.16530772910936647
0.08337872917869446,0.10867930760580288,0.0758323824406925,0.11072416068778998,0.11072416068778998,0.0926485119651337
0.1354136617003107,0.17629457923521108,0.12315929593755372,0.18105907098310303,0.18105907098310303,0.1507021766577434
0.2070293022124414,0.2693534293476849,0.18829529322422126,0.2778609578514989,0.2778609578514989,0.23060139396355228
0.09073947714739966,0.11824401633474883,0.08252714431517734,0.120673583565781,0.120673583565781,0.10086065664860193
0.10430491281425723,0.13587122507581534,0.09486520586807554,0.13900979838356536,0.13900979838356536,0.11599516755213331
0.09035871279924075,0.11774924323560311,0.08218083078127356,0.12015890957710454,0.12015890957710454,0.10043585037474476
0.2020786103960503,0.22118505386404774,0.24392644112743375,0.17457486535197023,0.17457486535197023,0.1666265302783152
0.3125492662315646,0.34195847733233165,0.37721622947287603,0.27118627546378543,0.27118627546378543,0.2579787584501614
0.10529155602292088,0.11537139850331,0.1271467778367422,0.08993036195117775,0.08993036195117775,0.08658977293037386
0.24059289158966096,0.26329127254259327,0.29039634166117234,0.20825728524361972,0.20825728524361972,0.1984753988929096
0.12390948552420043,0.13572568233329538,0.14961047974823324,0.10621255389506527,0.10621255389506527,0.101985620189764
0.25052127097279353,0.2741455972365484,0.30237555529561827,0.21694008634654519,0.21694008634654519,0.20668553915074442
0.1884778201621604,0.20631582016576447,0.2275162330237977,0.16268038067463128,0.16268038067463128,0.1553795390898706
0.2943921411469104,0.32210797368292216,0.3553085170474262,0.2553070770944288,0.2553070770944288,0.24296396722679975
0.391839681850536,0.4286437139691518,0.4728850986014437,0.3405292046187155,0.3405292046187155,0.3235469048930486
0.2678075424932747,0.29304402935629004,0.32323252817063647,0.2320576852649044,0.2320576852649044,0.22098018969152466
0.11369517843162154,0.12455876360182769,0.13728627636437407,0.09727969653067624,0.09727969653067624,0.09353903584497733
0.29637503120801606,0.32427579299412035,0.35770099851282633,0.2570412009977517,0.2570412009977517,0.24460369158556086
0.3151656431097288,0.3448188640139282,0.38037305259196436,0.273474411237685,0.273474411237685,0.2601423362414752
0.07753882294337207,0.08503037663403401,0.09366136136842239,0.06565938558199372,0.06565938558199372,0.063640022288446
0.009702141319611888,0.007143744423855423,0.004495913810736076,0.008671011642359408,0.008671011642359408,0.005182957662456879
0.0399087092330011,0.034234566482130364,0.05225694091635728,0.024663301984286894,0.024663301984286894,0.07185310009740417
0.04106073798883416,0.035217817590210115,0.053761319211596284,0.02543947328700474,0.02543947328700474,0.07393082274856207
0.04633661406704902,0.03972075293251854,0.06065082906128559,0.02899405783003104,0.02899405783003104,0.08344604289988758
0.09365673132299168,0.08010824976433574,0.1224438676183205,0.060875655289590505,0.060875655289590505,0.16878946768881503
0.0762195015984159,0.06522565645950763,0.09967343780575975,0.04912744393411306,0.04912744393411306,0.1373408367507821
0.08669785641327268,0.07416888285936483,0.11335661148824727,0.05618716207552885,0.05618716207552885,0.1562389024765411
0.09378970873551011,0.08022174535856141,0.12261751635073008,0.060965247889587584,0.060965247889587584,0.16902929692978058
0.13052060139708144,0.11157138895676548,0.17058260177506404,0.0857124294705766,0.0857124294705766,0.23527469861249314
0.04147370857334693,0.03557028603578543,0.054300597403019506,0.025717709324900903,0.025717709324900903,0.07467562910288231
0.0970668889829252,0.08301880323869903,0.12689702657027507,0.06317322512018896,0.06317322512018896,0.17493980185207988
0.11516469478165743,0.09846519510636391,0.15053007053485548,0.07536649497739754,0.07536649497739754,0.2075798039821412
0.06947910537185788,0.059472760079879214,0.0908714823569895,0.04458614920209147,0.04458614920209147,0.12518430519999474
0.04309762475564815,0.03695629083609244,0.05642119052673435,0.02681181147498994,0.02681181147498994,0.07760441661661868
0.08602688975160444,0.07359621597910732,0.11248042877359554,0.055735102988261793,0.055735102988261793,0.15502879151007323
0.12038021702177168,0.10291661873258987,0.1573407672441494,0.07888041654486407,0.07888041654486407,0.21698617395427539
0.03855688274389534,0.03308078895130506,0.05049165648327099,0.02375251835863079,0.02375251835863079,0.0694150355068903
0.06822090470852363,0.0583988917496434,0.08922845933400372,0.04373844532057296,0.04373844532057296,0.12291509793873928
0.11186164860362778,0.09564606077647665,0.146216783255141,0.07314109075727057,0.07314109075727057,0.20162264898304563
0.031155468290520853,0.026763716633630526,0.04082650949683725,0.018765867227621236,0.018765867227621236,0.05606633532686443
0.06822294966457647,0.05840063710998684,0.08923112974260684,0.04373982309538588,0.04373982309538588,0.1229187860858364
0.18049435311156425,0.15422375027967042,0.23584089244730286,0.1193818945542673,0.1193818945542673,0.3254040424980452
0.13563680509592566,0.115938044676581,0.17726360323409196,0.0891594358667236,0.0891594358667236,0.24450194425128774
0.056235969973533785,0.04816980649567247,0.07357791624305715,0.03566367951360419,0.03566367951360419,0.10129986459889885
0.07102558956956294,0.06079267704664085,0.09289096081981246,0.04562808209507496,0.04562808209507496,0.12797344152229606
0.057862594340877975,0.04955812271913703,0.07570204585384102,0.03675960628439143,0.03675960628439143,0.10423353641554767
0.07368668535424194,0.06306390974438715,0.09636595631775755,0.04742097673541554,0.04742097673541554,0.13277281737184268
0.10824671899299565,0.0925607354082621,0.14149622257684502,0.07070555725959435,0.07070555725959435,0.19510300171181014
0.059997031038321665,0.051379854370592205,0.07848930287666939,0.03819766805466874,0.03819766805466874,0.10808306486810312
0.045285340848631235,0.03882349620027977,0.05927802251965533,0.02828576986471746,0.02828576986471746,0.08155003625300242
0.022008711480571243,0.018957002848768768,0.028882204854226552,0.012603303912360728,0.012603303912360728,0.03956985143925293
0.05579033536125773,0.04778945945650307,0.07299598368718917,0.03536343631585837,0.03536343631585837,0.10049614757067557
0.07323718190619026,0.06268026067213557,0.09577897163750528,0.0471181269366723,0.0471181269366723,0.13196212276803027
0.08511130213074805,0.07281476626425175,0.11128480745144385,0.05511823224364348,0.05511823224364348,0.15337749840706602
0.08002334093306629,0.06847221538593637,0.10464068650042144,0.05169025403477764,0.05169025403477764,0.14420118907007254
0.13027736216495606,0.11136378541969684,0.17026496749770137,0.08554854874215301,0.08554854874215301,0.2348360084672357
0.13108158258455527,0.1120501837536859,0.17131515981079015,0.08609038661520267,0.08609038661520267,0.23628644707292548
0.12280912739082729,0.10498968227350242,0.16051256310582993,0.08051687788820228,0.08051687788820228,0.22136679558881941
0.07209360931998117,0.06170422686493548,0.09428563584270627,0.04634765291899166,0.04634765291899166,0.12989965110351728
0.07584461141175229,0.06490568945384148,0.09918388695291928,0.04887486429746291,0.04887486429746291,0.13666470967618966
0.058496364910017175,0.05009904290990417,0.07652965600119782,0.03718660476492613,0.03718660476492613,0.10537656297670804
0.083221762737905,0.07120205330690042,0.1088173499021428,0.05384516831650291,0.05384516831650291,0.14996965048930616
0.037657875847791906,0.03231349080680184,0.049317687122766435,0.023146818761144303,0.023146818761144303,0.06779364629926539
0.0950197774358469,0.08127160319109944,0.12422380321212131,0.06179399805813912,0.06179399805813912,0.17124776724853752
0.06189685048051151,0.053001341301561956,0.08097018464219159,0.03947765809303101,0.03947765809303101,0.11150945320099993
0.06474967471241681,0.05543621332448234,0.0846955489899824,0.041399728431372365,0.041399728431372365,0.11665461776081651
0.07949480269702563,0.06802111049500531,0.10395049413631806,0.05133415510137279,0.05133415510137279,0.14324795256493808
0.10944755034868481,0.09358563930507886,0.14306432981253192,0.0715146089720368,0.0715146089720368,0.19726874149504306
0.03520542084958715,0.030220332035989,0.04611514547554708,0.02149449438887894,0.02149449438887894,0.06337056113327857
0.08022943934174512,0.06864811940541579,0.1049098203836946,0.05182911139362598,0.05182911139362598,0.14457289448967375
0.41054666520572586,0.41061438979788767,0.4105646876911368,0.2907446200148471,0.2907446200148471,0.41030120662462355
0.1641250675642082,0.1642877613964732,0.16415062436893899,0.11490482509286926,0.11490482509286926,0.16377699476050392
0.2608325287667666,0.2609579521885212,0.2608551287491235,0.18391265682530158,0.18391265682530158,0.26052472662539905
0.3339234705870373,0.33402072524732973,0.3339438358200852,0.23606837833404495,0.23606837833404495,0.333646104780171
0.23352963375891583,0.23366557953429665,0.23355306852495777,0.16443004854377857,0.16443004854377857,0.23321046221903446
0.10806496948649454,0.10824926850663881,0.10809224032394024,0.07490185358534952,0.07490185358534952,0.10769355228668909
0.23371749356641625,0.23385336694188028,0.23374092258866058,0.16456410022732051,0.16456410022732051,0.23339840025461342
0.19810128200257812,0.1982508816284193,0.19812579998745175,0.1391493338382404,0.1391493338382404,0.19776735748321628
0.18494286473971425,0.18509753553180217,0.18496778504207287,0.12975984275813726,0.12975984275813726,0.1846034608274298
0.09657675887038211,0.09676548537027169,0.09660438095888706,0.0667041768472236,0.0667041768472236,0.09620055778063868
0.11923715594882438,0.11941714928282436,0.11926408519762234,0.08287402402482558,0.08287402402482558,0.11887039104102402
0.1062707590862125,0.10645574958307771,0.10629808478148808,0.07362155351485229,0.07362155351485229,0.10589859474611103
0.38172632966324127,0.38180516142048987,0.381745233327952,0.27017920716193056,0.27017920716193056,0.3814688697950962
0.17677562116837445,0.17693343956165938,0.17680079118350833,0.12393191838621825,0.12393191838621825,0.17643281627436644
0.35003102452941903,0.3501220714458591,0.35005089727537964,0.24756229367682045,0.24756229367682045,0.3497603661870835
0.22173353927918696,0.2218740311907005,0.22175733470981096,0.15601267419815287,0.15601267419815287,0.22140945564119258
0.2841806899165778,0.284297115112757,0.2842025760308998,0.20057327386407517,0.20057327386407517,0.2838826103540284
0.8437365478840523,0.843637323984799,0.843741325625766,0.5998572175366111,0.5998572175366111,0.8436714770752698
0.30322896890530565,0.30333805302181444,0.3032502726201232,0.2141656111553346,0.2141656111553346,0.30293882137614564
0.14852827160591642,0.14869697633931342,0.14855430528135272,0.1037753728492568,0.1037753728492568,0.14817370402615496
0.4205038681369276,0.42056775528949397,0.4205215861817086,0.2978498110296627,0.2978498110296627,0.42026255590763795
0.5521849102185429,0.5521980483758016,0.5521986021266991,0.39181384525538027,0.39181384525538027,0.5519984322565983
0.1498066589526718,0.14997487100411216,0.14983265354152406,0.10468759552387534,0.10468759552387534,0.14945262371555004
0.270084420778908,0.27020627858319113,0.27010673788545614,0.19051455702246647,0.19051455702246647,0.26978047128566673
0.16569569132792736,0.16585777985226988,0.16572120011097063,0.11602557977977676,0.11602557977977676,0.16534827255916995
0.8522818627097741,0.8521793455031842,0.8522863791792163,0.6059549233419463,0.6059549233419463,0.8522203503181359
0.23800064290882467,0.23813486558710065,0.23802394097414337,0.16762043988747058,0.16762043988747058,0.23768333317461515
0.14549782247240584,0.1456676951206858,0.14552394880356578,0.10161292621609609,0.10161292621609609,0.14514199296112154
0.2547498326116339,0.2548776002639152,0.2547726185719067,0.17957220917490038,0.17957220917490038,0.25443949753020245
0.2713331412903913,0.2714545178461182,0.2713554202174163,0.19140561024489347,0.19140561024489347,0.2710297117860055
0.07641353147190087,0.07661002874514142,0.07644177004936292,0.05231624249143727,0.05231624249143727,0.07602893406493344
0.3899647555497004,0.3900404122725626,0.3899834073252427,0.2760579253109067,0.2760579253109067,0.38971072630482817
1.0,0.9998405532085759,0.9999999999999999,0.7113625954614847,0.7113625954614847,1.0
0.11686977867317877,0.11705068437859042,0.11689678030433494,0.08118472755634779,0.08118472755634779,0.11650202794846519
0.10787539117329238,0.10805976325565408,0.10790266780707883,0.07476657562256471,0.07476657562256471,0.10750389502979278
0.25066901470368796,0.250798355075972,0.25069192543462004,0.176660247760337,0.176660247760337,0.25035698029897796
0.013677488203561142,0.014790353631337768,0.015037426228797519,0.021717634926976988,0.021717634926976988,0.023806138372591455
0.008049564740406632,0.008807018583480533,0.008876712272300068,0.01202325783794849,0.01202325783794849,0.013951800264891241
0.015483319336270635,0.016710225636988,0.017014213783780572,0.024828268551297952,0.024828268551297952,0.026968098669961277
0.026080009565275737,0.027976112327450228,0.02861408322299999,0.04308159264999119,0.04308159264999119,0.04552260976500895
0.02970335589871394,0.03182827827272662,0.032580448521280836,0.04932298628486662,0.04932298628486662,0.051866988839237245
0.0021952624593798683,0.002583008564839615,0.0024681884172047313,0.0019389320156456332,0.0019389320156456332,0.0037010791170982472
0.0023003022308725946,0.002694681751283247,0.0025831722101541514,0.002119868227884936,0.002119868227884936,0.0038850008477012985
0.0023957610665895665,0.0027961689518666145,0.0026876680486854934,0.002284300803412757,0.002284300803412757,0.004052146625123649
0.020361300893611944,0.021896258852600006,0.02235398950329709,0.03323083353992826,0.03323083353992826,0.03550930927168185
0.007822601719133416,0.00856572251599805,0.008628262864286444,0.011632302785362456,0.011632302785362456,0.013554394300824026
0.024202146153227796,0.025979659098838377,0.026558444157056625,0.03984687985454059,0.03984687985454059,0.042234522941591544
0.01033304057374156,0.011234699250066881,0.011376362725589277,0.01595665813149556,0.01595665813149556,0.017950103203757475
0.012384919831631402,0.013637196673079022,0.013304023167255454,0.042628510421034764,0.042628510421034764,0.031636217197333165
0.03271399304078519,0.03560252658887451,0.03504983464826276,0.11453884699511381,0.11453884699511381,0.08332564777492038
0.004550109523798787,0.0051717741981514515,0.004923202940445291,0.014914318021126593,0.014914318021126593,0.011715147538686587
0.00438508966963447,0.004993472142662589,0.004746682810759067,0.014330590807776884,0.014330590807776884,0.011295562139588843
0.010007044346108204,0.011067929545117637,0.010760432935595874,0.034217215683888094,0.034217215683888094,0.02559014571308305
0.005358469977012369,0.006045198375586315,0.0057878982388206695,0.017773743616465047,0.017773743616465047,0.013770513816242022
0.006559530316698711,0.007342930266192559,0.007072660778431837,0.022022272429560785,0.022022272429560785,0.016824372908045386
0.004057016872727399,0.00463899325686583,0.004395746537364392,0.013170093966447,0.013170093966447,0.010461392480910695
0.010487612989760652,0.01158717844035302,0.011274492530001972,0.03591713837866375,0.03591713837866375,0.026812056780462813
0.025443003913101444,0.027746306417862417,0.027272128442754624,0.08881906774011195,0.08881906774011195,0.06483817006853042
0.015113828794329725,0.016585751437929272,0.01622311048821351,0.05228152115933521,0.05228152115933521,0.03857483898932099
0.04174858440380313,0.02855736894884552,0.02292165643126974,0.0676278084807634,0.0676278084807634,0.040621179267035984
0.012702291870598502,0.008765254154577403,0.006881762649910097,0.019279584855233404,0.019279584855233404,0.012065164310153682
0.00829183804176338,0.005759975309597967,0.00444622941064263,0.011938282767786954,0.011938282767786954,0.0077291553217817945
0.011876191647341409,0.008202350285466264,0.006425575003288632,0.017904521986694306,0.017904521986694306,0.011253007980589556
0.01569609742356807,0.010805230275741725,0.008534996811095435,0.024262843224640063,0.024262843224640063,0.015008436882750198
0.008573562606924108,0.0059519421476256495,0.0046018028662088446,0.012407219802061647,0.012407219802061647,0.00800612460752641
0.0055102378956259435,0.003864595741235853,0.002910178954796847,0.00730824519075295,0.00730824519075295,0.004994506302931501
0.0063971022407804485,0.0044689042224706115,0.003399921660462006,0.008784451341194436,0.008784451341194436,0.005866401105891526
0.021555270598878483,0.026484314187147927,0.017707449299117963,0.04876641080831569,0.04876641080831569,0.03805854514094338
0.003908507544704775,0.005051399237304785,0.003183028387775458,0.00751768887857412,0.00751768887857412,0.006790329752902512
0.015223154696200421,0.01879362886553879,0.012495710673310926,0.03396530041233933,0.03396530041233933,0.026838699138639403
0.002555575191335098,0.0034081922665053915,0.0020694780496999018,0.004355254484086254,0.004355254484086254,0.004393075361219237
0.010785028650325792,0.01340329309767586,0.008842847507982183,0.02359132833635976,0.02359132833635976,0.01897480474080192
0.014619472124361958,0.018060424867774674,0.01199884109199982,0.032554212471556536,0.032554212471556536,0.025769036865490275
0.00906055937039295,0.011308835134084844,0.007423498384659513,0.019560438728675723,0.019560438728675723,0.015919225838911085
0.00906055937039295,0.011308835134084844,0.007423498384659513,0.019560438728675723,0.019560438728675723,0.015919225838911085
0.02357728110242996,0.028940151499479174,0.019371693985272526,0.053492793133729476,0.053492793133729476,0.041641335919503475
0.009230541698919984,0.011515287545731783,0.007563404773125063,0.019957766770133344,0.019957766770133344,0.01622041671704706
0.007774581007207094,0.00974694727958781,0.0063650554865228495,0.01655450706019493,0.01655450706019493,0.013640606903471518
0.11319620492795697,0.051213521005728825,0.035841900862292934,0.04621426063384133,0.04621426063384133,0.05519401843922117
0.3329825418871201,0.15060058897682718,0.10585700691519072,0.14043918222815008,0.14043918222815008,0.1635287687011375
0.02732822961548783,0.012384145090033783,0.008487810152062878,0.009401675496746312,0.009401675496746312,0.012868886724135694
0.17280392665067135,0.07816804771754379,0.05483052870753931,0.07176877409198092,0.07176877409198092,0.08457522445891975
0.4367844345355147,0.19753965672284213,0.1389241239290168,0.1849402432652295,0.1849402432652295,0.2146936967506344
0.7127132817480671,0.32231428772365894,0.22682398052579078,0.3032341024464829,0.3032341024464829,0.3507016177452159
0.5324009863655189,0.24077732503002347,0.16938371986847697,0.22593215488243934,0.22593215488243934,0.2618239934138603
0.4467953054661424,0.20206655827367445,0.14211318563133726,0.18923201836635603,0.18923201836635603,0.21962814907910347
0.49560449296121717,0.22413800321562463,0.1576618338599048,0.21015707644064316,0.21015707644064316,0.24368665613156162
0.04207512974235004,0.1036751755307063,0.11003780611566216,0.0801603235291192,0.0801603235291192,0.1107952958728628
0.014316468289224773,0.0357734935447638,0.03784663041081928,0.02611373373793979,0.02611373373793979,0.03781619498303696
0.04991159383739544,0.12284429482612248,0.1304178794612529,0.09541805348390923,0.09541805348390923,0.13139780600389173
0.054652204254905884,0.13444051035447602,0.14274665259667993,0.10464810324793099,0.10464810324793099,0.14386114061111221
0.04898754657406618,0.12058394219634899,0.1280147355467227,0.09361891761876125,0.09361891761876125,0.1289684331549397
0.07697314007206989,0.18904073263266744,0.20079608708380242,0.1481073479922299,0.1481073479922299,0.20254415130695896
0.08702786490580194,0.21363603703050849,0.22694512918950796,0.167684069638897,0.167684069638897,0.22897859517592853
0.010053049240790306,0.025344556800516952,0.02675887554379724,0.01781278375129353,0.01781278375129353,0.026607423645243447
0.039446889566702836,0.09724612170580073,0.10320261528216064,0.07504309484409165,0.07504309484409165,0.10388550286050356
0.11711114480747088,0.2872240703881917,0.3051818751805449,0.22625673140662347,0.22625673140662347,0.30806925027643184
0.01885387440949041,0.04687264210924397,0.04964693580470371,0.03494814125114406,0.03494814125114406,0.04974529392709636
0.018974648978669087,0.047168074091877864,0.04996103085424267,0.03518329140810063,0.03518329140810063,0.050062817143548995
0.06058250591769152,0.14894688193392552,0.15816942253260852,0.11619450226460401,0.11619450226460401,0.15945224121538176
0.03756655734072779,0.09264655839286215,0.09831248776869722,0.07138205576048814,0.07138205576048814,0.09894200241623503
0.07460109950061851,0.18323837992151717,0.1946271874067835,0.1434889443292956,0.1434889443292956,0.19630792163604951
0.05979832221319836,0.14702865570349405,0.15613001786997605,0.11466768314656986,0.11466768314656986,0.1573905776231728
0.05213192366237365,0.1282755412114773,0.13619222923630875,0.09974107372227194,0.09974107372227194,0.13723517948745828
0.024062365307764927,0.05961336064851973,0.0631925126413014,0.04508916233335626,0.04508916233335626,0.06343871294842746
0.04558693650920332,0.11226556043386975,0.11917086391009044,0.08699787151660109,0.08699787151660109,0.12002803574313864
0.04768796014882265,0.11740496671479894,0.12463493742040413,0.09108860056648083,0.09108860056648083,0.12555174647489026
0.020083545741495644,0.04988059520792082,0.05284490770035517,0.03734233241814566,0.03734233241814566,0.05297816984769062
0.08353000778523678,0.20507977497032404,0.21784834985064952,0.16087368185191467,0.16087368185191467,0.21978252971971105
0.04030836365589282,0.0993534113437426,0.10544302689000787,0.07672039966632899,0.07672039966632899,0.106150367273189
0.019875402335038764,0.04937144647189217,0.05230359495540502,0.03693707363700773,0.03693707363700773,0.0524309489852935
0.03174678493274176,0.078410557282184,0.08317716817929342,0.0600508590980125,0.0600508590980125,0.08364148951378676
0.05630109916746447,0.13847394468162677,0.14703488755182534,0.10785852991415569,0.10785852991415569,0.14819617918577616
0.03173824160869928,0.07838965908169926,0.08315494979502097,0.06003422509962042,0.06003422509962042,0.08361902862862183
0.03448982602520981,0.08512043067610328,0.0903109185514559,0.06539160713643341,0.06539160713643341,0.09085310067054972
0.021397749260218087,0.05309532620436269,0.05626272009351483,0.03990110920204998,0.03990110920204998,0.05643328569845191
0.0690720670889532,0.16971357069608536,0.18024798720715132,0.13272382342459987,0.13272382342459987,0.18177178073187023
0.02699952355763238,0.02090251933436024,0.01740920586082533,0.01759251115854859,0.01759251115854859,0.01403477926099861
0.005350347359524576,0.004255868316849489,0.0033716251959854254,0.0017195774934231616,0.0017195774934231616,0.0023131146854888686
0.12951036685514714,0.09972594514368083,0.0838784432415715,0.09275231404101286,0.09275231404101286,0.06953794065109031
0.007237745079913126,0.005707140683753669,0.0045954360931827485,0.0031033963760120926,0.0031033963760120926,0.0033350216068667813
0.18637585264821774,0.26031996244571565,0.23405694256154094,0.14768786324602015,0.14768786324602015,0.2509549156136676
0.044339167232620026,0.06221260001628898,0.05577679982698602,0.0334758426028719,0.0334758426028719,0.05948189210814064
0.10375724167083207,0.14508666859334185,0.1303565660392267,0.08125405091896068,0.08125405091896068,0.13958062385671727
0.1515855810316353,0.21179581582825574,0.19038924804001606,0.11971292699326597,0.11971292699326597,0.20405577490565702
0.045967051467164,0.06448311098394732,0.05782007078082905,0.03478482800517398,0.03478482800517398,0.06167636683411085
0.04460305930711551,0.06258066663718598,0.05610802916094235,0.03368803881803739,0.03368803881803739,0.05983763269188455
0.08813543061541468,0.12329796115128726,0.11074854226295361,0.06869251724528934,0.06869251724528934,0.11852158980040464
0.17199186035473069,0.2402577174973061,0.21600259137985672,0.13612166244410942,0.13612166244410942,0.23156452723297882
0.11829634552742455,0.16536525724590934,0.14860560855385285,0.09294497728029677,0.09294497728029677,0.1591801108930215
0.16319998102168873,0.22799513885172282,0.20496729090228316,0.12905209234720552,0.12905209234720552,0.21971260522235406
0.06093542976084769,0.08536043528175805,0.07660792555858982,0.04682093491424805,0.04682093491424805,0.08185453869499396
0.26111960925143324,0.36456970916012327,0.32787304054177985,0.20778948732387578,0.20778948732387578,0.3517134838885033
0.057272427840436055,0.08025141962919352,0.07201023656509391,0.04387550676851349,0.04387550676851349,0.07691661684223051
0.07402665076666427,0.10361957204529612,0.0930396294008585,0.05734761539391058,0.05734761539391058,0.099502202466001
0.06731037256273639,0.0942519628503248,0.08460956055394248,0.05194704086890198,0.05194704086890198,0.09044830142172106
0.046577751705470856,0.06533489243105724,0.058586603211058644,0.0352758934508382,0.0352758934508382,0.06249962331001368
0.21646787073736926,0.3022911638742569,0.2718275316484896,0.171884923189625,0.171884923189625,0.29152056011638083
0.050865623069325606,0.0713154521987287,0.06396860939163575,0.03872378053219897,0.03872378053219897,0.06827990248252298
0.07356618908440542,0.10297733761758325,0.09246167185280178,0.05697735711165308,0.05697735711165308,0.09888147557243424
0.1236652747646386,0.17285363538668722,0.15534452581273964,0.09726214544764795,0.09726214544764795,0.1664177137068908
0.04569371325591102,0.06410186925105231,0.05747698494230499,0.03456503613003384,0.03456503613003384,0.061307892354471594
0.08360630791754675,0.11698091320576168,0.10506372471968577,0.06505063941949604,0.06505063941949604,0.11241609096923402
0.1282140012732147,0.1648127978908835,0.1767812934550074,0.19926561484136776,0.19926561484136776,0.26681457996939967
0.1822877737161945,0.2341831251308005,0.25126719338879117,0.284105827695275,0.284105827695275,0.37935205899930846
0.11741164247740918,0.15095463466733147,0.16190118836965084,0.18231702076044198,0.18231702076044198,0.24433288188298588
0.12918595888607678,0.16605970585793303,0.17812015209609572,0.20079058872491087,0.20079058872491087,0.26883740276377327
0.08908106774029399,0.11460981995182419,0.12287619973656524,0.13786715380313067,0.13786715380313067,0.18537173831296147
0.12643363756392295,0.16252879942841497,0.17432886620414595,0.19647227475744888,0.19647227475744888,0.2631093152070548
0.06051561153706135,0.07796367977979653,0.08352766501836098,0.093048764497913,0.093048764497913,0.12592176315465492
0.05503424812319474,0.07093173145139392,0.07597716006373621,0.08444866101424278,0.08444866101424278,0.11451403640701967
0.11953631993266982,0.15368034740553788,0.16482790321076887,0.18565057933063953,0.18565057933063953,0.24875472696174095
0.10116726614653816,0.13011499927719544,0.13952477675265312,0.15683005576196066,0.15683005576196066,0.21052534306891377
0.07645646251718086,0.09841392763590309,0.10548597451519896,0.11805950684350894,0.11805950684350894,0.15909760981461918
0.08107420627523826,0.10433795292828145,0.11184685491882193,0.12530461562062464,0.12530461562062464,0.1687079850087276
0.05968850246916621,0.07690259555891123,0.08238833331498246,0.09175105386661545,0.09175105386661545,0.12420039685860355
0.06872228639673668,0.08849188402461036,0.09483225012071285,0.10592480422034699,0.10592480422034699,0.1430013649320207
0.09760315627566835,0.12554266306148248,0.13461526296804413,0.15123806862257325,0.15123806862257325,0.2031077740380818
0.08815865310503733,0.1134264698320204,0.12160558588598479,0.1364199114440507,0.1364199114440507,0.18345202357914037
0.10606615137992292,0.1363996962087634,0.1462729257867485,0.16451626752729467,0.16451626752729467,0.22072082545001293
0.09067067108902657,0.11664909517715688,0.12506585713642498,0.14036119630038693,0.14036119630038693,0.18867999563331955
0.18296834301297954,0.2350562159601337,0.2522046685130168,0.2851736215885522,0.2851736215885522,0.38076844904396656
0.3311142815396485,0.4251101324997381,0.4562737218480692,0.5176103906580309,0.5176103906580309,0.6890874306332677
0.0330623852326822,0.0427444005158153,0.04571121214328544,0.04997543230815207,0.04997543230815207,0.0687865432513225
0.06983755055425879,0.0899226375317351,0.09636851161466585,0.10767462200145858,0.10767462200145858,0.14532243503809295
0.07218198792423919,0.09293027654416997,0.09959794280564715,0.11135297763498743,0.11135297763498743,0.15020164097178876
0.09665661679689898,0.12432836358835124,0.13331141746746739,0.14975297506935206,0.14975297506935206,0.2011378510619234
0.16424313689787695,0.21103396603833818,0.22641094697454328,0.25579430513317075,0.25579430513317075,0.34179784656323176
0.10103599715266184,0.12994659650723417,0.1393439554653536,0.15662409843961317,0.15662409843961317,0.21025214811730927
0.04282289898235687,0.055265998367317604,0.059156189580863376,0.06528940110807428,0.06528940110807428,0.0890999699238082
0.05725064972574899,0.07377511554534438,0.07903022369370619,0.08792613216587604,0.08792613216587604,0.11912677632880568
0.1328312476118182,0.17073618505226543,0.18314148866997065,0.20650994318149088,0.20650994318149088,0.2764239199420166
0.06619579350663986,0.08525068906747743,0.09135203988027495,0.10196080864752606,0.10196080864752606,0.1377432679324392
0.051226999623273234,0.06604747680461966,0.07073272606225721,0.07847519627287175,0.07847519627287175,0.10659045111114683
0.07035407091515745,0.09058527275844146,0.09708001151891668,0.10848502777457586,0.10848502777457586,0.1463974090348573
0.15222125482701818,0.195611297050807,0.20985096485215687,0.23693231367748407,0.23693231367748407,0.31677809594612927
0.013786565581783844,0.02816895499044305,0.016883983172775115,0.032575329841913345,0.032575329841913345,0.024904728046446993
0.0018164341243146627,0.0042243470042202655,0.00231969250370096,0.0029308541743597013,0.0029308541743597013,0.003177643853117108
0.007017632545442866,0.014628631843946418,0.008648091310513792,0.015811815472495088,0.015811815472495088,0.01261838194388823
0.006492270655166995,0.01357771736082207,0.008008873328353908,0.01451073721547853,0.01451073721547853,0.011664793250017347
0.07247443736065765,0.08031899495002258,0.07116133349494771,0.05789814400328791,0.05789814400328791,0.05248449031337
0.2470760027850235,0.27318270290035435,0.2425419562302873,0.20260722095141862,0.20260722095141862,0.1801669510239687
0.6869047998644372,0.7590146166171607,0.6742570611733621,0.5671355634429379,0.5671355634429379,0.501804520343523
0.3357757659199646,0.3711598611860933,0.3296054404871241,0.276121228787364,0.276121228787364,0.24503122640426295
0.2513967009445278,0.27795531685688357,0.2467829487977225,0.20618819825201556,0.20618819825201556,0.18332658691642145
0.1451138762027822,0.16055602767349017,0.14246076448029935,0.11810141949698597,0.11810141949698597,0.10560418757070746
0.20885249872707504,0.23096127890823173,0.2050235759531319,0.17092773413521992,0.17092773413521992,0.15221490464203324
0.2183620808555781,0.2414654989929926,0.214357731137678,0.17880923765229018,0.17880923765229018,0.1591690624901928
0.1322765549998226,0.14637600951996052,0.12986025831261652,0.10746189918540168,0.10746189918540168,0.09621652397134382
0.11254127538785606,0.12457655317402504,0.11048904304582094,0.0911053786180185,0.0911053786180185,0.0817845281439115
0.17998824871622202,0.19907802361914914,0.17669179593944484,0.14700515952531484,0.14700515952531484,0.13110708433701934
0.10384751107654766,0.11497347993095312,0.10195565597128341,0.08390002163489904,0.08390002163489904,0.07542696074520058
0.18197774843107756,0.20127561154478188,0.17864459458265874,0.14865404890740935,0.14865404890740935,0.13256196372803963
0.38596191987140765,0.42659514732065135,0.3788657910228453,0.31771531184291385,0.31771531184291385,0.28173130761228027
0.1558748694300861,0.17244254799191916,0.15302324549851792,0.12702008751226665,0.12702008751226665,0.11347347609405367
0.0707891753533772,0.07845746593794327,0.06950716016850611,0.0565014056126751,0.0565014056126751,0.05125209357334844
0.1662429575173813,0.18389506795078295,0.16320006944999169,0.13561311732378525,0.13561311732378525,0.12105544133378428
0.054279221995436146,0.0602206831521734,0.05330177231337244,0.04281802250509769,0.04281802250509769,0.03917871115071325
0.18536511538586056,0.20501727416676382,0.1819694734675236,0.15146148504991971,0.15146148504991971,0.13503907409681132
0.12910921105150422,0.1428773828224161,0.12675134358461568,0.10483681722794955,0.10483681722794955,0.09390031180992824
0.11678840668202245,0.12926790566879778,0.11465782586437069,0.09462538399576276,0.09462538399576276,0.08489036613157297
0.3364949788271498,0.37195429889773884,0.33031138579530683,0.2767173095594635,0.2767173095594635,0.2455571717103147
0.12946639754242126,0.143271928603839,0.12710194091802002,0.10513285195864233,0.10513285195864233,0.09416151479503333
0.13589159204312518,0.15036915498148357,0.1334086073677164,0.11045802738389837,0.11045802738389837,0.09886012469810122
0.23884600012086504,0.26409189763527624,0.2344637756122105,0.19578622776091406,0.19578622776091406,0.17414852278559342
0.2623328026710374,0.29003526083888825,0.257517308020854,0.21525199548892862,0.21525199548892862,0.19132392861051437
0.12002215440615906,0.13283988152787504,0.11783191939202343,0.09730550113621093,0.09730550113621093,0.0872551379807344
0.1608294042135808,0.177915293595266,0.1578863820602977,0.13112638606396834,0.13112638606396834,0.11709662340831352
0.2322210135016645,0.2567739822351773,0.22796100268659367,0.19029546542938436,0.19029546542938436,0.16930380909898707
0.1679076014426657,0.18573382236897526,0.16483400504417986,0.13699276753075648,0.13699276753075648,0.12227276050312091
0.10725714168794608,0.11873973483741393,0.10530238780646885,0.08672590980669376,0.08672590980669376,0.07792035205884329
0.36027730721926504,0.39822409794706465,0.3536549923662492,0.2964280079196745,0.2964280079196745,0.2629486893817195
0.12238500596260457,0.13544987137192196,0.120151182510831,0.099263823026783,0.099263823026783,0.08898304173857054
0.2386275258905128,0.26385057247845467,0.2342493316605862,0.19560515719528435,0.19560515719528435,0.17398875716570664
0.1558916155718012,0.17246104566676634,0.15303968271767207,0.12703396664733707,0.12703396664733707,0.11348572219606538
0.20223496559291526,0.22365159657728445,0.1985281190152311,0.16544314922218975,0.16544314922218975,0.14737564153262286
0.18774480988252815,0.20764586860863388,0.1843052688183128,0.15343376630177644,0.15343376630177644,0.13677929474337594
0.019419734751232397,0.018781535955573546,0.026946591656183252,0.03421454224721826,0.03421454224721826,0.029900101403568063
0.02250158293246099,0.021728752479794087,0.031196149995449802,0.03992905884370799,0.03992905884370799,0.03467938860430951
0.016771428494003742,0.016248921918956927,0.02329484397799253,0.029303920707941924,0.029303920707941924,0.02579314497530863
0.02140650094116234,0.020681509542977823,0.02968614219018257,0.03789850320118493,0.03789850320118493,0.032981150716844966
0.024980722523220027,0.024099589957200778,0.034614633873496004,0.04452600311328571,0.04452600311328571,0.038524003724267376
0.022337702724318547,0.021572031438059466,0.030970175689059787,0.03962518398868745,0.03962518398868745,0.034425245461892365
0.014151438810586992,0.013743387436341717,0.019682142003972045,0.02444580517204026,0.02444580517204026,0.021730101495004383
0.047660204499689614,0.045788310527195425,0.06588735598563145,0.0865794296719745,0.0865794296719745,0.07369502823799823
0.19474874366616854,0.17321815651507877,0.3078374069675049,0.06146171262761471,0.06146171262761471,0.4541381923251319
0.1632626160114674,0.14524298002573457,0.2581066990836791,0.05114473689122175,0.05114473689122175,0.38072625227647977
0.26507503966332147,0.23570251673676088,0.41891414911695385,0.08450534306035495,0.08450534306035495,0.6181084932209903
0.10646996932712527,0.09478316065019379,0.1684056550816345,0.032535641346873,0.032535641346873,0.24831052877696907
0.11320532763090865,0.10076747346673594,0.17904380468109274,0.034742598294964726,0.034742598294964726,0.26401445164185994
0.08153124808934968,0.07262530320591196,0.12901623652648217,0.02436403686351309,0.02436403686351309,0.19016428963078189
0.0607548149166011,0.05416560593221669,0.09620093639453604,0.017556278244137975,0.017556278244137975,0.14172269391505987
0.20524714815967227,0.182545906239756,0.3244190931258764,0.06490169691587458,0.06490169691587458,0.47861590040456675
0.10582549923166719,0.09421055404514332,0.16738774794460673,0.03232446954414803,0.03232446954414803,0.2468079051285556
0.14321113375397598,0.12742739593174954,0.22643642137532669,0.044574521010820684,0.044574521010820684,0.3339749264381058
0.09535127906862878,0.08490429190764934,0.15084425968363704,0.028892409671152794,0.028892409671152794,0.22238658437746123
0.07978400815536067,0.0710728942828898,0.1262565615447545,0.023791523399732797,0.023791523399732797,0.18609048688529056
0.14474062563705312,0.12878633742615442,0.2288521745883654,0.04507568554968581,0.04507568554968581,0.3375410355403978
0.1985145066959596,0.17656400731422342,0.3137852346345977,0.06269563018754555,0.06269563018754555,0.4629183120277583
0.1092468025711837,0.09725035512186501,0.17279151937135598,0.0334455189131822,0.0334455189131822,0.25478489481757943
0.06885705554447628,0.06136438293044503,0.1089980058305791,0.020211117889232435,0.020211117889232435,0.1606135911938975
0.16371009293261926,0.14564055974660134,0.2588134657046686,0.05129136046426791,0.05129136046426791,0.3817695736168813
0.16499466836407758,0.14678189490229354,0.2608423860672225,0.05171227388059091,0.05171227388059091,0.38476464419514944
0.15545317057416175,0.13830434924876417,0.24577208448653173,0.04858583666776614,0.04858583666776614,0.3625180258936111
0.08660603811123536,0.07713421417983472,0.13703160452974533,0.026026879817631215,0.026026879817631215,0.2019964903044187
0.04375625920805716,0.03906252303724965,0.06935259805140165,0.011986406689209344,0.011986406689209344,0.10208946348816811
0.13764361583533474,0.1224807001014568,0.21764281517877135,0.0427502272167892,0.0427502272167892,0.320993898852071
0.07807422498365779,0.06955376539821233,0.12355604757907661,0.023231283293664442,0.023231283293664442,0.18210401700008366
0.06996859944028468,0.06235198092921799,0.11075363184431798,0.02057533452230826,0.02057533452230826,0.16320522757215972
0.10957260068785794,0.0975398241830913,0.17330610062272833,0.033552272315872815,0.033552272315872815,0.25554451416714025
0.08370498737607583,0.0745566534454485,0.13244954514637003,0.025076300236270187,0.025076300236270187,0.19523250316115276
0.11689083253270971,0.10404201555113969,0.18486486879179836,0.03595021788747952,0.03595021788747952,0.27260744433588646
0.11083704477977603,0.09866327280212261,0.1753032245771318,0.03396658934969189,0.03396658934969189,0.25849264722715803
0.07422441806512245,0.06613324226570688,0.11747547694255928,0.021969827296156392,0.021969827296156392,0.1731279435431686
0.2072488357547084,0.18432438990601607,0.3275806550097354,0.06555758456824974,0.06555758456824974,0.48328296430440393
0.1609857258787785,0.14321998107180292,0.25451046904503827,0.05039867435501538,0.05039867435501538,0.37541753588710924
0.15246371119080013,0.1356482381266084,0.24105038822223038,0.047606288459700954,0.047606288459700954,0.35554790827749777
0.1972198210563693,0.17541368931821702,0.3117403457219329,0.062271403986203996,0.062271403986203996,0.45989966884629796
0.048806686746030226,0.043549788136054056,0.07732948677311993,0.013641266852996402,0.013641266852996402,0.11386486145719663
0.05923712569940481,0.05281715101350899,0.093803824880966,0.017058981053422267,0.017058981053422267,0.1381841034905031
0.18185876275830307,0.1617655099782801,0.2874783497284849,0.057238086854149335,0.057238086854149335,0.4240843693839928
0.06936813324629947,0.06181847144412535,0.10980522659059247,0.02037858136098565,0.02037858136098565,0.16180520186186878
0.07404644277131109,0.06597511261858997,0.11719437418377814,0.021911510604816442,0.021911510604816442,0.17271298265173388
0.19899231424150712,0.17698853555603272,0.31453990690591993,0.06285219211564735,0.06285219211564735,0.46403235117773595
0.08874575008953514,0.07903533142377633,0.14041116877833468,0.0267279935527047,0.0267279935527047,0.20698536696765846
0.07348022657756134,0.06547203398901107,0.11630006503152976,0.021725980050010456,0.021725980050010456,0.1713928130289087
0.07958585698364727,0.07089683852712825,0.12594359203178723,0.02372659573212233,0.02372659573212233,0.18562848463153858
0.2033071461957494,0.18082222977100762,0.3213549605015049,0.06426602163024261,0.06426602163024261,0.47409266053742144
0.06368851227097072,0.05677217293070115,0.10083455942210214,0.01851755505641796,0.01851755505641796,0.14856279875938225
0.07075911082413307,0.06305434406902735,0.11200220363250779,0.020834359285719847,0.020834359285719847,0.16504835591602224
0.15822893489753662,0.14077059399282504,0.2501562604713957,0.0494953639836769,0.0494953639836769,0.3689898996766153
0.17839608328066073,0.1586889465286426,0.2820092268345416,0.05610347987594229,0.05610347987594229,0.4160109085567951
0.05388321376402668,0.04806024241734358,0.08534759827177661,0.015304678964011987,0.015304678964011987,0.12570111204944356
0.20399766895732385,0.18143575380726903,0.32244560543947853,0.06449228338763363,0.06449228338763363,0.47570265895103586
0.11834313943476206,0.10533237879768331,0.18715871232491527,0.036426091428824095,0.036426091428824095,0.27599359167019644
0.038653454556590056,0.034528721285539965,0.061292982391663704,0.010314384255898822,0.010314384255898822,0.09019194489643509
0.08190639471091456,0.07295861802514764,0.1296087611854445,0.024486960159598264,0.024486960159598264,0.19103896820649624
0.11284719466355699,0.10044927514529771,0.17847815220777966,0.03462524981772136,0.03462524981772136,0.26317944149971123
0.09785005931987831,0.08712443848468822,0.15479095367228982,0.029711178352568278,0.029711178352568278,0.22821265190825513
0.15317717120870913,0.13628214173450778,0.24217726136860546,0.04784006600689179,0.04784006600689179,0.357211386385579
0.110737813309653,0.09857510642229869,0.17514649360952314,0.03393407443770356,0.03393407443770356,0.25826128264604786
0.2122231472323402,0.1887440264845696,0.3354373223563893,0.06718750398491469,0.06718750398491469,0.49488089276305675
0.18396208689500027,0.16363429691148737,0.29080044126588206,0.05792727748190933,0.05792727748190933,0.4289884054445543
0.09037006414491569,0.08047852167161264,0.14297668870144478,0.027260228220664613,0.027260228220664613,0.21077256008843512
0.14098911488304272,0.12545314966181387,0.2229268576527064,0.04384643799506747,0.04384643799506747,0.3287941459391875
0.15124416176759117,0.13456467806721017,0.23912417307184378,0.04720668194261628,0.04720668194261628,0.352704450036941
0.1036502011022775,0.09227781878617505,0.16395197721346827,0.031611695389559866,0.031611695389559866,0.24173605705584228
0.15392644006951708,0.13694786121735258,0.2433606927277083,0.048085576942430305,0.048085576942430305,0.35895835512346835
0.098377838907382,0.08759336649227967,0.15562455419570234,0.0298841144867971,0.0298841144867971,0.22944320410132354
0.07598751365591748,0.06769973881494866,0.12026019511300717,0.022547536140846848,0.022547536140846848,0.17723871477648545
0.13335630858869402,0.1186714613724475,0.21087123543326824,0.041345416649953746,0.041345416649953746,0.3109977651257458
0.05641357171380281,0.05030844553087039,0.08934416759976267,0.016133794625948,0.016133794625948,0.1316008050236877
0.0492785261510947,0.043969013732039174,0.07807473267565429,0.01379587321637362,0.01379587321637362,0.11496498550220642
0.11336526488818509,0.10090957646042883,0.1792964172954028,0.03479500451083103,0.03479500451083103,0.26438735568618976
0.19891989486519657,0.17692419151043412,0.3144255242518214,0.06282846265115319,0.06282846265115319,0.46386350072491506
0.08259308717337292,0.07356873887080542,0.13069335636434526,0.024711966853061547,0.024711966853061547,0.19264003603035515
0.16847685564419476,0.1498757908808193,0.2663423205248161,0.05285327292856946,0.05285327292856946,0.3928835887236607
0.13817620556591442,0.12295390188329465,0.21848401307404283,0.04292473947781098,0.04292473947781098,0.32223566620436733
0.16363428864081073,0.14557320823023676,0.2586937367518544,0.05126652187351201,0.05126652187351201,0.38159283101497393
0.037241488297966335,0.051120582270869686,0.05023428226456833,0.04859017257799898,0.04859017257799898,0.06077747458693675
0.015347157139142666,0.0212774463220847,0.02079333072513377,0.018862524907755585,0.018862524907755585,0.024937923262986002
0.02328490809000094,0.03209702235917192,0.031467095517539276,0.029640230874176728,0.029640230874176728,0.03793148906485215
0.015315411940175619,0.021234175930236576,0.020750643471633363,0.018819421965570758,0.018819421965570758,0.024885958501906277
0.10234230505890447,0.13985645234062702,0.13777429330820162,0.13698264867948057,0.13698264867948057,0.16734314433083547
0.1161571505118627,0.15868682025519718,0.15635089163198312,0.15574014600905287,0.15574014600905287,0.18995711956726127
0.05738916837610005,0.07858294005027382,0.07732654046188316,0.07594625531881202,0.07594625531881202,0.09375787526603241
0.04114765944705485,0.05644490096303901,0.055486847171476006,0.05389388698778925,0.05389388698778925,0.06717161471217523
0.029021960914371966,0.03991692999375911,0.03918161727918775,0.03742987668666108,0.03742987668666108,0.04732265966767722
0.013957443028933671,0.019383192196664772,0.018924604730467226,0.016975601250167203,0.016975601250167203,0.02266305449366161
0.036907831140061215,0.05066578984759738,0.04978561890301544,0.04813714013042587,0.04813714013042587,0.060231300202864504
0.09930728263651749,0.13571955562056426,0.13369314794639953,0.13286176110408424,0.13286176110408424,0.16237501623012196
0.019570538409719077,0.027034139253559283,0.02647244293082839,0.024596940336025098,0.024596940336025098,0.031851315077032524
0.10800938234790282,0.16848793044274651,0.131679001164934,0.03656693517399461,0.03656693517399461,0.1435749374881685
0.22889686219499844,0.35658497490981605,0.278935015541778,0.08011192687999007,0.08011192687999007,0.30459924935689076
0.18336315101387954,0.2857359795662226,0.22346928131687022,0.0637101863669699,0.0637101863669699,0.2439475216590123
0.3078976703646869,0.47950770062155845,0.3751678442708769,0.10856888156931943,0.10856888156931943,0.40982975617767337
0.2229104746581415,0.34727034775288024,0.2716428495514888,0.07795556464983168,0.07795556464983168,0.296625272772044
0.17958593523254404,0.27985875286183404,0.2188681618121513,0.06234959195241142,0.06234959195241142,0.23891620185038911
0.10615625099910463,0.16560451745275698,0.12942165626134297,0.03589941700490379,0.03589941700490379,0.14110653297994302
0.11706396482391516,0.18257657059618054,0.14270861092229242,0.03982849476079314,0.03982849476079314,0.15563580528277085
0.3515568941475444,0.5474400536466115,0.42835021926274647,0.12429541123078133,0.12429541123078133,0.46798463272278223
0.30828692420953063,0.4801133671294148,0.37564200395925035,0.1087090950593077,0.1087090950593077,0.4103482493465896
0.2463248647932473,0.38370238842394827,0.3001644944291987,0.0863896839277233,0.0863896839277233,0.32781366435817055
0.07208965463993079,0.11259798527656992,0.08792429681947372,0.023628256601956894,0.023628256601956894,0.09572920984123684
0.015677426859834687,0.024822366737243345,0.01920717379298015,0.0033079554929580715,0.0033079554929580715,0.020587101073967027
0.28565850044407404,0.44490426494104585,0.34807776405991514,0.1005580894594484,0.1005580894594484,0.3802067791950466
0.25450359424366065,0.3964282293386928,0.31012720606035954,0.08933575168043263,0.08933575168043263,0.3387078800650331
0.4524110608606767,0.7043659049003885,0.5512031618690311,0.16062418455448083,0.16062418455448083,0.6023242087865452
0.3291234160515165,0.5125342806722983,0.4010234474811718,0.11621462719207239,0.11621462719207239,0.4381028337324816
0.6424111792289661,1.0,0.7826469821673091,0.22906430415123408,0.22906430415123408,0.8554078064752985
0.3243900229988396,0.5051692727770587,0.3952575849096477,0.11450960727205473,0.11450960727205473,0.43179786848648966
0.2812405394294394,0.4380300591881042,0.34269613701706286,0.09896669160763602,0.09896669160763602,0.37432197513474025
0.18629141601699956,0.29029226606669317,0.2270362729850236,0.06476497943102502,0.06476497943102502,0.24784802366048564
0.5193954893661052,0.8085915289528001,0.6327985427926501,0.18475270793332116,0.18475270793332116,0.6915486803335499
0.1909377273873875,0.2975217776550656,0.23269605921617467,0.06643863157716064,0.06643863157716064,0.25403699452902273
0.04694318956896951,0.061823218509780224,0.06313939316206056,0.030980692335957682,0.030980692335957682,0.05087206047961996
0.03405664943824092,0.0449449761262222,0.04584937358463091,0.021868643705918015,0.021868643705918015,0.03680183182215127
0.08670437535663086,0.11390072918167597,0.1164874348952464,0.059095753074508935,0.059095753074508935,0.09428549574223602
0.22931672291345206,0.3006883187544991,0.3078320670638834,0.15993667957604318,0.15993667957604318,0.2499974493889764
0.06525781530031385,0.08581093663442019,0.08771233781872204,0.04393093022851993,0.04393093022851993,0.07086896959578357
0.03850228123963281,0.050767675650745685,0.05181412906595839,0.025012141708841126,0.025012141708841126,0.04165581553988652
0.047163729527295584,0.06211207237079534,0.06343529416872185,0.031136635731527626,0.031136635731527626,0.05111285805680339
0.044008373258186004,0.05797932088154827,0.059201716256169656,0.028905489164834604,0.028905489164834604,0.0476676676680905
0.06453787411714286,0.08486798828147245,0.0867463844266287,0.04342186115293623,0.04342186115293623,0.07008289847317171
0.06743645648015902,0.0886644282254287,0.09063544582673533,0.045471443366784124,0.045471443366784124,0.07324772908064349
0.09316562893750768,0.12236340441749238,0.12515657337421698,0.0636644934999996,0.0636644934999996,0.10134024545585718
0.05102821685151294,0.06717361356685263,0.06862032139981843,0.03386920755229683,0.03386920755229683,0.055332316479624694
0.08759180679559565,0.1150630491507048,0.11767811189602954,0.059723254199375714,0.059723254199375714,0.09525444187807945
0.053488321736114355,0.07039575435173763,0.07192107250801243,0.03560874315425665,0.03560874315425665,0.05801839341699894
0.050845245424665696,0.06693396537111784,0.06837482652530551,0.03373982879566966,0.03373982879566966,0.055132538277919106
0.16927453575391593,0.22204761474574133,0.2272727717892269,0.11748096037589638,0.11748096037589638,0.18444010863971516
0.019298555839684307,0.0256154525808211,0.02604826912555869,0.0114332230893276,0.0114332230893276,0.020688138823604266
0.10849732661526883,0.1424442101986835,0.14572728904456314,0.07450550849732201,0.07450550849732201,0.11808023073079414
0.037462440340814245,0.0494057362509881,0.05041896253439934,0.024276872137535085,0.024276872137535085,0.04052046042785943
0.05924511530487363,0.07793575781425999,0.07964502886071276,0.0396793612115077,0.0396793612115077,0.06430397519648225
0.04697408518189082,0.06186368427003739,0.06318084616238859,0.03100253856656248,0.03100253856656248,0.050905793997996926
0.10202653076085476,0.133969036898684,0.13704534758708953,0.06993002074790806,0.06993002074790806,0.11101506224151876
0.05270725661895647,0.06937274846877782,0.07087310842844503,0.035056453458297124,0.035056453458297124,0.05716558384334321
0.03607760955257184,0.04759194376153363,0.04856091908773025,0.023297660855155947,0.023297660855155947,0.039008426503717865
0.16991033143407658,0.22288035289634717,0.2281258261890661,0.11793053032233827,0.11793053032233827,0.18513430510428514
0.10157277229894329,0.13337472335710973,0.13643653462330835,0.069609168980926,0.069609168980926,0.11051962395866025
0.06592257144701412,0.08668160597282647,0.08860424881066141,0.04440097806714862,0.04440097806714862,0.07159478668017127
0.07300814328813263,0.09596198672260885,0.09811104230274023,0.04941117277673986,0.04941117277673986,0.07933120118414894
0.0584404947852077,0.07688190006656846,0.07856546022581969,0.039110415534115144,0.039110415534115144,0.06342544654726048
0.04978591960365918,0.06554650544869264,0.06695351684883116,0.03299078147201675,0.03299078147201675,0.0539759084631575
0.07542020315911989,0.09912120019132714,0.10134733086182798,0.051116735838666265,0.051116735838666265,0.08196481995039696
0.04744399210671147,0.06247914838176768,0.06381132570517488,0.03133480888172241,0.03133480888172241,0.05141886405503952
0.04811181779594821,0.06335383807648459,0.06470735513775158,0.03180702718818655,0.03180702718818655,0.052148032633693636
