state,district,population,density,percent,num_senior_cit,pect_urban
Andhra Pradesh,AP_Anantapur,4540646.28,237.35735912179825,9.879999999999999,448615.852464,33.36346153452811
Andhra Pradesh,AP_Chittoor,4637560.416,306.06919324181627,9.879999999999999,458190.9691008,33.36346153452811
Andhra Pradesh,AP_East Godavari,5728522.488,530.0751816415286,9.879999999999999,565978.0218144,33.36346153452811
Andhra Pradesh,AP_Guntur,5436823.76,477.2911737336494,9.879999999999999,537158.1874879999,33.36346153452811
Andhra Pradesh,AP_Kadapa,3207590.688,208.8411151767693,9.879999999999999,316909.9599744,33.36346153452811
Andhra Pradesh,AP_Krishna,5036258.008,577.0892641228372,9.879999999999999,497582.29119039996,33.36346153452811
Andhra Pradesh,AP_Kurnool,4499820.312,254.83182195039075,9.879999999999999,444582.2468256,33.36346153452811
Andhra Pradesh,AP_Prakasam,3772753.568,214.0447956428004,9.879999999999999,372748.05251839996,33.36346153452811
Andhra Pradesh,AP_Sri Potti Sriramulu Nellore,3298283.184,252.23946038543895,9.879999999999999,325870.37857919995,33.36346153452811
Andhra Pradesh,AP_Srikakulam,3001811.752,514.2730430015419,9.879999999999999,296579.0010975999,33.36346153452811
Andhra Pradesh,AP_Visakhapatnam,4768381.656,427.23605913448614,9.879999999999999,471116.1076128,33.36346153452811
Andhra Pradesh,AP_Vizianagaram,2605269.216,398.4201278482949,9.879999999999999,257400.59854079998,33.36346153452811
Andhra Pradesh,AP_West Godavari,4375477.584,565.1611449237922,9.879999999999999,432297.1852992,33.36346153452811
Arunachal Pradesh,AR_Anjaw,23450.967999999997,3.7885247172859446,5.85,1371.8816279999996,22.935810315185005
Arunachal Pradesh,AR_Changlang,164521.512,35.28989961389961,5.85,9624.508451999998,22.935810315185005
Arunachal Pradesh,AR_East Kameng,87195.256,21.092224479922592,5.85,5100.922476,22.935810315185005
Arunachal Pradesh,AR_East Siang,110109.12800000001,30.560401887316125,5.85,6441.383988000001,22.935810315185005
Arunachal Pradesh,AR_Kamle,24748.672000000002,123.74336000000001,5.85,1447.7973120000001,22.935810315185005
Arunachal Pradesh,AR_Kurung Kumey,99765.304,16.517434437086095,5.85,5836.270283999999,22.935810315185005
Arunachal Pradesh,AR_Lohit,161838.256,67.37645961698584,5.85,9467.537976,22.935810315185005
Arunachal Pradesh,AR_Longding,66720.0,55.6,5.85,3903.12,22.935810315185005
Arunachal Pradesh,AR_Lower Dibang Valley,60032.432,15.392931282051284,5.85,3511.8972719999997,22.935810315185005
Arunachal Pradesh,AR_Lower Subansiri,92116.96800000001,26.25911288483466,5.85,5388.842628,22.935810315185005
Arunachal Pradesh,AR_Namsai,106696.4,67.23150598613736,5.85,6241.7393999999995,22.935810315185005
Arunachal Pradesh,AR_Papum Pare,196140.12,68.22265043478261,5.85,11474.197019999998,22.935810315185005
Arunachal Pradesh,AR_Shi Yomi,14800.72,5.14807652173913,5.85,865.8421199999999,22.935810315185005
Arunachal Pradesh,AR_Siang,35495.04,12.16,5.85,2076.45984,22.935810315185005
Arunachal Pradesh,AR_Tawang,55544.4,26.64,5.85,3249.3474,22.935810315185005
Arunachal Pradesh,AR_Tirap,124540.664,52.72678408128704,5.85,7285.628844,22.935810315185005
Arunachal Pradesh,AR_Upper Dibang Valley,8838.176,0.9681428414941396,5.85,517.033296,22.935810315185005
Arunachal Pradesh,AR_Upper Siang,39241.367999999995,6.341526826115063,5.85,2295.620028,22.935810315185005
Arunachal Pradesh,AR_Upper Subansiri,92523.96,13.157559726962461,5.85,5412.6516599999995,22.935810315185005
Arunachal Pradesh,AR_West Kameng,96758.45599999999,13.036709242791703,5.85,5660.369675999998,22.935810315185005
Arunachal Pradesh,AR_West Siang,124846.464,14.996572252252252,5.85,7303.518144000001,22.935810315185005
Assam,AS_Baksa,1060595.576,528.1850478087649,7.67,81347.6806792,14.095371929683337
Assam,AS_Barpeta,1882827.28,580.224123266564,7.67,144412.852376,14.095371929683337
Assam,AS_Bishwanath,681089.9920000001,619.17272,7.67,52239.60238640001,14.095371929683337
Assam,AS_Bongaigaon,814694.568,472.5606542923434,7.67,62487.0733656,14.095371929683337
Assam,AS_Cachar,1930786.728,509.98064659270995,7.67,148091.34203759997,14.095371929683337
Assam,AS_Charaideo,524216.816,490.3805575304023,7.67,40207.4297872,14.095371929683337
Assam,AS_Chirang,535781.616,271.281830886076,7.67,41094.4499472,14.095371929683337
Assam,AS_Darrang,1009796.08,546.1309248242293,7.67,77451.359336,14.095371929683337
Assam,AS_Dhemaji,765141.6240000001,236.37368674698794,7.67,58686.36256080001,14.095371929683337
Assam,AS_Dhubri,2166878.784,763.5231797040169,7.67,166199.6027328,14.095371929683337
Assam,AS_Dibrugarh,1476455.7759999998,436.6920366755398,7.67,113244.15801919998,14.095371929683337
Assam,AS_Dima Hasao,237444.24800000002,48.57697381342062,7.67,18211.9738216,14.095371929683337
Assam,AS_Goalpara,1121962.408,615.1109692982458,7.67,86054.5166936,14.095371929683337
Assam,AS_Golaghat,1177245.488,336.1637601370645,7.67,90294.7289296,14.095371929683337
Assam,AS_Hailakandi,733097.12,552.4469630746044,7.67,56228.549104,14.095371929683337
Assam,AS_Jorhat,1213520.04,425.6471553840758,7.67,93076.987068,14.095371929683337
Assam,AS_Kamrup,1687128.624,484.80707586206904,7.67,129402.76546080002,14.095371929683337
Assam,AS_Kamrup Metropolitan,1401585.928,2235.384255183413,7.67,107501.64067760001,14.095371929683337
Assam,AS_Karbi Anglong,1073391.36,102.87438757906843,7.67,82329.117312,14.095371929683337
Assam,AS_Karimganj,1353306.2240000002,748.0963095632947,7.67,103798.5873808,14.095371929683337
Assam,AS_Kokrajhar,986342.8879999999,315.22623457973793,7.67,75652.49950959999,14.095371929683337
Assam,AS_Lakhimpur,1157196.128,508.2108599033817,7.67,88756.94301759999,14.095371929683337
Assam,AS_Majuli,186042.048,211.4114181818182,7.67,14269.4250816,14.095371929683337
Assam,AS_Morigaon,1065132.5359999998,625.077779342723,7.67,81695.66551119999,14.095371929683337
Assam,AS_Nagaon,3142518.6720000007,820.2867846515271,7.67,241031.18214240007,14.095371929683337
Assam,AS_Nalbari,856149.928,848.5133082259662,7.67,65666.6994776,14.095371929683337
Assam,AS_Sivasagar,1279081.336,479.4157931034482,7.67,98105.53847119998,14.095371929683337
Assam,AS_South Salmara,617286.7679999999,1086.7724788732396,7.67,47345.89510559999,14.095371929683337
Assam,AS_Sonitpur,2141684.2,402.2697595792637,7.67,164267.17814,14.095371929683337
Assam,AS_Tinsukia,1464446.176,386.39740791556727,7.67,112323.02169919999,14.095371929683337
Assam,AS_Udalguri,926039.128,552.5293126491647,7.67,71027.2011176,14.095371929683337
Assam,AS_West Karbi Anglong,333955.84,110.03487314662273,7.67,25614.412928000005,14.095371929683337
Bihar,BR_Araria,3120494.4,1103.0379639448568,8.58,267738.41952,11.294983570134452
Bihar,BR_Arwal,779337.416,1221.532,8.58,66867.1502928,11.294983570134452
Bihar,BR_Aurangabad,2792502.216,845.4442070844686,8.58,239596.69013280002,11.294983570134452
Bihar,BR_Banka,2256624.9680000003,747.7219907223326,8.58,193618.42225440004,11.294983570134452
Bihar,BR_Begusarai,3285256.104,1713.7486197183096,8.58,281874.97372320003,11.294983570134452
Bihar,BR_Bhagalpur,3371835.312,1312.5088797197352,8.58,289303.4697696,11.294983570134452
Bihar,BR_Bhojpur,3024812.36,1223.134799838253,8.58,259528.90048799998,11.294983570134452
Bihar,BR_Buxar,1898899.0159999998,1169.2727931034485,8.58,162925.5355728,11.294983570134452
Bihar,BR_Darbhanga,4361231.752,1914.5003301141355,8.58,374193.68432160007,11.294983570134452
Bihar,BR_East Champaran,5652149.216,1424.0738765432097,8.58,484954.40273280005,11.294983570134452
Bihar,BR_Gaya,4869873.896000001,978.2792077139412,8.58,417835.1802768001,11.294983570134452
Bihar,BR_Gopalganj,2844537.144,1399.1820678799802,8.58,244061.2869552,11.294983570134452
Bihar,BR_Jamui,1952758.736,630.1254391739271,8.58,167546.6995488,11.294983570134452
Bihar,BR_Jehanabad,1250083.712,796.7391408540473,8.58,107257.18248960002,11.294983570134452
Bihar,BR_Kaimur,1809112.8,537.9461195361284,8.58,155221.87824000002,11.294983570134452
Bihar,BR_Katihar,3411781.688,1116.4207094240835,8.58,292730.8688304,11.294983570134452
Bihar,BR_Khagaria,1843250.0880000002,1240.4105572005385,8.58,158150.85755040002,11.294983570134452
Bihar,BR_Kishanganj,1880334.176,998.0542335456475,8.58,161332.67230079998,11.294983570134452
Bihar,BR_Lakhisarai,1112797.304,905.449393002441,8.58,95478.0086832,11.294983570134452
Bihar,BR_Madhepura,2218015.216,1241.1948606603246,8.58,190305.7055328,11.294983570134452
Bihar,BR_Madhubani,4977360.928,1421.6969231648102,8.58,427057.5676224,11.294983570134452
Bihar,BR_Munger,1511268.0480000002,1065.023289640592,8.58,129666.79851840003,11.294983570134452
Bihar,BR_Muzaffarpur,5313814.32,1674.697232902616,8.58,455925.26865600003,11.294983570134452
Bihar,BR_Nalanda,3194245.5760000004,1356.9437451146982,8.58,274066.2704208,11.294983570134452
Bihar,BR_Nawada,2464918.136,989.1324783306579,8.58,211489.9760688,11.294983570134452
Bihar,BR_Patna,6419358.0479999995,2004.7963922548406,8.58,550780.9205183999,11.294983570134452
Bihar,BR_Purnia,3639717.224,1127.54560842627,8.58,312287.73781920003,11.294983570134452
Bihar,BR_Rohtas,3294403.416,855.689198961039,8.58,282659.81309280003,11.294983570134452
Bihar,BR_Saharsa,2109577.424,1239.4696968272622,8.58,181001.7429792,11.294983570134452
Bihar,BR_Samastipur,4731317.584,1628.680751807229,8.58,405947.0487072,11.294983570134452
Bihar,BR_Saran,4384724.976,1660.251789473684,8.58,376209.40294079995,11.294983570134452
Bihar,BR_Sheikhpura,706038.824,1024.7297880986937,8.58,60578.13109920001,11.294983570134452
Bihar,BR_Sheohar,730490.5920000001,1648.9629616252819,8.58,62676.09279360001,11.294983570134452
Bihar,BR_Sitamarhi,3802619.664,1729.2495061391544,8.58,326264.7671712,11.294983570134452
Bihar,BR_Siwan,3689811.712,1662.82636863452,8.58,316585.8448896,11.294983570134452
Bihar,BR_Supaul,2477977.464,1028.2064165975103,8.58,212610.46641120003,11.294983570134452
Bihar,BR_Vaishali,3886463.352,1908.8719803536346,8.58,333458.55560160003,11.294983570134452
Bihar,BR_West Champaran,4375766.704,836.8266789061006,8.58,375440.78320320003,11.294983570134452
Chhattisgarh,CT_Balod,918695.48,260.47504394669687,9.36,85989.89692799999,23.24208643832003
Chhattisgarh,CT_Baloda Bazar,1451541.416,305.7163892165122,9.36,135864.2765376,23.24208643832003
Chhattisgarh,CT_Balrampur,665926.76,174.96761954808198,9.36,62330.744736,23.24208643832003
Chhattisgarh,CT_Bastar,1448105.336,359.3313488833748,9.36,135542.65944959997,23.24208643832003
Chhattisgarh,CT_Bemetara,219102.92,76.74357968476356,9.36,20508.033312,23.24208643832003
Chhattisgarh,CT_Bijapur,255573.18399999998,38.94745260591283,9.36,23921.650022399997,23.24208643832003
Chhattisgarh,CT_Bilaspur,2181657.264,374.98406050189067,9.36,204203.11991039998,23.24208643832003
Chhattisgarh,CT_Dantewada,593405.456,173.96817824684842,9.36,55542.750681599995,23.24208643832003
Chhattisgarh,CT_Dhamtari,888709.288,438.0035919172005,9.36,83183.1893568,23.24208643832003
Chhattisgarh,CT_Durg,3717503.848,435.20297916178885,9.36,347958.36017279996,23.24208643832003
Chhattisgarh,CT_Gariaband,664590.1359999999,114.13191413360808,9.36,62205.636729599995,23.24208643832003
Chhattisgarh,CT_Gaurella-Pendra-Marwahi,374099.04,162.15823146944084,9.36,35015.670143999996,23.24208643832003
Chhattisgarh,CT_Janjgir-Champa,1802142.784,468.33232432432436,9.36,168680.5645824,23.24208643832003
Chhattisgarh,CT_Jashpur,947471.816,162.65610575107297,9.36,88683.3619776,23.24208643832003
Chhattisgarh,CT_Kabirdham,650149.704,153.445764455983,9.36,60854.0122944,23.24208643832003
Chhattisgarh,CT_Kondagaon,643098.512,82.77751473806153,9.36,60194.020723199996,23.24208643832003
Chhattisgarh,CT_Korba,1341698.0559999999,202.82661466364326,9.36,125582.93804159999,23.24208643832003
Chhattisgarh,CT_Koriya,732851.368,111.40945089692914,9.36,68594.8880448,23.24208643832003
Chhattisgarh,CT_Mahasamund,1147889.8,240.1945595312827,9.36,107442.48528,23.24208643832003
Chhattisgarh,CT_Mungeli,780298.184,283.7447941818182,9.36,73035.9100224,23.24208643832003
Chhattisgarh,CT_Narayanpur,155909.072,23.480281927710838,9.36,14593.089139199998,23.24208643832003
Chhattisgarh,CT_Raigarh,1660913.2240000002,234.99055234861342,9.36,155461.4777664,23.24208643832003
Chhattisgarh,CT_Raipur,4517121.92,345.2665229687381,9.36,422802.611712,23.24208643832003
Chhattisgarh,CT_Rajnandgaon,1709722.24,212.07172413793103,9.36,160030.00166399998,23.24208643832003
Chhattisgarh,CT_Sukma,276888.0,49.12845990063875,9.36,25916.7168,23.24208643832003
Chhattisgarh,CT_Surajpur,734231.36,108.18201856490349,9.36,68724.05529599999,23.24208643832003
Chhattisgarh,CT_Surguja,467775.032,143.26953506891272,9.36,43783.7429952,23.24208643832003
Goa,GA_North Goa,909350.2320000001,523.8192580645161,10.790000000000001,98118.89003280002,62.172507533192324
Goa,GA_South Goa,711637.7440000001,361.97240284842314,10.790000000000001,76785.71257760002,62.172507533192324
Gujarat,GJ_Ahmedabad,8015518.4,920.5832548524176,8.97,718992.00048,42.5963173339798
Gujarat,GJ_Amreli,1683138.7680000002,248.985024852071,8.97,150977.54748960002,42.5963173339798
Gujarat,GJ_Anand,2324386.912,790.0703303874915,8.97,208497.50600640004,42.5963173339798
Gujarat,GJ_Aravalli,1169541.5520000001,363.5503736400372,8.97,104907.87721440002,42.5963173339798
Gujarat,GJ_Banaskantha,3465042.04,272.7735212154609,8.97,310814.27098800003,42.5963173339798
Gujarat,GJ_Bharuch,1724514.064,264.3338540772532,8.97,154688.9115408,42.5963173339798
Gujarat,GJ_Bhavnagar,3200292.6319999998,286.89310909905873,8.97,287066.2490904,42.5963173339798
Gujarat,GJ_Botad,729477.56,284.50762870514825,8.97,65434.13713200001,42.5963173339798
Gujarat,GJ_Chhota Udepur,1191876.072,368.2039147358665,8.97,106911.28365840002,42.5963173339798
Gujarat,GJ_Dahod,2364732.496,649.2950291048874,8.97,212116.5048912,42.5963173339798
Gujarat,GJ_Dang,252167.128,142.9518866213152,8.97,22619.391381600002,42.5963173339798
Gujarat,GJ_Devbhoomi Dwarka,836762.208,147.21361857846588,8.97,75057.57005760001,42.5963173339798
Gujarat,GJ_Gandhinagar,1542875.5359999998,2377.3120739599385,8.97,138395.93557919998,42.5963173339798
Gujarat,GJ_Gir Somnath,1353834.424,360.6378327117741,8.97,121438.94783280003,42.5963173339798
Gujarat,GJ_Jamnagar,2400952.56,169.97894230088497,8.97,215365.44463200003,42.5963173339798
Gujarat,GJ_Junagadh,3049427.5919999997,344.9968991967417,8.97,273533.6550024,42.5963173339798
Gujarat,GJ_Kheda,2556414.608,606.5040588374853,8.97,229310.3903376,42.5963173339798
Gujarat,GJ_Kutch,2324428.056,50.916237098046075,8.97,208501.1966232,42.5963173339798
Gujarat,GJ_Mahisagar,1106021.888,442.4087552,8.97,99210.16335360002,42.5963173339798
Gujarat,GJ_Mehsana,2254832.424,514.0976798905609,8.97,202258.46843280003,42.5963173339798
Gujarat,GJ_Morbi,1067885.848,219.2333910901252,8.97,95789.3605656,42.5963173339798
Gujarat,GJ_Narmada,656501.448,238.8146409603492,8.97,58888.1798856,42.5963173339798
Gujarat,GJ_Navsari,1479750.632,669.2675857078244,8.97,132733.6316904,42.5963173339798
Gujarat,GJ_Panchmahal,2655752.904,508.8624073577314,8.97,238221.03548880003,42.5963173339798
Gujarat,GJ_Patan,1493133.552,260.21846497037296,8.97,133934.07961440002,42.5963173339798
Gujarat,GJ_Porbandar,651700.944,284.0893391455972,8.97,58457.57467680001,42.5963173339798
Gujarat,GJ_Rajkot,3511335.712,313.4281631705793,8.97,314966.8133664,42.5963173339798
Gujarat,GJ_Sabarkantha,2699208.752,365.25152259810545,8.97,242119.0250544,42.5963173339798
Gujarat,GJ_Surat,6762430.063999999,1530.6541566319602,8.97,606589.9767408,42.5963173339798
Gujarat,GJ_Surendranagar,1952530.7759999998,186.15032662789588,8.97,175142.0106072,42.5963173339798
Gujarat,GJ_Tapi,896815.7679999999,261.08173740902475,8.97,80444.3743896,42.5963173339798
Gujarat,GJ_Vadodara,4047429.8,519.3007185014113,8.97,363054.45306,42.5963173339798
Gujarat,GJ_Valsad,1893811.616,624.1963137771918,8.97,169874.90195519998,42.5963173339798
Haryana,HR_Ambala,1264103.808,805.6748298279158,9.75,123250.12128,34.87807922083547
Haryana,HR_Bhiwani,1811569.208,352.4453712062257,9.75,176627.99778,34.87807922083547
Haryana,HR_Charkhi Dadri,558530.912,407.68679708029197,9.75,54456.76392,34.87807922083547
Haryana,HR_Faridabad,2000436.8480000002,2554.836332056194,9.75,195042.59268000003,34.87807922083547
Haryana,HR_Fatehabad,1046972.464,412.5187013396375,9.75,102079.81524000001,34.87807922083547
Haryana,HR_Gurgaon,1683662.52,1338.3644833068365,9.75,164157.0957,34.87807922083547
Haryana,HR_Hissar,1938010.28,511.61834213305167,9.75,188956.00230000002,34.87807922083547
Haryana,HR_Jhajjar,1064080.584,569.6362869379016,9.75,103747.85694,34.87807922083547
Haryana,HR_Jind,1481230.7040000001,548.1978919319023,9.75,144419.99364000003,34.87807922083547
Haryana,HR_Kaithal,1193021.432,426.23130832440165,9.75,116319.58962000001,34.87807922083547
Haryana,HR_Karnal,1675031.176,677.8758300283287,9.75,163315.53966,34.87807922083547
Haryana,HR_Kurukshetra,1072224.872,700.8005699346405,9.75,104541.92502000001,34.87807922083547
Haryana,HR_Mahendragarh,1024908.16,539.4253473684211,9.75,99928.54560000001,34.87807922083547
Haryana,HR_Nuh,1211419.472,686.3566413597734,9.75,118113.39852,34.87807922083547
Haryana,HR_Palwal,1157028.216,846.3995727871251,9.75,112810.25106000001,34.87807922083547
Haryana,HR_Panchkula,621485.68,761.6246078431374,9.75,60594.85380000001,34.87807922083547
Haryana,HR_Panipat,1337525.832,1070.0206656,9.75,130408.76862,34.87807922083547
Haryana,HR_Rewari,996495.448,639.1888697883259,9.75,97158.30617999999,34.87807922083547
Haryana,HR_Rohtak,1177255.496,705.7886666666667,9.75,114782.41086000002,34.87807922083547
Haryana,HR_Sirsa,1440166.7680000002,336.80233115060804,9.75,140416.25988000003,34.87807922083547
Haryana,HR_Sonipat,1645848.96,728.2517522123894,9.75,160470.2736,34.87807922083547
Himachal Pradesh,HP_Bilaspur,424846.27200000006,364.0499331619537,11.7,49707.01382400001,10.030472269186182
Himachal Pradesh,HP_Chamba,576954.5279999999,88.38151470588238,11.7,67503.67977599999,10.030472269186182
Himachal Pradesh,HP_Hamirpur,505173.816,451.85493381037566,11.7,59105.336471999995,10.030472269186182
Himachal Pradesh,HP_Kangra,1676031.976,292.0425119358773,11.7,196095.741192,10.030472269186182
Himachal Pradesh,HP_Kinnaur,93739.37599999999,14.644489298547102,11.7,10967.506991999999,10.030472269186182
Himachal Pradesh,HP_Kullu,486471.088,88.40106996183901,11.7,56917.117296,10.030472269186182
Himachal Pradesh,HP_Lahaul and Spiti,35059.136,2.5340900614383806,11.7,4101.918911999999,10.030472269186182
Himachal Pradesh,HP_Mandi,1111464.0159999998,281.38329518987337,11.7,130041.28987199998,10.030472269186182
Himachal Pradesh,HP_Shimla,904483.0079999999,176.27811498733192,11.7,105824.511936,10.030472269186182
Himachal Pradesh,HP_Sirmaur,589542.368,208.6875638938053,11.7,68976.457056,10.030472269186182
Himachal Pradesh,HP_Solan,641257.04,331.2278099173554,11.7,75027.07368,10.030472269186182
Himachal Pradesh,HP_Una,579415.384,376.2437558441558,11.7,67791.599928,10.030472269186182
Jharkhand,JH_Bokaro,2292852.816,801.4165732261447,7.67,175861.8109872,24.04822594694201
Jharkhand,JH_Chatra,1159042.048,313.25460756756763,7.67,88898.52508159999,24.04822594694201
Jharkhand,JH_Deoghar,1658969.448,669.2091359419121,7.67,127242.95666160001,24.04822594694201
Jharkhand,JH_Dhanbad,2983120.144,1437.6482621686746,7.67,228805.31504479997,24.04822594694201
Jharkhand,JH_Dumka,1469058.7519999999,333.573740236149,7.67,112676.80627839999,24.04822594694201
Jharkhand,JH_East Singhbhum,2547627.5840000003,721.0947025191057,7.67,195403.03569280004,24.04822594694201
Jharkhand,JH_Garhwa,1470494.344,361.83423818897637,7.67,112786.91618480001,24.04822594694201
Jharkhand,JH_Giridih,2719065.736,556.3875048086761,7.67,208552.3419512,24.04822594694201
Jharkhand,JH_Godda,1458256.784,691.1169592417061,7.67,111848.2953328,24.04822594694201
Jharkhand,JH_Gumla,1140529.472,214.10352393467244,7.67,87478.61050240001,24.04822594694201
Jharkhand,JH_Jamtara,878710.184,487.63051276359596,7.67,67397.0711128,24.04822594694201
Jharkhand,JH_Khunti,589692.488,239.0322205107418,7.67,45229.4138296,24.04822594694201
Jharkhand,JH_Koderma,797491.928,607.8444573170733,7.67,61167.63087759999,24.04822594694201
Jharkhand,JH_Latehar,806948.3759999999,222.2998280991736,7.67,61892.94043919999,24.04822594694201
Jharkhand,JH_Lohardaga,513452.656,343.6764765729585,7.67,39381.8187152,24.04822594694201
Jharkhand,JH_Pakur,999910.4,553.9669806094183,7.67,76693.12768,24.04822594694201
Jharkhand,JH_Palamu,2153186.728,423.6888484848485,7.67,165149.42203760002,24.04822594694201
Jharkhand,JH_Ramgarh,1055464.808,870.8455511551155,7.67,80954.15077359999,24.04822594694201
Jharkhand,JH_Ranchi,3238168.4639999997,406.09085327313767,7.67,248367.52118879996,24.04822594694201
Jharkhand,JH_Sahibganj,1278842.256,799.7762701688556,7.67,98087.2010352,24.04822594694201
Jharkhand,JH_Seraikela Kharsawan,1182565.2959999999,433.96891596330283,7.67,90702.75820319999,24.04822594694201
Jharkhand,JH_Simdega,666992.056,177.86454826666667,7.67,51158.2906952,24.04822594694201
Jharkhand,JH_West Singhbhum,1669800.3280000002,232.36853993876983,7.67,128073.6851576,24.04822594694201
Karnataka,KA_Bagalkot,2102598.512,319.39822451769714,10.01,210470.1110512,38.670672146826625
Karnataka,KA_Ballari,2816009.896,333.6899983410357,10.01,281882.59058960003,38.670672146826625
Karnataka,KA_Belgaum,5313624.1680000005,396.09572627655604,10.01,531893.7792168,38.670672146826625
Karnataka,KA_Bangalore Rural,1097829.784,490.32147565877625,10.01,109892.7613784,38.670672146826625
Karnataka,KA_Bangalore Urban,10662867.92,4868.889461187215,10.01,1067353.078792,38.670672146826625
Karnataka,KA_Bidar,1890420.0159999998,346.99339500734214,10.01,189231.04360159996,38.670672146826625
Karnataka,KA_Bijapur,2418713.424,229.9813087382333,10.01,242113.2137424,38.670672146826625
Karnataka,KA_Chamarajanagara,1135309.744,222.52249000392,10.01,113644.5053744,38.670672146826625
Karnataka,KA_Chikkaballapura,1394867.2240000002,331.47985361216735,10.01,139626.2091224,38.670672146826625
Karnataka,KA_Chikmagalur,1265181.336,175.69522788501598,10.01,126644.6517336,38.670672146826625
Karnataka,KA_Chitradurga,1846340.336,218.83848951048955,10.01,184818.66763359998,38.670672146826625
Karnataka,KA_Dakshina Kannada,2316991.0,508.2235139284931,10.01,231930.7991,38.670672146826625
Karnataka,KA_Davanagere,2164958.36,365.3321565980425,10.01,216712.33183599997,38.670672146826625
Karnataka,KA_Dharwad,2053856.216,481.5606602579133,10.01,205591.0072216,38.670672146826625
Karnataka,KA_Gadag,1184541.32,254.6852977854225,10.01,118572.586132,38.670672146826625
Karnataka,KA_Gulbarga,2852159.9039999996,259.5231941765241,10.01,285501.20639039995,38.670672146826625
Karnataka,KA_Hassan,1975157.7519999999,289.86758908130315,10.01,197713.29097519998,38.670672146826625
Karnataka,KA_Haveri,1777538.6719999998,368.40179730569946,10.01,177931.62106719997,38.670672146826625
Karnataka,KA_Kodagu,616895.344,150.38891857630423,10.01,61751.22393440001,38.670672146826625
Karnataka,KA_Kolar,1712736.872,426.9035074775673,10.01,171444.96088719997,38.670672146826625
Karnataka,KA_Koppal,1547116.7040000001,278.00839245283015,10.01,154866.38207040002,38.670672146826625
Karnataka,KA_Mandya,2011252.16,405.4126506752671,10.01,201326.341216,38.670672146826625
Karnataka,KA_Mysore,3330155.328,485.87034257367964,10.01,333348.54833280004,38.670672146826625
Karnataka,KA_Raichur,2140347.576,312.96206696885514,10.01,214248.7923576,38.670672146826625
Karnataka,KA_Ramanagara,1204005.768,336.9733467674223,10.01,120520.9773768,38.670672146826625
Karnataka,KA_Shimoga,1952129.344,229.7974507357269,10.01,195408.1473344,38.670672146826625
Karnataka,KA_Tumakuru,2981771.288,281.3522634459332,10.01,298475.3059288,38.670672146826625
Karnataka,KA_Udupi,1309833.696,337.6730332559938,10.01,131114.3529696,38.670672146826625
Karnataka,KA_Uttara Kannada,1504868.4880000001,146.23151180643282,10.01,150637.3356488,38.670672146826625
Karnataka,KA_Yadgir,1304359.32,249.6381473684211,10.01,130566.36793200001,38.670672146826625
Kerala,KL_Alappuzha,2359600.616,1667.5622727915195,13.65,322085.484084,47.70070317479214
Kerala,KL_Ernakulam,3647204.32,1190.7294547828924,13.65,497843.38968,47.70070317479214
Kerala,KL_Idukki,1231487.736,282.7106831955923,13.65,168098.07596400002,47.70070317479214
Kerala,KL_Kannur,2808508.3439999996,948.4999473150964,13.65,383361.388956,47.70070317479214
Kerala,KL_Kasaragod,1448491.2,728.2509803921569,13.65,197719.0488,47.70070317479214
Kerala,KL_Kollam,2924229.736,1177.7002561417642,13.65,399157.3589640001,47.70070317479214
Kerala,KL_Kottayam,2201075.008,997.7674560290117,13.65,300446.73859200004,47.70070317479214
Kerala,KL_Kozhikode,3435571.816,1465.0626081023456,13.65,468955.552884,47.70070317479214
Kerala,KL_Malappuram,4571383.072,1286.2642296004499,13.65,623993.7893279999,47.70070317479214
Kerala,KL_Palakkad,3125711.9039999996,697.3922141900937,13.65,426659.67489599995,47.70070317479214
Kerala,KL_Pathanamthitta,1329437.144,501.2960573152338,13.65,181468.17015600004,47.70070317479214
Kerala,KL_Thrissur,3458683.624,1142.6110419557315,13.65,472110.314676,47.70070317479214
Kerala,KL_Thiruvananthapuram,3677699.808,1680.0821416171768,13.65,502006.023792,47.70070317479214
Kerala,KL_Wayanad,908012.4959999999,426.2969464788733,13.65,123943.70570399999,47.70070317479214
Madhya Pradesh,MP_Alirajpur,810288.824,254.64765053425518,9.23,74789.65845520001,27.633604279653813
Madhya Pradesh,MP_Anuppur,833467.3520000001,222.4359092607419,9.23,76929.03658960001,27.633604279653813
Madhya Pradesh,MP_Ashok Nagar,939616.6479999999,201.03051946940516,9.23,86726.61661040001,27.633604279653813
Madhya Pradesh,MP_Balaghat,1891685.4719999998,204.97187907682306,9.23,174602.5690656,27.633604279653813
Madhya Pradesh,MP_Barwani,1540852.8080000002,283.66215169366717,9.23,142220.71417840003,27.633604279653813
Madhya Pradesh,MP_Betul,1751674.664,174.41747127352383,9.23,161679.5714872,27.633604279653813
Madhya Pradesh,MP_Bhind,1894360.944,424.8398618524332,9.23,174849.5151312,27.633604279653813
Madhya Pradesh,MP_Bhopal,2633377.24,949.9917893217894,9.23,243060.71925200004,27.633604279653813
Madhya Pradesh,MP_Burhanpur,841776.2159999999,245.6306437117012,9.23,77695.9447368,27.633604279653813
Madhya Pradesh,MP_Chhatarpur,1960296.9840000002,225.6586835501324,9.23,180935.41162320002,27.633604279653813
Madhya Pradesh,MP_Chhindwara,2324420.272,196.73468235294118,9.23,214543.9911056,27.633604279653813
Madhya Pradesh,MP_Damoh,1405237.736,192.34023213796883,9.23,129703.44303280002,27.633604279653813
Madhya Pradesh,MP_Datia,874449.0,324.5913140311804,9.23,80711.64270000001,27.633604279653813
Madhya Pradesh,MP_Dewas,1738174.9840000002,247.6032740740741,9.23,160433.55102320004,27.633604279653813
Madhya Pradesh,MP_Dhar,2429355.264,297.9707180179076,9.23,224229.49086720002,27.633604279653813
Madhya Pradesh,MP_Dindori,783090.416,105.43832179884205,9.23,72279.2453968,27.633604279653813
Madhya Pradesh,MP_Guna,1379923.0559999999,212.78690146491903,9.23,127366.8980688,27.633604279653813
Madhya Pradesh,MP_Gwalior,2257963.816,413.16812735590116,9.23,208410.06021680002,27.633604279653813
Madhya Pradesh,MP_Harda,634175.824,189.92986642707402,9.23,58534.42855520001,27.633604279653813
Madhya Pradesh,MP_Hoshangabad,1379964.2,206.0263063601075,9.23,127370.69566,27.633604279653813
Madhya Pradesh,MP_Indore,3638836.52,933.5137301180092,9.23,335864.610796,27.633604279653813
Madhya Pradesh,MP_Jabalpur,2736313.9680000003,525.2042165067178,9.23,252561.77924640005,27.633604279653813
Madhya Pradesh,MP_Jhabua,1138789.192,167.91347567089355,9.23,105110.24242160002,27.633604279653813
Madhya Pradesh,MP_Katni,1436352.608,290.3482126541338,9.23,132575.34571840003,27.633604279653813
Madhya Pradesh,MP_Mandla,1171516.4640000002,201.81162170542638,9.23,108130.96962720001,27.633604279653813
Madhya Pradesh,MP_Mandsaur,1489893.1840000001,269.4201056057866,9.23,137517.14088320002,27.633604279653813
Madhya Pradesh,MP_Morena,2185232.344,437.83457102785,9.23,201696.94535120003,27.633604279653813
Madhya Pradesh,MP_Narsinghpur,1214460.7920000001,236.59863471654,9.23,112094.73110160003,27.633604279653813
Madhya Pradesh,MP_Neemuch,918465.296,215.24848746191705,9.23,84774.34682080001,27.633604279653813
Madhya Pradesh,MP_Niwari,450145.38399999996,384.7396444444445,9.23,41548.4189432,27.633604279653813
Madhya Pradesh,MP_Panna,1129823.136,158.3494234057463,9.23,104282.6754528,27.633604279653813
Madhya Pradesh,MP_Raisen,1480849.2880000002,174.91723222300968,9.23,136682.38928240002,27.633604279653813
Madhya Pradesh,MP_Rajgarh,1719753.592,279.95337652612733,9.23,158733.2565416,27.633604279653813
Madhya Pradesh,MP_Ratlam,1617385.096,332.7268249331413,9.23,149284.6443608,27.633604279653813
Madhya Pradesh,MP_Rewa,2628483.328,416.2944770351599,9.23,242609.01117440005,27.633604279653813
Madhya Pradesh,MP_Sagar,2644664.04,257.9656691377292,9.23,244102.49089200003,27.633604279653813
Madhya Pradesh,MP_Satna,2478224.328,330.34181924820047,9.23,228740.10547440004,27.633604279653813
Madhya Pradesh,MP_Sehore,1457840.896,221.6237300091213,9.23,134558.7147008,27.633604279653813
Madhya Pradesh,MP_Seoni,1533310.112,175.07537245946563,9.23,141524.52333760003,27.633604279653813
Madhya Pradesh,MP_Shahdol,1184267.768,190.85701337630942,9.23,109307.91498639999,27.633604279653813
Madhya Pradesh,MP_Shajapur,1681736.5359999998,271.4229399612653,9.23,155224.28227280002,27.633604279653813
Madhya Pradesh,MP_Sheopur,765002.6240000001,116.17351921032648,9.23,70609.74219520001,27.633604279653813
Madhya Pradesh,MP_Shivpuri,1919109.616,186.5023922254616,9.23,177133.8175568,27.633604279653813
Madhya Pradesh,MP_Sidhi,1252684.68,119.07649049429656,9.23,115622.795964,27.633604279653813
Madhya Pradesh,MP_Singrauli,1310082.784,230.9736925246826,9.23,120920.6409632,27.633604279653813
Madhya Pradesh,MP_Tikamgarh,1606751.04,317.8538160237389,9.23,148303.120992,27.633604279653813
Madhya Pradesh,MP_Ujjain,2209392.768,362.73071219832536,9.23,203926.95248640003,27.633604279653813
Madhya Pradesh,MP_Umaria,715659.848,176.18410832102413,9.23,66055.4039704,27.633604279653813
Madhya Pradesh,MP_Vidisha,1621531.744,220.25696060853028,9.23,149667.37997120002,27.633604279653813
Maharashtra,MH_Ahmednagar,5051908.296,296.33436743313,11.309999999999999,571370.8282776,45.22230089677151
Maharashtra,MH_Akola,2022302.104,372.49992705839,11.309999999999999,228722.3679624,45.22230089677151
Maharashtra,MH_Amravati,3211262.512,262.4652645688598,11.309999999999999,363193.7901072,45.22230089677151
Maharashtra,MH_Aurangabad,4109871.936,406.6361864054617,11.309999999999999,464826.51596159994,45.22230089677151
Maharashtra,MH_Beed,2875589.744,268.92263574300944,11.309999999999999,325229.20004639996,45.22230089677151
Maharashtra,MH_Bhandara,1333076.72,342.6932442159383,11.309999999999999,150770.97703199997,45.22230089677151
Maharashtra,MH_Buldhana,2877899.3680000002,297.888351930442,11.309999999999999,325490.4185208,45.22230089677151
Maharashtra,MH_Chandrapur,2440019.344,213.23248658568556,11.309999999999999,275966.1878064,45.22230089677151
Maharashtra,MH_Dhule,2278244.472,281.43847708462016,11.309999999999999,257669.4497832,45.22230089677151
Maharashtra,MH_Gadchiroli,1191836.04,82.69747710241465,11.309999999999999,134796.656124,45.22230089677151
Maharashtra,MH_Gondia,1470432.072,270.74794181550357,11.309999999999999,166305.8673432,45.22230089677151
Maharashtra,MH_Hingoli,1311017.976,289.6637154220062,11.309999999999999,148276.13308559998,45.22230089677151
Maharashtra,MH_Jalgaon,4697579.504,399.2842757331066,11.309999999999999,531296.2419023999,45.22230089677151
Maharashtra,MH_Jalna,2177833.096,282.17583519046383,11.309999999999999,246312.9231576,45.22230089677151
Maharashtra,MH_Kolhapur,4307904.68,560.5601405335068,11.309999999999999,487224.01930799993,45.22230089677151
Maharashtra,MH_Latur,2730563.816,381.5235176750035,11.309999999999999,308826.7675896,45.22230089677151
Maharashtra,MH_Mumbai City,3498314.192,50700.205681159416,11.309999999999999,395659.3351151999,45.22230089677151
Maharashtra,MH_Mumbai suburban,10377718.872000001,28123.899382113817,11.309999999999999,1173720.0044232002,45.22230089677151
Maharashtra,MH_Nanded,3732501.392,354.53090729483284,11.309999999999999,422145.90743519994,45.22230089677151
Maharashtra,MH_Nandurbar,1830548.824,362.12637467853614,11.309999999999999,207035.0719944,45.22230089677151
Maharashtra,MH_Nagpur,5174326.152,523.081899716943,11.309999999999999,585216.2877911999,45.22230089677151
Maharashtra,MH_Nashik,6793265.824,437.1752251753652,11.309999999999999,768318.3646944,45.22230089677151
Maharashtra,MH_Osmanabad,1846265.832,243.92467063020214,11.309999999999999,208812.66559919997,45.22230089677151
Maharashtra,MH_Palghar,3325008.992,622.1947964071858,11.309999999999999,376058.5169952,45.22230089677151
Maharashtra,MH_Parbhani,2041611.9840000002,313.56350545231146,11.309999999999999,230906.3153904,45.22230089677151
Maharashtra,MH_Pune,10482778.408,670.1258331522088,11.309999999999999,1185602.2379448,45.22230089677151
Maharashtra,MH_Raigad,2930558.128,409.75365324384796,11.309999999999999,331446.12427679996,45.22230089677151
Maharashtra,MH_Ratnagiri,1793291.264,218.48090448343083,11.309999999999999,202821.24195839997,45.22230089677151
Maharashtra,MH_Sangli,3136479.4,365.8982034531031,11.309999999999999,354735.82013999997,45.22230089677151
Maharashtra,MH_Satara,3340361.264,318.8889034844869,11.309999999999999,377794.8589584,45.22230089677151
Maharashtra,MH_Sindhudurg,943941.2159999999,181.28312195121956,11.309999999999999,106759.75152959998,45.22230089677151
Maharashtra,MH_Solapur,4798866.024,322.1796592145015,11.309999999999999,542751.7473143999,45.22230089677151
Maharashtra,MH_Thane,12298884.576,2918.5772605600373,11.309999999999999,1391003.8455455997,45.22230089677151
Maharashtra,MH_Wardha,1441326.584,228.4556322713584,11.309999999999999,163014.0366504,45.22230089677151
Maharashtra,MH_Washim,1330745.968,258.14664752667306,11.309999999999999,150507.3689808,45.22230089677151
Maharashtra,MH_Yavatmal,3086308.184,227.2351777352378,11.309999999999999,349061.45561039995,45.22230089677151
Manipur,MN_Bishnupur,267283.656,538.8783387096775,8.71,23280.406437600002,29.209179653714518
Manipur,MN_Chandel,160159.136,48.284334036780216,8.71,13949.8607456,29.209179653714518
Manipur,MN_Churachandpur,301656.688,65.95030345430696,8.71,26274.297524800004,29.209179653714518
Manipur,MN_Imphal East,503359.032,708.9563830985916,8.71,43842.571687200005,29.209179653714518
Manipur,MN_Imphal West,572327.496,1102.7504739884394,8.71,49849.724901600006,29.209179653714518
Manipur,MN_Jiribam,48725.615999999995,210.0242068965517,8.71,4244.0011536,29.209179653714518
Manipur,MN_Kamjong,50724.992,25.362496,8.71,4418.1468032,29.209179653714518
Manipur,MN_Pherzawl,52542.0,22.994310722100657,8.71,4576.408200000001,29.209179653714518
Manipur,MN_Senapati,394506.464,120.68108412358521,8.71,34361.5130144,29.209179653714518
Manipur,MN_Tamenglong,155839.016,35.49055249373719,8.71,13573.578293600001,29.209179653714518
Manipur,MN_Thoubal,467614.904,909.7566225680932,8.71,40729.25813840001,29.209179653714518
Manipur,MN_Ukhrul,203623.88,44.7820277105784,8.71,17735.639948000004,29.209179653714518
Meghalaya,ML_East Garo Hills,353191.216,135.6862143680369,5.9799999999999995,21120.8347168,20.069844203810796
Meghalaya,ML_East Khasi Hills,916353.608,332.9773284883721,5.9799999999999995,54797.945758400005,20.069844203810796
Meghalaya,ML_East Jaintia Hills,136148.832,64.37297021276595,5.9799999999999995,8141.7001536,20.069844203810796
Meghalaya,ML_North Garo Hills,131577.4,118.21868823000898,5.9799999999999995,7868.32852,20.069844203810796
Meghalaya,ML_Ri Bhoi,287318.56,120.8236164844407,5.9799999999999995,17181.649888,20.069844203810796
Meghalaya,ML_South Garo Hills,158542.288,85.69853405405405,5.9799999999999995,9480.828822399999,20.069844203810796
Meghalaya,ML_South West Garo Hills,191814.44,233.35090024330898,5.9799999999999995,11470.503512,20.069844203810796
Meghalaya,ML_South West Khasi Hills,122489.024,91.34155406413124,5.9799999999999995,7324.8436352,20.069844203810796
Meghalaya,ML_West Jaintia Hills,300631.424,177.57319787359714,5.9799999999999995,17977.759155199998,20.069844203810796
Meghalaya,ML_West Garo Hills,714930.3759999999,192.4960624663436,5.9799999999999995,42752.83648479999,20.069844203810796
Meghalaya,ML_West Khasi Hills,428788.31200000003,81.72066171145416,5.9799999999999995,25641.541057600003,20.069844203810796
Mizoram,MZ_Aizawl,449308.04799999995,125.61030136986301,7.15,32125.525432,52.11154514284464
Mizoram,MZ_Champhai,139411.44,44.00613636363637,7.15,9967.91796,52.11154514284464
Mizoram,MZ_Kolasib,92356.04800000001,66.63495526695526,7.15,6603.457432000002,52.11154514284464
Mizoram,MZ_Lawngtlai,130597.728,51.84506867804684,7.15,9337.737552,52.11154514284464
Mizoram,MZ_Lunglei,171352.52800000002,37.478680664916894,7.15,12251.705752000003,52.11154514284464
Mizoram,MZ_Mamit,95361.784,32.14081024603977,7.15,6818.367556,52.11154514284464
Mizoram,MZ_Saiha,62678.992,44.327434229137204,7.15,4481.547928,52.11154514284464
Mizoram,MZ_Serchhip,72141.0,50.66081460674158,7.15,5158.0815,52.11154514284464
Nagaland,NL_Dimapur,422303.12799999997,456.05089416846647,5.85,24704.732987999996,28.858500016679283
Nagaland,NL_Kiphire,82324.696,65.59736733067729,5.85,4815.994715999999,28.858500016679283
Nagaland,NL_Kohima,300310.05600000004,288.48228242074924,5.85,17568.138276,28.858500016679283
Nagaland,NL_Longleng,56259.416,63.5699615819209,5.85,3291.1758359999994,28.858500016679283
Nagaland,NL_Mokokchung,214806.152,133.0069052631579,5.85,12566.159892,28.858500016679283
Nagaland,NL_Mon,288679.648,161.63474132138856,5.85,16887.759407999998,28.858500016679283
Nagaland,NL_Peren,181582.928,78.9490991304348,5.85,10622.601288000002,28.858500016679283
Nagaland,NL_Phek,181582.928,89.62632181638699,5.85,10622.601288000002,28.858500016679283
Nagaland,NL_Tuensang,461258.71200000006,109.09619489120152,5.85,26983.634652,28.858500016679283
Nagaland,NL_Wokha,184857.768,113.54899754299757,5.85,10814.179428000001,28.858500016679283
Nagaland,NL_Zunheboto,156807.568,124.94626932270916,5.85,9173.242728,28.858500016679283
Odisha,OR_Angul,1414133.736,226.9149127086008,10.790000000000001,152585.03011440003,16.6856140119156
Odisha,OR_Boudh (Bauda),489187.70399999997,157.90435894125244,10.790000000000001,52783.3532616,16.6856140119156
Odisha,OR_Bhadrak,1675252.4640000002,668.7634586826348,10.790000000000001,180759.74086560003,16.6856140119156
Odisha,OR_Balangir,1833214.2880000002,278.8158612927756,10.790000000000001,197803.82167520004,16.6856140119156
Odisha,OR_Bargarh (Baragarh),1644462.2959999999,281.73073428130886,10.790000000000001,177437.4817384,16.6856140119156
Odisha,OR_Balasore,2576969.9280000003,709.1276631810676,10.790000000000001,278055.05523120007,16.6856140119156
Odisha,OR_Cuttack,2912003.296,740.5908687690743,10.790000000000001,314205.1556384,16.6856140119156
Odisha,OR_Debagarh (Deogarh),347126.36799999996,124.82070046745777,10.790000000000001,37454.9351072,16.6856140119156
Odisha,OR_Dhenkanal,1326558.176,297.96904222821206,10.790000000000001,143135.6271904,16.6856140119156
Odisha,OR_Ganjam,3914407.912,485.02068148588717,10.790000000000001,422364.6137048,16.6856140119156
Odisha,OR_Gajapati,640378.56,166.33209350649352,10.790000000000001,69096.84662400001,16.6856140119156
Odisha,OR_Jharsuguda,644402.8879999999,309.6602056703508,10.790000000000001,69531.0716152,16.6856140119156
Odisha,OR_Jajpur,2030817.8,703.19175900277,10.790000000000001,219125.24062000003,16.6856140119156
Odisha,OR_Jagatsinghpur,1263903.648,718.5353314383173,10.790000000000001,136375.2036192,16.6856140119156
Odisha,OR_Khordha,2497931.192,865.0843954978354,10.790000000000001,269526.7756168,16.6856140119156
Odisha,OR_Kendujhar (Keonjhar),2004688.024,243.2873815533981,10.790000000000001,216305.83778960002,16.6856140119156
Odisha,OR_Kalahandi,1749236.0480000002,220.86313737373737,10.790000000000001,188742.56957920003,16.6856140119156
Odisha,OR_Kandhamal,813930.6240000001,101.47495623987034,10.790000000000001,87823.11432960002,16.6856140119156
Odisha,OR_Koraput,1531150.608,173.856092653571,10.790000000000001,165211.15060320002,16.6856140119156
Odisha,OR_Kendrapara,1601158.792,605.5819939485627,10.790000000000001,172765.03365680002,16.6856140119156
Odisha,OR_Malkangiri,681352.4240000001,117.65712726644793,10.790000000000001,73517.92654960002,16.6856140119156
Odisha,OR_Mayurbhanj,2795451.24,268.3289729314648,10.790000000000001,301629.18879600003,16.6856140119156
Odisha,OR_Nabarangpur,1355263.344,255.9998760861353,10.790000000000001,146232.91481760002,16.6856140119156
Odisha,OR_Nuapada,674416.88,197.89227699530517,10.790000000000001,72769.58135200001,16.6856140119156
Odisha,OR_Nayagarh,1069983.08,275.05991773778925,10.790000000000001,115451.17433200002,16.6856140119156
Odisha,OR_Puri,1888157.096,618.8649937725337,10.790000000000001,203732.15065840003,16.6856140119156
Odisha,OR_Rayagada,1069698.408,141.03371366039528,10.790000000000001,115420.45822320001,16.6856140119156
Odisha,OR_Sambalpur,1161383.92,173.28915547597734,10.790000000000001,125313.324968,16.6856140119156
Odisha,OR_Subarnapur (Sonepur),725142.9839999998,317.4881716287215,10.790000000000001,78242.92797359999,16.6856140119156
Odisha,OR_Sundargarh,2313698.3680000002,238.23088632619442,10.790000000000001,249648.05390720005,16.6856140119156
Punjab,PB_Amritsar,2769870.792,1036.2404758698092,11.7,324074.882664,37.48339871719834
Punjab,PB_Barnala,663078.928,465.9725425158117,11.7,77580.234576,37.48339871719834
Punjab,PB_Bathinda,1544411.208,460.331209538003,11.7,180696.111336,37.48339871719834
Punjab,PB_Firozpur,2253836.0719999997,422.5414458192726,11.7,263698.820424,37.48339871719834
Punjab,PB_Faridkot,687224.896,466.8647391304348,11.7,80405.31283199998,37.48339871719834
Punjab,PB_Fatehgarh Sahib,666993.1680000001,565.2484474576272,11.7,78038.200656,37.48339871719834
Punjab,PB_Fazilka,1312697.096,421.6823308705429,11.7,153585.560232,37.48339871719834
Punjab,PB_Gurdaspur,2556516.912,721.7721377752682,11.7,299112.47870399995,37.48339871719834
Punjab,PB_Hoshiarpur,1760065.8159999999,518.1235843391229,11.7,205927.700472,37.48339871719834
Punjab,PB_Jalandhar,2426109.336,924.232128,11.7,283854.792312,37.48339871719834
Punjab,PB_Kapurthala,909246.816,552.397822600243,11.7,106381.877472,37.48339871719834
Punjab,PB_Ludhiana,3878524.784,1035.930764957265,11.7,453787.39972799993,37.48339871719834
Punjab,PB_Mansa,854914.4959999999,393.2449383624655,11.7,100024.99603199998,37.48339871719834
Punjab,PB_Moga,1103425.368,493.7026255033557,11.7,129100.76805599999,37.48339871719834
Punjab,PB_Sri Muktsar Sahib,1003804.6240000001,386.6735839753467,11.7,117445.141008,37.48339871719834
Punjab,PB_Pathankot,696283.248,749.4975758880516,11.7,81465.140016,37.48339871719834
Punjab,PB_Patiala,3216217.584,1012.9819162204724,11.7,376297.45732799993,37.48339871719834
Punjab,PB_Rupnagar,759884.088,542.7743485714286,11.7,88906.438296,37.48339871719834
Punjab,PB_Sahibzada Ajit Singh Nagar,1096595.4640000002,923.0601548821547,11.7,128301.66928800002,37.48339871719834
Punjab,PB_Sangrur,1839701.696,499.24062306648574,11.7,215245.098432,37.48339871719834
Punjab,PB_Shahid Bhagat Singh Nagar,683170.5440000001,532.4789898674981,11.7,79930.95364800001,37.48339871719834
Punjab,PB_Tarn Taran,1245517.84,515.9560231980116,11.7,145725.58728,37.48339871719834
Rajasthan,RJ_Ajmer,2874423.256,338.92503902841645,8.71,250362.26559760005,24.870129423957543
Rajasthan,RJ_Alwar,4083262.888,487.2628744630072,8.71,355652.19754480006,24.870129423957543
Rajasthan,RJ_Bikaner,2632932.44,96.6426530612245,8.71,229328.415524,24.870129423957543
Rajasthan,RJ_Barmer,2896151.736,102.02387487230072,8.71,252254.81620560001,24.870129423957543
Rajasthan,RJ_Banswara,1999591.728,396.98068850506263,8.71,174164.43950880002,24.870129423957543
Rajasthan,RJ_Bharatpur,2834622.5519999997,559.5386008685354,8.71,246895.62427919998,24.870129423957543
Rajasthan,RJ_Baran,1361000.1519999998,195.6865782890007,8.71,118543.11323919999,24.870129423957543
Rajasthan,RJ_Bundi,1238462.2,223.14634234234236,8.71,107870.05762,24.870129423957543
Rajasthan,RJ_Bhilwara,2680430.4080000003,256.37784868483976,8.71,233465.48853680003,24.870129423957543
Rajasthan,RJ_Churu,2269783.264,134.8653157456922,8.71,197698.1222944,24.870129423957543
Rajasthan,RJ_Chittorgarh,1717363.904,158.19490641120115,8.71,149582.39603840004,24.870129423957543
Rajasthan,RJ_Dausa,1820595.312,530.9405984251969,8.71,158573.8516752,24.870129423957543
Rajasthan,RJ_Dholpur,1342509.8159999999,435.3144669260701,8.71,116932.60497360001,24.870129423957543
Rajasthan,RJ_Dungarpur,1544463.4719999998,409.56337098912763,8.71,134522.7684112,24.870129423957543
Rajasthan,RJ_Ganganagar,2190106.24,199.28173248407646,8.71,190758.25350400005,24.870129423957543
Rajasthan,RJ_Hanumangarh,1978970.8,204.65054808686662,8.71,172368.35668000003,24.870129423957543
Rajasthan,RJ_Jhunjhunu,2379299.696,401.3663454790823,8.71,207237.00352160004,24.870129423957543
Rajasthan,RJ_Jalore,2035127.9119999998,191.27142030075188,8.71,177259.6411352,24.870129423957543
Rajasthan,RJ_Jodhpur,4098477.272,179.36443203501094,8.71,356977.37039120006,24.870129423957543
Rajasthan,RJ_Jaipur,7410335.752,664.4849131994263,8.71,645440.2439992,24.870129423957543
Rajasthan,RJ_Jaisalmer,747272.896,19.45972490299732,8.71,65087.4692416,24.870129423957543
Rajasthan,RJ_Jhalawar,1569395.624,252.3549805434957,8.71,136694.35885040002,24.870129423957543
Rajasthan,RJ_Karauli,1621806.408,293.2742148282098,8.71,141259.33813680004,24.870129423957543
Rajasthan,RJ_Kota,2168945.992,398.26404553800967,8.71,188915.19590320002,24.870129423957543
Rajasthan,RJ_Nagaur,3679868.208,207.69094751100573,8.71,320516.5209168001,24.870129423957543
Rajasthan,RJ_Pali,2266848.696,183.00223589246792,8.71,197442.52142160002,24.870129423957543
Rajasthan,RJ_Pratapgarh,965472.872,234.7939863813229,8.71,84092.6871512,24.870129423957543
Rajasthan,RJ_Rajsamand,1288010.696,334.2877487671944,8.71,112185.73162160002,24.870129423957543
Rajasthan,RJ_Sikar,2977643.544,385.10651112260734,8.71,259352.75268240005,24.870129423957543
Rajasthan,RJ_Sawai Madhopur,1487982.7680000002,330.6628373333333,8.71,129603.29909280002,24.870129423957543
Rajasthan,RJ_Sirohi,1153349.72,224.5618613707165,8.71,100456.76061200001,24.870129423957543
Rajasthan,RJ_Tonk,1580942.632,219.75849763691966,8.71,137700.10324720002,24.870129423957543
Rajasthan,RJ_Udaipur,3411114.488,253.99214355919585,8.71,297108.0719048,24.870129423957543
Sikkim,SK_East Sikkim,312797.816,327.8803102725367,7.0200000000000005,21958.406683200003,25.15292911459161
Sikkim,SK_North Sikkim,48209.648,11.40786748698533,7.0200000000000005,3384.3172896000005,25.15292911459161
Sikkim,SK_South Sikkim,163177.104,217.56947200000002,7.0200000000000005,11455.0327008,25.15292911459161
Sikkim,SK_West Sikkim,151564.488,129.9866963979417,7.0200000000000005,10639.827057600001,25.15292911459161
Tamil Nadu,TN_Ariyalur,836758.872,260.8350598503741,11.440000000000001,95725.2149568,48.39761248661241
Tamil Nadu,TN_Chengalpattu,2842543.328,965.209958573854,11.440000000000001,325186.95672320004,48.39761248661241
Tamil Nadu,TN_Chennai,7895200.0,18533.33333333333,11.440000000000001,903210.8800000001,48.39761248661241
Tamil Nadu,TN_Coimbatore,3861506.736,517.0045168027848,11.440000000000001,441756.37059840007,48.39761248661241
Tamil Nadu,TN_Cuddalore,2892178.56,723.2254463615906,11.440000000000001,330865.22726400004,48.39761248661241
Tamil Nadu,TN_Dharmapuri,1671224.8,368.76098852603707,11.440000000000001,191188.11712,48.39761248661241
Tamil Nadu,TN_Dindigul,2403440.1040000003,396.7382145922746,11.440000000000001,274953.54789760004,48.39761248661241
Tamil Nadu,TN_Erode,2512684.096,439.74170388519417,11.440000000000001,287451.06058240007,48.39761248661241
Tamil Nadu,TN_Kallakurichi,1523752.4719999998,432.884225,11.440000000000001,174317.2827968,48.39761248661241
Tamil Nadu,TN_Kanchipuram,1297037.912,783.23545410628,11.440000000000001,148381.1371328,48.39761248661241
Tamil Nadu,TN_Kanyakumari,2071853.936,1229.5869056379822,11.440000000000001,237020.09027840005,48.39761248661241
Tamil Nadu,TN_Karur,1197165.856,412.67351120303334,11.440000000000001,136955.7739264,48.39761248661241
Tamil Nadu,TN_Krishnagiri,2094708.872,411.8578198977585,11.440000000000001,239634.6949568,48.39761248661241
Tamil Nadu,TN_Madurai,4438034.256,1207.2998520130575,11.440000000000001,507711.1188864001,48.39761248661241
Tamil Nadu,TN_Nagapattinam,1794844.728,660.8412106038293,11.440000000000001,205330.2368832,48.39761248661241
Tamil Nadu,TN_Nilgiris,817398.952,320.6743632797176,11.440000000000001,93510.44010880002,48.39761248661241
Tamil Nadu,TN_Namakkal,1913951.0480000002,558.1659515893847,11.440000000000001,218955.99989120004,48.39761248661241
Tamil Nadu,TN_Perambalur,627736.2320000001,358.2969360730593,11.440000000000001,71813.02494080002,48.39761248661241
Tamil Nadu,TN_Pudukkottai,2133622.2,458.7448290690174,11.440000000000001,244086.37968000007,48.39761248661241
Tamil Nadu,TN_Ramanathapuram,1487366.72,360.74865874363326,11.440000000000001,170154.75276800003,48.39761248661241
Tamil Nadu,TN_Ranipet,1345828.024,602.429733213966,11.440000000000001,153962.72594560002,48.39761248661241
Tamil Nadu,TN_Salem,3869768.896,737.8015054337465,11.440000000000001,442701.5617024001,48.39761248661241
Tamil Nadu,TN_Sivaganga,1491470.0,365.01957905041604,11.440000000000001,170624.168,48.39761248661241
Tamil Nadu,TN_Tenkasi,1565281.2240000002,536.7905432098764,11.440000000000001,179068.17202560004,48.39761248661241
Tamil Nadu,TN_Tirupur,2747998.8639999996,538.1901417939679,11.440000000000001,314371.0700416,48.39761248661241
Tamil Nadu,TN_Tiruchirappalli,3017810.0960000004,684.7765137281597,11.440000000000001,345237.4749824001,48.39761248661241
Tamil Nadu,TN_Theni,1382976.608,451.06869145466413,11.440000000000001,158212.5239552,48.39761248661241
Tamil Nadu,TN_Tirunelveli,1851761.336,481.9784841228527,11.440000000000001,211841.49683840002,48.39761248661241
Tamil Nadu,TN_Thanjavur,2671892.472,786.5447371209891,11.440000000000001,305664.49879680004,48.39761248661241
Tamil Nadu,TN_Thoothukudi,1933074.112,420.78234915106657,11.440000000000001,221143.6784128,48.39761248661241
Tamil Nadu,TN_Tirupattur,1236334.9440000001,689.9190535714285,11.440000000000001,141436.7175936,48.39761248661241
Tamil Nadu,TN_Tiruvallur,4142975.064,1209.981035046729,11.440000000000001,473956.3473216,48.39761248661241
Tamil Nadu,TN_Tiruvarur,1410120.5280000002,593.2353925115692,11.440000000000001,161317.78840320004,48.39761248661241
Tamil Nadu,TN_Tiruvannamalai,2745489.08,443.46455822968835,11.440000000000001,314083.95075200003,48.39761248661241
Tamil Nadu,TN_Vellore,1795037.104,862.9986076923077,11.440000000000001,205352.24469760005,48.39761248661241
Tamil Nadu,TN_Viluppuram,2327419.336,624.81056,11.440000000000001,266256.77203840006,48.39761248661241
Tamil Nadu,TN_Virudhunagar,2160959.608,627.0921671503193,11.440000000000001,247213.77915520003,48.39761248661241
Tripura,TR_Dhalai,420322.656,175.13443999999998,9.49,39888.6200544,26.169698444466764
Tripura,TR_Gomati,485797.216,319.01577094825325,9.49,46102.155798399996,26.169698444466764
Tripura,TR_Khowai,364058.792,362.00621675102167,9.49,34549.1793608,26.169698444466764
Tripura,TR_North Tripura,462531.95200000005,320.20211284181374,9.49,43894.2822448,26.169698444466764
Tripura,TR_Sipahijala,538467.096,515.3880204444955,9.49,51100.527410400005,26.169698444466764
Tripura,TR_South Tripura,482315.544,314.37592491200627,9.49,45771.7451256,26.169698444466764
Tripura,TR_Unokoti,308396.52,521.0016724950586,9.49,29266.829748000004,26.169698444466764
Tripura,TR_West Tripura,1020297.808,1082.4866670203173,9.49,96826.2619792,26.169698444466764
Uttar Pradesh,UP_Agra,4871441.816000001,1209.6950126645145,9.1,443301.20525600004,22.2684258526354
Uttar Pradesh,UP_Aligarh,4085320.088,1090.2909228716303,9.1,371764.12800799997,22.2684258526354
Uttar Pradesh,UP_Allahabad,6627295.376,1209.1398241196862,9.1,603083.879216,22.2684258526354
Uttar Pradesh,UP_Ambedkar Nagar,2667364.4080000003,1124.5212512647554,9.1,242730.16112800004,22.2684258526354
Uttar Pradesh,UP_Amethi,2835527.72,925.7354619653937,9.1,258033.02252,22.2684258526354
Uttar Pradesh,UP_Amroha,2044713.352,880.9622369668248,9.1,186068.915032,22.2684258526354
Uttar Pradesh,UP_Auraiya,1525983.144,744.0190853242322,9.1,138864.46610400002,22.2684258526354
Uttar Pradesh,UP_Azamgarh,5133558.008,1266.606959782877,9.1,467153.778728,22.2684258526354
Uttar Pradesh,UP_Bahraich,2651273.768,538.2204157531467,9.1,241265.91288800002,22.2684258526354
Uttar Pradesh,UP_Ballia,3584689.9039999996,1202.512547467293,9.1,326206.78126399993,22.2684258526354
Uttar Pradesh,UP_Balrampur,2389761.392,713.5746169005673,9.1,217468.286672,22.2684258526354
Uttar Pradesh,UP_Banda,2001089.592,453.4533405846363,9.1,182099.152872,22.2684258526354
Uttar Pradesh,UP_Barabanki,3622877.0960000004,947.1574107189543,9.1,329681.815736,22.2684258526354
Uttar Pradesh,UP_Bareilly,4965462.528,1205.2093514563107,9.1,451857.090048,22.2684258526354
Uttar Pradesh,UP_Basti,2736694.272,1018.4943327130627,9.1,249039.178752,22.2684258526354
Uttar Pradesh,UP_Bhadohi,1728273.736,1800.285141666667,9.1,157272.909976,22.2684258526354
Uttar Pradesh,UP_Bijnor,4096492.352,898.1566217934662,9.1,372780.804032,22.2684258526354
Uttar Pradesh,UP_Budaun,4128564.6560000004,798.8708699690402,9.1,375699.38369600003,22.2684258526354
Uttar Pradesh,UP_Bulandshahr,3890339.784,1046.071466523259,9.1,354020.92034400004,22.2684258526354
Uttar Pradesh,UP_Chandauli,2171416.856,850.2023711824588,9.1,197598.93389600003,22.2684258526354
Uttar Pradesh,UP_Chitrakoot,1101576.112,344.02751780137413,9.1,100243.42619199998,22.2684258526354
Uttar Pradesh,UP_Deoria,3445684.3439999996,1359.244317159763,9.1,313557.27530399995,22.2684258526354
Uttar Pradesh,UP_Etah,1958401.024,797.3945537459282,9.1,178214.493184,22.2684258526354
Uttar Pradesh,UP_Etawah,1756025.92,767.8294359422824,9.1,159798.35872,22.2684258526354
Uttar Pradesh,UP_Faizabad,2744828.5519999997,992.7047204339964,9.1,249779.39823199995,22.2684258526354
Uttar Pradesh,UP_Farrukhabad,2098985.624,921.0116823168056,9.1,191007.691784,22.2684258526354
Uttar Pradesh,UP_Fatehpur,2927544.608,705.0926319845858,9.1,266406.559328,22.2684258526354
Uttar Pradesh,UP_Firozabad,2776398.232,1175.9416484540448,9.1,252652.23911199998,22.2684258526354
Uttar Pradesh,UP_Gautam Buddh Nagar,1862281.968,1467.5192813238768,9.1,169467.65908800001,22.2684258526354
Uttar Pradesh,UP_Ghaziabad,5183534.624,4411.51882893617,9.1,471701.65078399994,22.2684258526354
Uttar Pradesh,UP_Ghazipur,4028472.4239999996,1192.9145466390287,9.1,366590.99058399996,22.2684258526354
Uttar Pradesh,UP_Gonda,3815701.232,862.3053631638417,9.1,347228.812112,22.2684258526354
Uttar Pradesh,UP_Gorakhpur,4933137.8,1483.6504661654135,9.1,448915.53979999997,22.2684258526354
Uttar Pradesh,UP_Hamirpur,1227671.352,283.85464786127164,9.1,111718.09303199999,22.2684258526354
Uttar Pradesh,UP_Hapur,1488090.632,2254.682775757576,9.1,135416.247512,22.2684258526354
Uttar Pradesh,UP_Hardoi,4549614.56,760.042525893752,9.1,414014.9249599999,22.2684258526354
Uttar Pradesh,UP_Hathras,1741033.936,993.7408310502284,9.1,158434.088176,22.2684258526354
Uttar Pradesh,UP_Jalaun,1857838.416,406.97446133625414,9.1,169063.295856,22.2684258526354
Uttar Pradesh,UP_Jaunpur,4977392.063999999,1232.637955423477,9.1,452942.6778239999,22.2684258526354
Uttar Pradesh,UP_Jhansi,2224839.56,442.84226910828033,9.1,202460.39996,22.2684258526354
Uttar Pradesh,UP_Kannauj,1843701.56,925.0885900652285,9.1,167776.84196,22.2684258526354
Uttar Pradesh,UP_Kanpur Dehat,1996142.304,660.7554796425026,9.1,181648.94966399999,22.2684258526354
Uttar Pradesh,UP_Kanpur Nagar,5085121.512,1611.2552319391634,9.1,462746.057592,22.2684258526354
Uttar Pradesh,UP_Kasganj,1599229.4719999998,818.02019028133,9.1,145529.881952,22.2684258526354
Uttar Pradesh,UP_Kaushambi,1775762.8080000002,966.6645661404464,9.1,161594.415528,22.2684258526354
Uttar Pradesh,UP_Kushinagar,3959642.96,1361.1698040563767,9.1,360327.50935999997,22.2684258526354
Uttar Pradesh,UP_Lakhimpur Kheri,4463161.008,581.5951274433153,9.1,406147.651728,22.2684258526354
Uttar Pradesh,UP_Lalitpur,1354418.2240000002,268.7871053780512,9.1,123252.058384,22.2684258526354
Uttar Pradesh,UP_Lucknow,5102361.96,2018.3393829113925,9.1,464314.93836,22.2684258526354
Uttar Pradesh,UP_Maharajganj,2963804.704,1003.6588906197087,9.1,269706.22806399997,22.2684258526354
Uttar Pradesh,UP_Mahoba,974173.16,342.1753284158764,9.1,88649.75756,22.2684258526354
Uttar Pradesh,UP_Mainpuri,2054079.728,744.2317855072464,9.1,186921.255248,22.2684258526354
Uttar Pradesh,UP_Mathura,2826586.128,848.0606444644466,9.1,257219.33764800002,22.2684258526354
Uttar Pradesh,UP_Mau,2452149.04,1431.4938937536483,9.1,223145.56264,22.2684258526354
Uttar Pradesh,UP_Meerut,3833514.36,1520.0294845360825,9.1,348849.80676,22.2684258526354
Uttar Pradesh,UP_Mirzapur,2773920.6960000005,613.4278407784168,9.1,252426.78333600005,22.2684258526354
Uttar Pradesh,UP_Moradabad,5307729.456,1427.5765077998926,9.1,483003.380496,22.2684258526354
Uttar Pradesh,UP_Muzaffarnagar,4602128.76,1148.235718562874,9.1,418793.71716,22.2684258526354
Uttar Pradesh,UP_Pilibhit,2265394.2,647.4404687053444,9.1,206150.87220000004,22.2684258526354
Uttar Pradesh,UP_Pratapgarh,3529212.224,949.47867204735,9.1,321158.312384,22.2684258526354
Uttar Pradesh,UP_Raebareli,3785252.4480000003,821.2741262746798,9.1,344457.972768,22.2684258526354
Uttar Pradesh,UP_Rampur,2596962.576,1097.1536020278834,9.1,236323.59441599998,22.2684258526354
Uttar Pradesh,UP_Saharanpur,3852221.5360000003,1044.2454692328542,9.1,350552.159776,22.2684258526354
Uttar Pradesh,UP_Sambhal,2465326.24,1005.0249653485527,9.1,224344.68784000003,22.2684258526354
Uttar Pradesh,UP_Sant Kabir Nagar,1906301.6,1321.9844660194176,9.1,173473.44559999998,22.2684258526354
Uttar Pradesh,UP_Shahjahanpur,3338642.1119999997,729.7578386885248,9.1,303816.432192,22.2684258526354
Uttar Pradesh,UP_Shamli,1417594.28,1333.578814675447,9.1,129001.07947999999,22.2684258526354
Uttar Pradesh,UP_Shravasti,1239451.88,636.268932238193,9.1,112790.12108,22.2684258526354
Uttar Pradesh,UP_Siddharthnagar,2839520.912,1032.1777215557981,9.1,258396.402992,22.2684258526354
Uttar Pradesh,UP_Sitapur,4975583.952,866.3736639387079,9.1,452778.13963199995,22.2684258526354
Uttar Pradesh,UP_Sonbhadra,2071224.544,305.1303099587508,9.1,188481.43350400002,22.2684258526354
Uttar Pradesh,UP_Sultanpur,4215505.2639999995,950.2942434625791,9.1,383610.97902399994,22.2684258526354
Uttar Pradesh,UP_Unnao,3458981.64,758.3822933567201,9.1,314767.32924,22.2684258526354
Uttar Pradesh,UP_Varanasi,4094599.728,2667.4916794788273,9.1,372608.57524800004,22.2684258526354
Uttarakhand,UT_Almora,691582.824,223.8132116504854,10.01,69227.4406824,30.23249773058325
Uttarakhand,UT_Bageshwar,288942.08,125.08315151515151,10.01,28923.102208000004,30.23249773058325
Uttarakhand,UT_Chamoli,434918.768,56.54170150806032,10.01,43535.368676800004,30.23249773058325
Uttarakhand,UT_Champawat,288358.28,161.90807411566539,10.01,28864.663828000004,30.23249773058325
Uttarakhand,UT_Dehradun,1888798.72,611.6576165803109,10.01,189068.751872,30.23249773058325
Uttarakhand,UT_Haridwar,2142856.248,907.9899355932204,10.01,214499.9104248,30.23249773058325
Uttarakhand,UT_Nainital,1062102.336,275.6559397871788,10.01,106316.44383359999,30.23249773058325
Uttarakhand,UT_Pauri Garhwal,763418.0240000001,140.38580801765357,10.01,76418.14420240001,30.23249773058325
Uttarakhand,UT_Pithoragarh,540424.216,76.0090317862166,10.01,54096.464021600004,30.23249773058325
Uttarakhand,UT_Rudraprayag,263384.984,138.91613080168779,10.01,26364.8368984,30.23249773058325
Uttarakhand,UT_Tehri Garhwal,685446.808,167.79603623011016,10.01,68613.2254808,30.23249773058325
Uttarakhand,UT_Udham Singh Nagar,1832984.104,629.4588269230769,10.01,183481.70881039998,30.23249773058325
Uttarakhand,UT_Uttarkashi,366610.83200000005,46.1087702175827,10.01,36697.7442832,30.23249773058325
West Bengal,WB_Alipurduar,1890400.0,558.7939698492462,9.23,174483.92,31.873619949753557
West Bengal,WB_Bankura,3999076.704,581.0922266782911,9.23,369114.77977920003,31.873619949753557
West Bengal,WB_Paschim Bardhaman,3204818.472,1999.2629270118528,9.23,295804.7449656,31.873619949753557
West Bengal,WB_Purba Bardhaman,5377111.584,989.7131573716181,9.23,496307.39920319995,31.873619949753557
West Bengal,WB_Birbhum,3894654.3439999996,856.9096466446645,9.23,359476.5959512,31.873619949753557
West Bengal,WB_Cooch Behar,3138931.36,926.7585946265132,9.23,289723.364528,31.873619949753557
West Bengal,WB_Dakshin Dinajpur,1858075.272,851.1567897388913,9.23,171500.34760560002,31.873619949753557
West Bengal,WB_Darjeeling,2048341.8080000002,650.4737402349953,9.23,189061.94887840003,31.873619949753557
West Bengal,WB_Hooghly,6138672.568,1949.4038005716102,9.23,566599.4780264001,31.873619949753557
West Bengal,WB_Howrah,5383901.456,3670.0078091342875,9.23,496934.10438880004,31.873619949753557
West Bengal,WB_Jalpaiguri,4303078.6,691.0355869600128,9.23,397174.15478,31.873619949753557
West Bengal,WB_Jhargram,1263841.376,416.0109861751152,9.23,116652.5590048,31.873619949753557
West Bengal,WB_Kalimpong,279825.904,265.4894724857685,9.23,25827.9309392,31.873619949753557
West Bengal,WB_Kolkata,4989187.048,24209.95267857143,9.23,460501.96453040006,31.873619949753557
West Bengal,WB_Maldah,4445742.64,1190.9302544870075,9.23,410342.045672,31.873619949753557
West Bengal,WB_Murshidabad,7897902.16,1483.4526972201352,9.23,728976.3693680001,31.873619949753557
West Bengal,WB_Nadia,5747358.656,1463.5494413037939,9.23,530481.2039488001,31.873619949753557
West Bengal,WB_North 24 Parganas,11212131.424,2738.674016609673,9.23,1034879.7304352,31.873619949753557
West Bengal,WB_Paschim Medinipur,5664792.656,606.1843398608881,9.23,522860.36214880005,31.873619949753557
West Bengal,WB_Purba Medinipur,4912123.223999999,1037.1881807432433,9.23,453388.9735752,31.873619949753557
West Bengal,WB_Purulia,3255897.08,520.1944527879854,9.23,300519.30048400006,31.873619949753557
West Bengal,WB_South 24 Parganas,9066331.712000001,910.2742682730924,9.23,836822.4170176001,31.873619949753557
West Bengal,WB_Uttar Dinajpur,3336944.088,1049.3534867924527,9.23,307999.9393224,31.873619949753557
Andaman and Nicobar Islands,AN_Nicobar,40968.304,22.253288430200982,6.37,2609.6809648,37.702355083411945
Andaman and Nicobar Islands,AN_North and Middle Andaman,117423.864,31.4303704496788,6.37,7479.9001368,37.702355083411945
Andaman and Nicobar Islands,AN_South Andaman,264813.904,99.10700000000001,6.37,16868.645684799998,37.702355083411945
Chandigarh,CH_Chandigarh,1173660.4,10295.266666666666,6.5,76287.92599999999,97.25320953147947
Dadra and Nagar Haveli and Daman and Diu,DN_Daman,212584.37600000002,2952.5607777777777,6.629999999999999,14094.3441288,58.51307423384377
Dadra and Nagar Haveli and Daman and Diu,DN_Diu,57906.288,1484.776615384615,6.629999999999999,3839.1868943999993,58.51307423384377
Dadra and Nagar Haveli and Daman and Diu,DN_Dadra and Nagar Haveli,382204.408,778.4203828920571,6.629999999999999,25340.152250399995,58.51307423384377
Jammu and Kashmir,JK_Anantnag,1190000.128,417.1048468279005,8.71,103649.01114880001,27.37548302401138
Jammu and Kashmir,JK_Badgam,818157.3359999999,581.9042219061166,8.71,71261.5039656,27.37548302401138
Jammu and Kashmir,JK_Bandipora,428230.088,142.2691322259136,8.71,37298.8406648,27.37548302401138
Jammu and Kashmir,JK_Baramulla,1129239.336,339.2127774106338,8.71,98356.74616560001,27.37548302401138
Jammu and Kashmir,JK_Doda,455448.51200000005,173.50419504761902,8.71,39669.56539520001,27.37548302401138
Jammu and Kashmir,JK_Ganderbal,330267.336,166.88597069226884,8.71,28766.284965600003,27.37548302401138
Jammu and Kashmir,JK_Jammu,1697363.4719999998,548.0669912818856,8.71,147840.35841120002,27.37548302401138
Jammu and Kashmir,JK_Kathua,684670.632,258.2688162957374,8.71,59634.81204720001,27.37548302401138
Jammu and Kashmir,JK_Kishtwar,256533.952,33.15677290939641,8.71,22344.1072192,27.37548302401138
Jammu and Kashmir,JK_Kulgam,470138.032,1028.7484288840262,8.71,40949.0225872,27.37548302401138
Jammu and Kashmir,JK_Kupwara,973627.168,409.2590029424128,8.71,84802.9263328,27.37548302401138
Jammu and Kashmir,JK_Poonch,530223.84,316.74064516129033,8.71,46182.496464,27.37548302401138
Jammu and Kashmir,JK_Pulwama,633906.72,453.4382832618026,8.71,55213.275312000005,27.37548302401138
Jammu and Kashmir,JK_Rajouri,688623.792,261.83414144486693,8.71,59979.13228320001,27.37548302401138
Jammu and Kashmir,JK_Ramban,315044.05600000004,236.87523007518794,8.71,27440.337277600007,27.37548302401138
Jammu and Kashmir,JK_Reasi,349961.968,204.6561216374269,8.71,30481.6874128,27.37548302401138
Jammu and Kashmir,JK_Samba,354295.4320000001,388.05633296823663,8.71,30859.132127200013,27.37548302401138
Jammu and Kashmir,JK_Shopian,295747.52,947.9087179487179,8.71,25759.608992000005,27.37548302401138
Jammu and Kashmir,JK_Srinagar,1411963.112,633.7356876122083,8.71,122981.9870552,27.37548302401138
Jammu and Kashmir,JK_Udhampur,617556.9839999999,135.72680967032971,8.71,53789.2133064,27.37548302401138
Lakshadweep,LD_Lakshadweep,71693.976,2389.7992,7.93,5685.3322968,78.06678764754238
Delhi,DL_Central Delhi,647539.84,25901.5936,6.76,43773.693183999996,97.5039106939916
Delhi,DL_East Delhi,1900792.7519999999,4319.983527272729,6.76,128493.59003519999,97.5039106939916
Delhi,DL_New Delhi,157908.448,7177.656727272727,6.76,10674.611084799999,97.5039106939916
Delhi,DL_North Delhi,987431.536,16736.127728813557,6.76,66750.37183359999,97.5039106939916
Delhi,DL_North East Delhi,2492685.8880000003,47936.267076923075,6.76,168505.5660288,97.5039106939916
Delhi,DL_North West Delhi,4066071.3680000002,31277.47206153846,6.76,274866.4244768,97.5039106939916
Delhi,DL_South Delhi,3037905.048,12151.620192,6.76,205362.3812448,97.5039106939916
Delhi,DL_South West Delhi,2549769.296,6455.112141772152,6.76,172364.4044096,97.5039106939916
Delhi,DL_West Delhi,2828086.216,25250.76978571428,6.76,191178.6282016,97.5039106939916
Puducherry,PY_Karaikal,222646.86399999997,1418.1328917197452,10.790000000000001,24023.596625600003,68.33214071363265
Puducherry,PY_Mah,46499.392,5166.599111111111,10.790000000000001,5017.284396800001,68.33214071363265
Puducherry,PY_Puducherry,1056721.368,3606.5575699658702,10.790000000000001,114020.23560720001,68.33214071363265
Puducherry,PY_Yanam,61856.112,2061.8704,10.790000000000001,6674.2744848,68.33214071363265
