state,District_Key,population_x,area,density,Confirmed,Active,Recovered,Deceased,Migrated_Other,population_y,No.CCE,No.CCP,CCE per lakh population,CCE per CCP
Andhra Pradesh,Anantapur,4540646.28,19130.0,237.35735912179825,67121,149,66377,595,0,42332781.5,1599.5,1117.0,2.0,0.5
Andhra Pradesh,Chittoor,4637560.416,15152.0,306.06919324181627,85381,452,84092,837,0,42332781.5,1599.5,1117.0,2.0,0.5
Andhra Pradesh,East Godavari,5728522.488,10807.0,530.0751816415286,123267,489,122142,636,0,42332781.5,1599.5,1117.0,2.0,0.5
Andhra Pradesh,Guntur,5436823.76,11391.0,477.2911737336494,74228,621,72947,660,0,42332781.5,1599.5,1117.0,2.0,0.5
Andhra Pradesh,Kadapa,3207590.688,15359.0,208.8411151767693,54774,122,54197,455,0,42332781.5,1599.5,1117.0,2.0,0.5
Andhra Pradesh,Krishna,5036258.008,8727.0,577.0892641228372,47104,809,45638,657,0,42332781.5,1599.5,1117.0,2.0,0.5
Andhra Pradesh,Kurnool,4499820.312,17658.0,254.83182195039075,60483,149,59847,487,0,42332781.5,1599.5,1117.0,2.0,0.5
Andhra Pradesh,Prakasam,3772753.568,17626.0,214.0447956428004,61888,207,61103,578,0,42332781.5,1599.5,1117.0,2.0,0.5
Andhra Pradesh,Sri Potti Sriramulu Nellore,3298283.184,13076.0,252.23946038543895,61911,570,60837,504,0,42332781.5,1599.5,1117.0,2.0,0.5
Andhra Pradesh,Srikakulam,3001811.752,5837.0,514.2730430015419,45819,178,45295,346,0,42332781.5,1599.5,1117.0,2.0,0.5
Andhra Pradesh,Visakhapatnam,4768381.656,11161.0,427.23605913448614,58825,243,58033,549,0,42332781.5,1599.5,1117.0,2.0,0.5
Andhra Pradesh,Vizianagaram,2605269.216,6539.0,398.4201278482949,40958,79,40641,238,0,42332781.5,1599.5,1117.0,2.0,0.5
Andhra Pradesh,West Godavari,4375477.584,7742.0,565.1611449237922,93631,287,92812,532,0,42332781.5,1599.5,1117.0,2.0,0.5
Arunachal Pradesh,Anjaw,23450.967999999997,6190.0,3.7885247172859446,204,10,194,0,0,1382611.0,393.0,164.0,28.0,2.0
Arunachal Pradesh,Changlang,164521.512,4662.0,35.28989961389961,1271,14,1253,4,0,1382611.0,393.0,164.0,28.0,2.0
Arunachal Pradesh,East Kameng,87195.256,4134.0,21.092224479922592,304,1,303,0,0,1382611.0,393.0,164.0,28.0,2.0
Arunachal Pradesh,East Siang,110109.12800000001,3603.0,30.560401887316125,1115,25,1086,4,0,1382611.0,393.0,164.0,28.0,2.0
Arunachal Pradesh,Kamle,24748.672000000002,200.0,123.74336000000001,29,0,29,0,0,1382611.0,393.0,164.0,28.0,2.0
Arunachal Pradesh,Kurung Kumey,99765.304,6040.0,16.517434437086095,117,0,117,0,0,1382611.0,393.0,164.0,28.0,2.0
Arunachal Pradesh,Lohit,161838.256,2402.0,67.37645961698584,567,5,562,0,0,1382611.0,393.0,164.0,28.0,2.0
Arunachal Pradesh,Longding,66720.0,1200.0,55.6,248,2,246,0,0,1382611.0,393.0,164.0,28.0,2.0
Arunachal Pradesh,Lower Dibang Valley,60032.432,3900.0,15.392931282051284,471,9,462,0,0,1382611.0,393.0,164.0,28.0,2.0
Arunachal Pradesh,Lower Subansiri,92116.96800000001,3508.0,26.25911288483466,381,0,380,1,0,1382611.0,393.0,164.0,28.0,2.0
Arunachal Pradesh,Namsai,106696.4,1587.0,67.23150598613736,426,3,419,4,0,1382611.0,393.0,164.0,28.0,2.0
Arunachal Pradesh,Papum Pare,196140.12,2875.0,68.22265043478261,6740,94,6617,29,0,1382611.0,393.0,164.0,28.0,2.0
Arunachal Pradesh,Shi Yomi,14800.72,2875.0,5.14807652173913,104,4,100,0,0,1382611.0,393.0,164.0,28.0,2.0
Arunachal Pradesh,Siang,35495.04,2919.0,12.16,132,5,126,1,0,1382611.0,393.0,164.0,28.0,2.0
Arunachal Pradesh,Tawang,55544.4,2085.0,26.64,447,29,417,1,0,1382611.0,393.0,164.0,28.0,2.0
Arunachal Pradesh,Tirap,124540.664,2362.0,52.72678408128704,584,5,577,2,0,1382611.0,393.0,164.0,28.0,2.0
Arunachal Pradesh,Upper Dibang Valley,8838.176,9129.0,0.9681428414941396,23,0,23,0,0,1382611.0,393.0,164.0,28.0,2.0
Arunachal Pradesh,Upper Siang,39241.367999999995,6188.0,6.341526826115063,359,1,358,0,0,1382611.0,393.0,164.0,28.0,2.0
Arunachal Pradesh,Upper Subansiri,92523.96,7032.0,13.157559726962461,440,0,438,2,0,1382611.0,393.0,164.0,28.0,2.0
Arunachal Pradesh,West Kameng,96758.45599999999,7422.0,13.036709242791703,911,22,885,4,0,1382611.0,393.0,164.0,28.0,2.0
Arunachal Pradesh,West Siang,124846.464,8325.0,14.996572252252252,1028,4,1021,3,0,1382611.0,393.0,164.0,28.0,2.0
Assam,Baksa,1060595.576,2008.0,528.1850478087649,687,233,447,7,0,31169272.0,2120.0,801.0,7.0,3.0
Assam,Barpeta,1882827.28,3245.0,580.224123266564,1121,85,1024,12,0,31169272.0,2120.0,801.0,7.0,3.0
Assam,Bishwanath,681089.9920000001,1100.0,619.17272,467,82,379,6,0,31169272.0,2120.0,801.0,7.0,3.0
Assam,Bongaigaon,814694.568,1724.0,472.5606542923434,1303,463,834,6,0,31169272.0,2120.0,801.0,7.0,3.0
Assam,Cachar,1930786.728,3786.0,509.98064659270995,6216,4681,1498,37,0,31169272.0,2120.0,801.0,7.0,3.0
Assam,Charaideo,524216.816,1069.0,490.3805575304023,113,-3,105,11,0,31169272.0,2120.0,801.0,7.0,3.0
Assam,Chirang,535781.616,1975.0,271.281830886076,280,53,219,8,0,31169272.0,2120.0,801.0,7.0,3.0
Assam,Darrang,1009796.08,1849.0,546.1309248242293,1967,219,1730,18,0,31169272.0,2120.0,801.0,7.0,3.0
Assam,Dhemaji,765141.6240000001,3237.0,236.37368674698794,765,317,440,8,0,31169272.0,2120.0,801.0,7.0,3.0
Assam,Dhubri,2166878.784,2838.0,763.5231797040169,1723,497,1215,11,0,31169272.0,2120.0,801.0,7.0,3.0
Assam,Dibrugarh,1476455.7759999998,3381.0,436.6920366755398,9486,6975,2409,102,0,31169272.0,2120.0,801.0,7.0,3.0
Assam,Dima Hasao,237444.24800000002,4888.0,48.57697381342062,237,36,199,2,0,31169272.0,2120.0,801.0,7.0,3.0
Assam,Goalpara,1121962.408,1824.0,615.1109692982458,658,38,568,10,0,31169272.0,2120.0,801.0,7.0,3.0
Assam,Golaghat,1177245.488,3502.0,336.1637601370645,3803,2102,1656,45,0,31169272.0,2120.0,801.0,7.0,3.0
Assam,Hailakandi,733097.12,1327.0,552.4469630746044,1632,509,1116,7,0,31169272.0,2120.0,801.0,7.0,3.0
Assam,Jorhat,1213520.04,2851.0,425.6471553840758,8771,6967,1752,52,0,31169272.0,2120.0,801.0,7.0,3.0
Assam,Kamrup,1687128.624,3480.0,484.80707586206904,4590,2484,2074,32,0,31169272.0,2120.0,801.0,7.0,3.0
Assam,Kamrup Metropolitan,1401585.928,627.0,2235.384255183413,49851,34335,15370,146,0,31169272.0,2120.0,801.0,7.0,3.0
Assam,Karbi Anglong,1073391.36,10434.0,102.87438757906843,632,69,552,11,0,31169272.0,2120.0,801.0,7.0,3.0
Assam,Karimganj,1353306.2240000002,1809.0,748.0963095632947,1200,219,955,26,0,31169272.0,2120.0,801.0,7.0,3.0
Assam,Kokrajhar,986342.8879999999,3129.0,315.22623457973793,408,43,353,12,0,31169272.0,2120.0,801.0,7.0,3.0
Assam,Lakhimpur,1157196.128,2277.0,508.2108599033817,3006,1847,1135,24,0,31169272.0,2120.0,801.0,7.0,3.0
Assam,Majuli,186042.048,880.0,211.4114181818182,165,79,80,6,0,31169272.0,2120.0,801.0,7.0,3.0
Assam,Morigaon,1065132.5359999998,1704.0,625.077779342723,638,72,557,9,0,31169272.0,2120.0,801.0,7.0,3.0
Assam,Nagaon,3142518.6720000007,3831.0,820.2867846515271,4515,1984,2506,25,0,31169272.0,2120.0,801.0,7.0,3.0
Assam,Nalbari,856149.928,1009.0,848.5133082259662,948,105,828,15,0,31169272.0,2120.0,801.0,7.0,3.0
Assam,Sivasagar,1279081.336,2668.0,479.4157931034482,529,23,473,33,0,31169272.0,2120.0,801.0,7.0,3.0
Assam,South Salmara,617286.7679999999,568.0,1086.7724788732396,51,3,47,1,0,31169272.0,2120.0,801.0,7.0,3.0
Assam,Sonitpur,2141684.2,5324.0,402.2697595792637,2548,805,1727,16,0,31169272.0,2120.0,801.0,7.0,3.0
Assam,Tinsukia,1464446.176,3790.0,386.39740791556727,3366,1527,1798,41,0,31169272.0,2120.0,801.0,7.0,3.0
Assam,Udalguri,926039.128,1676.0,552.5293126491647,758,84,666,8,0,31169272.0,2120.0,801.0,7.0,3.0
Assam,West Karbi Anglong,333955.84,3035.0,110.03487314662273,39,1,37,1,0,31169272.0,2120.0,801.0,7.0,3.0
Bihar,Araria,3120494.4,2829.0,1103.0379639448568,7106,63,7021,22,0,103804637.0,2069.0,586.0,2.0,4.0
Bihar,Arwal,779337.416,638.0,1221.532,2241,36,2194,11,0,103804637.0,2069.0,586.0,2.0,4.0
Bihar,Aurangabad,2792502.216,3303.0,845.4442070844686,4958,35,4908,15,0,103804637.0,2069.0,586.0,2.0,4.0
Bihar,Banka,2256624.9680000003,3018.0,747.7219907223326,3377,87,3271,19,0,103804637.0,2069.0,586.0,2.0,4.0
Bihar,Begusarai,3285256.104,1917.0,1713.7486197183096,7514,81,7401,32,0,103804637.0,2069.0,586.0,2.0,4.0
Bihar,Bhagalpur,3371835.312,2569.0,1312.5088797197352,9270,159,9036,75,0,103804637.0,2069.0,586.0,2.0,4.0
Bihar,Bhojpur,3024812.36,2473.0,1223.134799838253,4884,38,4804,42,0,103804637.0,2069.0,586.0,2.0,4.0
Bihar,Buxar,1898899.0159999998,1624.0,1169.2727931034485,3928,52,3859,17,0,103804637.0,2069.0,586.0,2.0,4.0
Bihar,Darbhanga,4361231.752,2278.0,1914.5003301141355,3984,40,3912,32,0,103804637.0,2069.0,586.0,2.0,4.0
Bihar,East Champaran,5652149.216,3969.0,1424.0738765432097,8237,84,8103,50,0,103804637.0,2069.0,586.0,2.0,4.0
Bihar,Gaya,4869873.896000001,4978.0,978.2792077139412,7660,209,7392,59,0,103804637.0,2069.0,586.0,2.0,4.0
Bihar,Gopalganj,2844537.144,2033.0,1399.1820678799802,5675,63,5597,15,0,103804637.0,2069.0,586.0,2.0,4.0
Bihar,Jamui,1952758.736,3099.0,630.1254391739271,3118,26,3082,10,0,103804637.0,2069.0,586.0,2.0,4.0
Bihar,Jehanabad,1250083.712,1569.0,796.7391408540473,4345,99,4228,18,0,103804637.0,2069.0,586.0,2.0,4.0
Bihar,Kaimur,1809112.8,3363.0,537.9461195361284,1978,19,1949,10,0,103804637.0,2069.0,586.0,2.0,4.0
Bihar,Katihar,3411781.688,3056.0,1116.4207094240835,7095,106,6977,12,0,103804637.0,2069.0,586.0,2.0,4.0
Bihar,Khagaria,1843250.0880000002,1486.0,1240.4105572005385,3022,27,2983,12,0,103804637.0,2069.0,586.0,2.0,4.0
Bihar,Kishanganj,1880334.176,1884.0,998.0542335456475,4229,96,4120,13,0,103804637.0,2069.0,586.0,2.0,4.0
Bihar,Lakhisarai,1112797.304,1229.0,905.449393002441,3630,82,3539,9,0,103804637.0,2069.0,586.0,2.0,4.0
Bihar,Madhepura,2218015.216,1787.0,1241.1948606603246,4755,43,4696,16,0,103804637.0,2069.0,586.0,2.0,4.0
Bihar,Madhubani,4977360.928,3501.0,1421.6969231648102,7510,54,7425,31,0,103804637.0,2069.0,586.0,2.0,4.0
Bihar,Munger,1511268.0480000002,1419.0,1065.023289640592,4108,68,3991,49,0,103804637.0,2069.0,586.0,2.0,4.0
Bihar,Muzaffarpur,5313814.32,3173.0,1674.697232902616,11224,198,10981,45,0,103804637.0,2069.0,586.0,2.0,4.0
Bihar,Nalanda,3194245.5760000004,2354.0,1356.9437451146982,7966,130,7781,55,0,103804637.0,2069.0,586.0,2.0,4.0
Bihar,Nawada,2464918.136,2492.0,989.1324783306579,4060,141,3897,22,0,103804637.0,2069.0,586.0,2.0,4.0
Bihar,Patna,6419358.0479999995,3202.0,2004.7963922548406,46359,1926,44077,356,0,103804637.0,2069.0,586.0,2.0,4.0
Bihar,Purnia,3639717.224,3228.0,1127.54560842627,9180,92,9067,21,0,103804637.0,2069.0,586.0,2.0,4.0
Bihar,Rohtas,3294403.416,3850.0,855.689198961039,6622,71,6506,45,0,103804637.0,2069.0,586.0,2.0,4.0
Bihar,Saharsa,2109577.424,1702.0,1239.4696968272622,6646,88,6547,11,0,103804637.0,2069.0,586.0,2.0,4.0
Bihar,Samastipur,4731317.584,2905.0,1628.680751807229,5104,68,5002,34,0,103804637.0,2069.0,586.0,2.0,4.0
Bihar,Saran,4384724.976,2641.0,1660.251789473684,6899,222,6625,52,0,103804637.0,2069.0,586.0,2.0,4.0
Bihar,Sheikhpura,706038.824,689.0,1024.7297880986937,2965,8,2946,11,0,103804637.0,2069.0,586.0,2.0,4.0
Bihar,Sheohar,730490.5920000001,443.0,1648.9629616252819,1404,62,1341,1,0,103804637.0,2069.0,586.0,2.0,4.0
Bihar,Sitamarhi,3802619.664,2199.0,1729.2495061391544,4261,99,4148,14,0,103804637.0,2069.0,586.0,2.0,4.0
Bihar,Siwan,3689811.712,2219.0,1662.82636863452,4586,100,4458,28,0,103804637.0,2069.0,586.0,2.0,4.0
Bihar,Supaul,2477977.464,2410.0,1028.2064165975103,5519,28,5474,17,0,103804637.0,2069.0,586.0,2.0,4.0
Bihar,Vaishali,3886463.352,2036.0,1908.8719803536346,5302,69,5188,44,1,103804637.0,2069.0,586.0,2.0,4.0
Bihar,West Champaran,4375766.704,5229.0,836.8266789061006,5924,97,5805,22,0,103804637.0,2069.0,586.0,2.0,4.0
Chhattisgarh,Balod,918695.48,3527.0,260.47504394669687,8522,928,7523,71,0,25540196.0,1340.0,513.0,5.0,3.0
Chhattisgarh,Baloda Bazar,1451541.416,4748.0,305.7163892165122,8455,172,8162,121,0,25540196.0,1340.0,513.0,5.0,3.0
Chhattisgarh,Balrampur,665926.76,3806.0,174.96761954808198,3159,165,2983,11,0,25540196.0,1340.0,513.0,5.0,3.0
Chhattisgarh,Bastar,1448105.336,4030.0,359.3313488833748,7487,153,7256,78,0,25540196.0,1340.0,513.0,5.0,3.0
Chhattisgarh,Bemetara,219102.92,2855.0,76.74357968476356,4289,464,3777,48,0,25540196.0,1340.0,513.0,5.0,3.0
Chhattisgarh,Bijapur,255573.18399999998,6562.0,38.94745260591283,3958,39,3891,28,0,25540196.0,1340.0,513.0,5.0,3.0
Chhattisgarh,Bilaspur,2181657.264,5818.0,374.98406050189067,16952,400,16368,184,0,25540196.0,1340.0,513.0,5.0,3.0
Chhattisgarh,Dantewada,593405.456,3411.0,173.96817824684842,5765,22,5728,15,0,25540196.0,1340.0,513.0,5.0,3.0
Chhattisgarh,Dhamtari,888709.288,2029.0,438.0035919172005,7302,557,6645,100,0,25540196.0,1340.0,513.0,5.0,3.0
Chhattisgarh,Durg,3717503.848,8542.0,435.20297916178885,21437,1860,19034,543,0,25540196.0,1340.0,513.0,5.0,3.0
Chhattisgarh,Gariaband,664590.1359999999,5823.0,114.13191413360808,3813,143,3624,46,0,25540196.0,1340.0,513.0,5.0,3.0
Chhattisgarh,Gaurella-Pendra-Marwahi,374099.04,2307.0,162.15823146944084,946,233,704,9,0,25540196.0,1340.0,513.0,5.0,3.0
Chhattisgarh,Janjgir-Champa,1802142.784,3848.0,468.33232432432436,17808,159,17453,196,0,25540196.0,1340.0,513.0,5.0,3.0
Chhattisgarh,Jashpur,947471.816,5825.0,162.65610575107297,3098,296,2781,21,0,25540196.0,1340.0,513.0,5.0,3.0
Chhattisgarh,Kabirdham,650149.704,4237.0,153.445764455983,5365,259,5040,66,0,25540196.0,1340.0,513.0,5.0,3.0
Chhattisgarh,Kondagaon,643098.512,7769.0,82.77751473806153,4818,132,4661,25,0,25540196.0,1340.0,513.0,5.0,3.0
Chhattisgarh,Korba,1341698.0559999999,6615.0,202.82661466364326,15360,110,15149,101,0,25540196.0,1340.0,513.0,5.0,3.0
Chhattisgarh,Koriya,732851.368,6578.0,111.40945089692914,4426,186,4204,36,0,25540196.0,1340.0,513.0,5.0,3.0
Chhattisgarh,Mahasamund,1147889.8,4779.0,240.1945595312827,7338,530,6701,107,0,25540196.0,1340.0,513.0,5.0,3.0
Chhattisgarh,Mungeli,780298.184,2750.0,283.7447941818182,3746,36,3687,23,0,25540196.0,1340.0,513.0,5.0,3.0
Chhattisgarh,Narayanpur,155909.072,6640.0,23.480281927710838,1902,40,1860,2,0,25540196.0,1340.0,513.0,5.0,3.0
Chhattisgarh,Raigarh,1660913.2240000002,7068.0,234.99055234861342,20363,548,19550,265,0,25540196.0,1340.0,513.0,5.0,3.0
Chhattisgarh,Raipur,4517121.92,13083.0,345.2665229687381,50615,7029,42889,697,0,25540196.0,1340.0,513.0,5.0,3.0
Chhattisgarh,Rajnandgaon,1709722.24,8062.0,212.07172413793103,17341,1278,15902,161,0,25540196.0,1340.0,513.0,5.0,3.0
Chhattisgarh,Sukma,276888.0,5636.0,49.12845990063875,3687,50,3627,10,0,25540196.0,1340.0,513.0,5.0,3.0
Chhattisgarh,Surajpur,734231.36,6787.0,108.18201856490349,5143,440,4673,30,0,25540196.0,1340.0,513.0,5.0,3.0
Chhattisgarh,Surguja,467775.032,3265.0,143.26953506891272,6866,560,6232,74,0,25540196.0,1340.0,513.0,5.0,3.0
Goa,North Goa,909350.2320000001,1736.0,523.8192580645161,2668,1639,964,65,0,1457723.0,105.0,37.0,7.0,3.0
Goa,South Goa,711637.7440000001,1966.0,361.97240284842314,3511,1978,1407,126,0,1457723.0,105.0,37.0,7.0,3.0
Gujarat,Ahmedabad,8015518.4,8707.0,920.5832548524176,55370,2999,50166,2205,0,60383628.0,3402.0,1585.0,6.0,2.0
Gujarat,Amreli,1683138.7680000002,6760.0,248.985024852071,3668,217,3419,32,0,60383628.0,3402.0,1585.0,6.0,2.0
Gujarat,Anand,2324386.912,2942.0,790.0703303874915,2131,65,2049,17,0,60383628.0,3402.0,1585.0,6.0,2.0
Gujarat,Aravalli,1169541.5520000001,3217.0,363.5503736400372,1102,73,1004,25,0,60383628.0,3402.0,1585.0,6.0,2.0
Gujarat,Banaskantha,3465042.04,12703.0,272.7735212154609,4409,-36,4409,36,0,60383628.0,3402.0,1585.0,6.0,2.0
Gujarat,Bharuch,1724514.064,6524.0,264.3338540772532,3682,139,3525,18,0,60383628.0,3402.0,1585.0,6.0,2.0
Gujarat,Bhavnagar,3200292.6319999998,11155.0,286.89310909905873,5620,109,5443,68,0,60383628.0,3402.0,1585.0,6.0,2.0
Gujarat,Botad,729477.56,2564.0,284.50762870514825,1000,68,922,10,0,60383628.0,3402.0,1585.0,6.0,2.0
Gujarat,Chhota Udepur,1191876.072,3237.0,368.2039147358665,844,28,813,3,0,60383628.0,3402.0,1585.0,6.0,2.0
Gujarat,Dahod,2364732.496,3642.0,649.2950291048874,2758,155,2596,7,0,60383628.0,3402.0,1585.0,6.0,2.0
Gujarat,Dang,252167.128,1764.0,142.9518866213152,144,8,136,0,0,60383628.0,3402.0,1585.0,6.0,2.0
Gujarat,Devbhoomi Dwarka,836762.208,5684.0,147.21361857846588,1009,57,947,5,0,60383628.0,3402.0,1585.0,6.0,2.0
Gujarat,Gandhinagar,1542875.5359999998,649.0,2377.3120739599385,7742,506,7133,103,0,60383628.0,3402.0,1585.0,6.0,2.0
Gujarat,Gir Somnath,1353834.424,3754.0,360.6378327117741,2245,149,2072,24,0,60383628.0,3402.0,1585.0,6.0,2.0
Gujarat,Jamnagar,2400952.56,14125.0,169.97894230088497,9960,384,9541,35,0,60383628.0,3402.0,1585.0,6.0,2.0
Gujarat,Junagadh,3049427.5919999997,8839.0,344.9968991967417,4695,248,4414,33,0,60383628.0,3402.0,1585.0,6.0,2.0
Gujarat,Kheda,2556414.608,4215.0,606.5040588374853,2723,103,2604,16,0,60383628.0,3402.0,1585.0,6.0,2.0
Gujarat,Kutch,2324428.056,45652.0,50.916237098046075,3727,252,3442,33,0,60383628.0,3402.0,1585.0,6.0,2.0
Gujarat,Mahisagar,1106021.888,2500.0,442.4087552,1857,97,1753,7,0,60383628.0,3402.0,1585.0,6.0,2.0
Gujarat,Mehsana,2254832.424,4386.0,514.0976798905609,6401,368,5996,37,0,60383628.0,3402.0,1585.0,6.0,2.0
Gujarat,Morbi,1067885.848,4871.0,219.2333910901252,2959,263,2678,18,0,60383628.0,3402.0,1585.0,6.0,2.0
Gujarat,Narmada,656501.448,2749.0,238.8146409603492,1876,136,1739,1,0,60383628.0,3402.0,1585.0,6.0,2.0
Gujarat,Navsari,1479750.632,2211.0,669.2675857078244,1540,19,1513,8,0,60383628.0,3402.0,1585.0,6.0,2.0
Gujarat,Panchmahal,2655752.904,5219.0,508.8624073577314,3843,181,3641,21,0,60383628.0,3402.0,1585.0,6.0,2.0
Gujarat,Patan,1493133.552,5738.0,260.21846497037296,4059,154,3853,52,0,60383628.0,3402.0,1585.0,6.0,2.0
Gujarat,Porbandar,651700.944,2294.0,284.0893391455972,677,8,665,4,0,60383628.0,3402.0,1585.0,6.0,2.0
Gujarat,Rajkot,3511335.712,11203.0,313.4281631705793,18988,1483,17317,188,0,60383628.0,3402.0,1585.0,6.0,2.0
Gujarat,Sabarkantha,2699208.752,7390.0,365.25152259810545,2661,179,2469,13,0,60383628.0,3402.0,1585.0,6.0,2.0
Gujarat,Surat,6762430.063999999,4418.0,1530.6541566319602,47546,1123,45476,947,0,60383628.0,3402.0,1585.0,6.0,2.0
Gujarat,Surendranagar,1952530.7759999998,10489.0,186.15032662789588,3321,305,3004,12,0,60383628.0,3402.0,1585.0,6.0,2.0
Gujarat,Tapi,896815.7679999999,3435.0,261.08173740902475,1012,18,988,6,0,60383628.0,3402.0,1585.0,6.0,2.0
Gujarat,Vadodara,4047429.8,7794.0,519.3007185014113,23223,2156,20836,231,0,60383628.0,3402.0,1585.0,6.0,2.0
Gujarat,Valsad,1893811.616,3034.0,624.1963137771918,1335,13,1313,9,0,60383628.0,3402.0,1585.0,6.0,2.0
Haryana,Ambala,1264103.808,1569.0,805.6748298279158,11222,283,10799,140,0,25353081.0,1696.0,586.0,7.0,3.0
Haryana,Bhiwani,1811569.208,5140.0,352.4453712062257,6126,64,5928,134,0,25353081.0,1696.0,586.0,7.0,3.0
Haryana,Charkhi Dadri,558530.912,1370.0,407.68679708029197,1449,80,1346,23,0,25353081.0,1696.0,586.0,7.0,3.0
Haryana,Faridabad,2000436.8480000002,783.0,2554.836332056194,44832,717,43722,393,0,25353081.0,1696.0,586.0,7.0,3.0
Haryana,Fatehabad,1046972.464,2538.0,412.5187013396375,4594,119,4362,113,0,25353081.0,1696.0,586.0,7.0,3.0
Haryana,Gurgaon,1683662.52,1258.0,1338.3644833068365,55652,1586,53727,339,0,25353081.0,1696.0,586.0,7.0,3.0
Haryana,Hissar,1938010.28,3788.0,511.61834213305167,16719,183,16227,309,0,25353081.0,1696.0,586.0,7.0,3.0
Haryana,Jhajjar,1064080.584,1868.0,569.6362869379016,5659,111,5469,79,0,25353081.0,1696.0,586.0,7.0,3.0
Haryana,Jind,1481230.7040000001,2702.0,548.1978919319023,4552,252,4212,88,0,25353081.0,1696.0,586.0,7.0,3.0
Haryana,Kaithal,1193021.432,2799.0,426.23130832440165,3694,83,3563,48,0,25353081.0,1696.0,586.0,7.0,3.0
Haryana,Karnal,1675031.176,2471.0,677.8758300283287,10471,251,10075,145,0,25353081.0,1696.0,586.0,7.0,3.0
Haryana,Kurukshetra,1072224.872,1530.0,700.8005699346405,8374,223,8033,118,0,25353081.0,1696.0,586.0,7.0,3.0
Haryana,Mahendragarh,1024908.16,1900.0,539.4253473684211,6533,87,6428,18,0,25353081.0,1696.0,586.0,7.0,3.0
Haryana,Nuh,1211419.472,1765.0,686.3566413597734,1649,13,1606,30,0,25353081.0,1696.0,586.0,7.0,3.0
Haryana,Palwal,1157028.216,1367.0,846.3995727871251,4315,48,4244,23,0,25353081.0,1696.0,586.0,7.0,3.0
Haryana,Panchkula,621485.68,816.0,761.6246078431374,9677,327,9212,138,0,25353081.0,1696.0,586.0,7.0,3.0
Haryana,Panipat,1337525.832,1250.0,1070.0206656,10240,323,9773,144,0,25353081.0,1696.0,586.0,7.0,3.0
Haryana,Rewari,996495.448,1559.0,639.1888697883259,11191,256,10866,69,0,25353081.0,1696.0,586.0,7.0,3.0
Haryana,Rohtak,1177255.496,1668.0,705.7886666666667,11895,356,11395,144,0,25353081.0,1696.0,586.0,7.0,3.0
Haryana,Sirsa,1440166.7680000002,4276.0,336.80233115060804,7828,124,7592,112,0,25353081.0,1696.0,586.0,7.0,3.0
Haryana,Sonipat,1645848.96,2260.0,728.2517522123894,14229,402,13750,77,0,25353081.0,1696.0,586.0,7.0,3.0
Himachal Pradesh,Bilaspur,424846.27200000006,1167.0,364.0499331619537,2680,324,2333,22,1,6856509.0,946.0,452.0,14.0,2.0
Himachal Pradesh,Chamba,576954.5279999999,6528.0,88.38151470588238,2652,228,2373,46,5,6856509.0,946.0,452.0,14.0,2.0
Himachal Pradesh,Hamirpur,505173.816,1118.0,451.85493381037566,2601,236,2324,40,1,6856509.0,946.0,452.0,14.0,2.0
Himachal Pradesh,Kangra,1676031.976,5739.0,292.0425119358773,7092,978,5938,174,2,6856509.0,946.0,452.0,14.0,2.0
Himachal Pradesh,Kinnaur,93739.37599999999,6401.0,14.644489298547102,1264,125,1123,16,0,6856509.0,946.0,452.0,14.0,2.0
Himachal Pradesh,Kullu,486471.088,5503.0,88.40106996183901,4246,312,3851,81,2,6856509.0,946.0,452.0,14.0,2.0
Himachal Pradesh,Lahaul and Spiti,35059.136,13835.0,2.5340900614383806,1200,50,1139,11,0,6856509.0,946.0,452.0,14.0,2.0
Himachal Pradesh,Mandi,1111464.0159999998,3950.0,281.38329518987337,9057,1569,7378,110,0,6856509.0,946.0,452.0,14.0,2.0
Himachal Pradesh,Shimla,904483.0079999999,5131.0,176.27811498733192,9593,879,8443,234,37,6856509.0,946.0,452.0,14.0,2.0
Himachal Pradesh,Sirmaur,589542.368,2825.0,208.6875638938053,3028,220,2782,26,0,6856509.0,946.0,452.0,14.0,2.0
Himachal Pradesh,Solan,641257.04,1936.0,331.2278099173554,6030,816,5148,66,0,6856509.0,946.0,452.0,14.0,2.0
Himachal Pradesh,Una,579415.384,1540.0,376.2437558441558,2567,229,2306,32,0,6856509.0,946.0,452.0,14.0,2.0
Jharkhand,Bokaro,2292852.816,2861.0,801.4165732261447,6361,102,6200,59,0,32966238.0,842.0,220.0,3.0,4.0
Jharkhand,Chatra,1159042.048,3700.0,313.25460756756763,1386,20,1355,11,0,32966238.0,842.0,220.0,3.0,4.0
Jharkhand,Deoghar,1658969.448,2479.0,669.2091359419121,3565,14,3528,23,0,32966238.0,842.0,220.0,3.0,4.0
Jharkhand,Dhanbad,2983120.144,2075.0,1437.6482621686746,7277,57,7120,100,0,32966238.0,842.0,220.0,3.0,4.0
Jharkhand,Dumka,1469058.7519999999,4404.0,333.573740236149,1356,11,1333,12,0,32966238.0,842.0,220.0,3.0,4.0
Jharkhand,East Singhbhum,2547627.5840000003,3533.0,721.0947025191057,17595,226,17014,355,0,32966238.0,842.0,220.0,3.0,4.0
Jharkhand,Garhwa,1470494.344,4064.0,361.83423818897637,2758,32,2714,12,0,32966238.0,842.0,220.0,3.0,4.0
Jharkhand,Giridih,2719065.736,4887.0,556.3875048086761,3401,6,3381,14,0,32966238.0,842.0,220.0,3.0,4.0
Jharkhand,Godda,1458256.784,2110.0,691.1169592417061,2063,13,2040,10,0,32966238.0,842.0,220.0,3.0,4.0
Jharkhand,Gumla,1140529.472,5327.0,214.10352393467244,2234,27,2203,4,0,32966238.0,842.0,220.0,3.0,4.0
Jharkhand,Jamtara,878710.184,1802.0,487.63051276359596,1228,14,1210,4,0,32966238.0,842.0,220.0,3.0,4.0
Jharkhand,Khunti,589692.488,2467.0,239.0322205107418,2091,30,2056,5,0,32966238.0,842.0,220.0,3.0,4.0
Jharkhand,Koderma,797491.928,1312.0,607.8444573170733,3394,21,3345,28,0,32966238.0,842.0,220.0,3.0,4.0
Jharkhand,Latehar,806948.3759999999,3630.0,222.2998280991736,1860,15,1839,6,0,32966238.0,842.0,220.0,3.0,4.0
Jharkhand,Lohardaga,513452.656,1494.0,343.6764765729585,1751,36,1705,10,0,32966238.0,842.0,220.0,3.0,4.0
Jharkhand,Pakur,999910.4,1805.0,553.9669806094183,900,1,897,2,0,32966238.0,842.0,220.0,3.0,4.0
Jharkhand,Palamu,2153186.728,5082.0,423.6888484848485,3405,45,3340,20,0,32966238.0,842.0,220.0,3.0,4.0
Jharkhand,Ramgarh,1055464.808,1212.0,870.8455511551155,4357,56,4274,27,0,32966238.0,842.0,220.0,3.0,4.0
Jharkhand,Ranchi,3238168.4639999997,7974.0,406.09085327313767,29552,794,28549,209,0,32966238.0,842.0,220.0,3.0,4.0
Jharkhand,Sahibganj,1278842.256,1599.0,799.7762701688556,1628,30,1589,9,0,32966238.0,842.0,220.0,3.0,4.0
Jharkhand,Seraikela Kharsawan,1182565.2959999999,2725.0,433.96891596330283,3648,56,3580,12,0,32966238.0,842.0,220.0,3.0,4.0
Jharkhand,Simdega,666992.056,3750.0,177.86454826666667,1997,4,1988,5,0,32966238.0,842.0,220.0,3.0,4.0
Jharkhand,West Singhbhum,1669800.3280000002,7186.0,232.36853993876983,4729,25,4666,38,0,32966238.0,842.0,220.0,3.0,4.0
Karnataka,Bagalkot,2102598.512,6583.0,319.39822451769714,13638,49,13453,136,0,61130704.0,3810.0,2364.0,6.0,2.0
Karnataka,Ballari,2816009.896,8439.0,333.6899983410357,38633,228,37813,592,0,61130704.0,3810.0,2364.0,6.0,2.0
Karnataka,Belgaum,5313624.1680000005,13415.0,396.09572627655604,26056,219,25495,342,0,61130704.0,3810.0,2364.0,6.0,2.0
Karnataka,Bangalore Rural,1097829.784,2239.0,490.32147565877625,18058,326,17583,149,0,61130704.0,3810.0,2364.0,6.0,2.0
Karnataka,Bangalore Urban,10662867.92,2190.0,4868.889461187215,382209,9440,368502,4266,1,61130704.0,3810.0,2364.0,6.0,2.0
Karnataka,Bidar,1890420.0159999998,5448.0,346.99339500734214,7180,58,6948,170,4,61130704.0,3810.0,2364.0,6.0,2.0
Karnataka,Bijapur,2418713.424,10517.0,229.9813087382333,14036,110,13723,203,0,61130704.0,3810.0,2364.0,6.0,2.0
Karnataka,Chamarajanagara,1135309.744,5102.0,222.52249000392,6639,102,6409,117,11,61130704.0,3810.0,2364.0,6.0,2.0
Karnataka,Chikkaballapura,1394867.2240000002,4208.0,331.47985361216735,12672,231,12324,116,1,61130704.0,3810.0,2364.0,6.0,2.0
Karnataka,Chikmagalur,1265181.336,7201.0,175.69522788501598,13573,160,13274,139,0,61130704.0,3810.0,2364.0,6.0,2.0
Karnataka,Chitradurga,1846340.336,8437.0,218.83848951048955,14098,280,13750,68,0,61130704.0,3810.0,2364.0,6.0,2.0
Karnataka,Dakshina Kannada,2316991.0,4559.0,508.2235139284931,32556,368,31452,734,2,61130704.0,3810.0,2364.0,6.0,2.0
Karnataka,Davanagere,2164958.36,5926.0,365.3321565980425,21884,150,21470,264,0,61130704.0,3810.0,2364.0,6.0,2.0
Karnataka,Dharwad,2053856.216,4265.0,481.5606602579133,21699,105,20988,606,0,61130704.0,3810.0,2364.0,6.0,2.0
Karnataka,Gadag,1184541.32,4651.0,254.6852977854225,10855,28,10686,141,0,61130704.0,3810.0,2364.0,6.0,2.0
Karnataka,Gulbarga,2852159.9039999996,10990.0,259.5231941765241,20865,225,20319,321,0,61130704.0,3810.0,2364.0,6.0,2.0
Karnataka,Hassan,1975157.7519999999,6814.0,289.86758908130315,27707,275,27043,389,0,61130704.0,3810.0,2364.0,6.0,2.0
Karnataka,Haveri,1777538.6719999998,4825.0,368.40179730569946,10928,55,10683,190,0,61130704.0,3810.0,2364.0,6.0,2.0
Karnataka,Kodagu,616895.344,4102.0,150.38891857630423,5601,145,5386,70,0,61130704.0,3810.0,2364.0,6.0,2.0
Karnataka,Kolar,1712736.872,4012.0,426.9035074775673,9536,108,9254,174,0,61130704.0,3810.0,2364.0,6.0,2.0
Karnataka,Koppal,1547116.7040000001,5565.0,278.00839245283015,13809,87,13443,279,0,61130704.0,3810.0,2364.0,6.0,2.0
Karnataka,Mandya,2011252.16,4961.0,405.4126506752671,19201,209,18845,147,0,61130704.0,3810.0,2364.0,6.0,2.0
Karnataka,Mysore,3330155.328,6854.0,485.87034257367964,51732,385,50341,1006,0,61130704.0,3810.0,2364.0,6.0,2.0
Karnataka,Raichur,2140347.576,6839.0,312.96206696885514,14096,122,13816,158,0,61130704.0,3810.0,2364.0,6.0,2.0
Karnataka,Ramanagara,1204005.768,3573.0,336.9733467674223,7342,53,7213,76,0,61130704.0,3810.0,2364.0,6.0,2.0
Karnataka,Shimoga,1952129.344,8495.0,229.7974507357269,21864,180,21336,348,0,61130704.0,3810.0,2364.0,6.0,2.0
Karnataka,Tumakuru,2981771.288,10598.0,281.3522634459332,24164,408,23380,376,0,61130704.0,3810.0,2364.0,6.0,2.0
Karnataka,Udupi,1309833.696,3879.0,337.6730332559938,22954,110,22656,188,0,61130704.0,3810.0,2364.0,6.0,2.0
Karnataka,Uttara Kannada,1504868.4880000001,10291.0,146.23151180643282,14104,108,13821,175,0,61130704.0,3810.0,2364.0,6.0,2.0
Karnataka,Yadgir,1304359.32,5225.0,249.6381473684211,10550,46,10443,61,0,61130704.0,3810.0,2364.0,6.0,2.0
Kerala,Alappuzha,2359600.616,1415.0,1667.5622727915195,53526,3612,49677,219,18,33387677.0,2268.0,1206.0,7.0,2.0
Kerala,Ernakulam,3647204.32,3063.0,1190.7294547828924,76109,7989,67830,279,11,33387677.0,2268.0,1206.0,7.0,2.0
Kerala,Idukki,1231487.736,4356.0,282.7106831955923,14774,3198,11559,15,2,33387677.0,2268.0,1206.0,7.0,2.0
Kerala,Kannur,2808508.3439999996,2961.0,948.4999473150964,36999,3433,33374,186,6,33387677.0,2268.0,1206.0,7.0,2.0
Kerala,Kasaragod,1448491.2,1989.0,728.2509803921569,23387,1637,21664,82,4,33387677.0,2268.0,1206.0,7.0,2.0
Kerala,Kollam,2924229.736,2483.0,1177.7002561417642,54166,2830,51122,203,11,33387677.0,2268.0,1206.0,7.0,2.0
Kerala,Kottayam,2201075.008,2206.0,997.7674560290117,44827,5983,38710,132,2,33387677.0,2268.0,1206.0,7.0,2.0
Kerala,Kozhikode,3435571.816,2345.0,1465.0626081023456,79648,5339,74039,261,9,33387677.0,2268.0,1206.0,7.0,2.0
Kerala,Malappuram,4571383.072,3554.0,1286.2642296004499,84580,5431,78838,301,10,33387677.0,2268.0,1206.0,7.0,2.0
Kerala,Palakkad,3125711.9039999996,4482.0,697.3922141900937,44757,5104,39535,112,6,33387677.0,2268.0,1206.0,7.0,2.0
Kerala,Pathanamthitta,1329437.144,2652.0,501.2960573152338,25683,4070,21570,42,1,33387677.0,2268.0,1206.0,7.0,2.0
Kerala,Thrissur,3458683.624,3027.0,1142.6110419557315,68922,6064,62548,303,7,33387677.0,2268.0,1206.0,7.0,2.0
Kerala,Thiruvananthapuram,3677699.808,2189.0,1680.0821416171768,78114,3276,74167,611,60,33387677.0,2268.0,1206.0,7.0,2.0
Kerala,Wayanad,908012.4959999999,2130.0,426.2969464788733,14667,2444,12181,41,1,33387677.0,2268.0,1206.0,7.0,2.0
Madhya Pradesh,Alirajpur,810288.824,3182.0,254.64765053425518,1206,62,1131,13,0,72597565.0,3756.0,1193.0,5.0,3.0
Madhya Pradesh,Anuppur,833467.3520000001,3747.0,222.4359092607419,1972,30,1928,14,0,72597565.0,3756.0,1193.0,5.0,3.0
Madhya Pradesh,Ashok Nagar,939616.6479999999,4674.0,201.03051946940516,1031,64,951,16,0,72597565.0,3756.0,1193.0,5.0,3.0
Madhya Pradesh,Balaghat,1891685.4719999998,9229.0,204.97187907682306,2905,150,2743,12,0,72597565.0,3756.0,1193.0,5.0,3.0
Madhya Pradesh,Barwani,1540852.8080000002,5432.0,283.66215169366717,2587,127,2438,22,0,72597565.0,3756.0,1193.0,5.0,3.0
Madhya Pradesh,Betul,1751674.664,10043.0,174.41747127352383,3113,94,2953,66,0,72597565.0,3756.0,1193.0,5.0,3.0
Madhya Pradesh,Bhind,1894360.944,4459.0,424.8398618524332,1433,26,1398,9,0,72597565.0,3756.0,1193.0,5.0,3.0
Madhya Pradesh,Bhopal,2633377.24,2772.0,949.9917893217894,37074,2454,34067,553,0,72597565.0,3756.0,1193.0,5.0,3.0
Madhya Pradesh,Burhanpur,841776.2159999999,3427.0,245.6306437117012,838,10,801,27,0,72597565.0,3756.0,1193.0,5.0,3.0
Madhya Pradesh,Chhatarpur,1960296.9840000002,8687.0,225.6586835501324,1945,78,1835,32,0,72597565.0,3756.0,1193.0,5.0,3.0
Madhya Pradesh,Chhindwara,2324420.272,11815.0,196.73468235294118,2603,30,2533,40,0,72597565.0,3756.0,1193.0,5.0,3.0
Madhya Pradesh,Damoh,1405237.736,7306.0,192.34023213796883,2539,123,2342,74,0,72597565.0,3756.0,1193.0,5.0,3.0
Madhya Pradesh,Datia,874449.0,2694.0,324.5913140311804,1764,77,1667,20,0,72597565.0,3756.0,1193.0,5.0,3.0
Madhya Pradesh,Dewas,1738174.9840000002,7020.0,247.6032740740741,2631,77,2528,26,0,72597565.0,3756.0,1193.0,5.0,3.0
Madhya Pradesh,Dhar,2429355.264,8153.0,297.9707180179076,3646,156,3436,54,0,72597565.0,3756.0,1193.0,5.0,3.0
Madhya Pradesh,Dindori,783090.416,7427.0,105.43832179884205,928,14,913,1,0,72597565.0,3756.0,1193.0,5.0,3.0
Madhya Pradesh,Guna,1379923.0559999999,6485.0,212.78690146491903,1369,84,1263,22,0,72597565.0,3756.0,1193.0,5.0,3.0
Madhya Pradesh,Gwalior,2257963.816,5465.0,413.16812735590116,15553,426,14936,191,0,72597565.0,3756.0,1193.0,5.0,3.0
Madhya Pradesh,Harda,634175.824,3339.0,189.92986642707402,1968,58,1880,30,0,72597565.0,3756.0,1193.0,5.0,3.0
Madhya Pradesh,Hoshangabad,1379964.2,6698.0,206.0263063601075,3460,64,3340,56,0,72597565.0,3756.0,1193.0,5.0,3.0
Madhya Pradesh,Indore,3638836.52,3898.0,933.5137301180092,51168,4188,46146,834,0,72597565.0,3756.0,1193.0,5.0,3.0
Madhya Pradesh,Jabalpur,2736313.9680000003,5210.0,525.2042165067178,15033,450,14349,234,0,72597565.0,3756.0,1193.0,5.0,3.0
Madhya Pradesh,Jhabua,1138789.192,6782.0,167.91347567089355,2220,123,2071,26,0,72597565.0,3756.0,1193.0,5.0,3.0
Madhya Pradesh,Katni,1436352.608,4947.0,290.3482126541338,2036,45,1975,16,0,72597565.0,3756.0,1193.0,5.0,3.0
Madhya Pradesh,Mandla,1171516.4640000002,5805.0,201.81162170542638,1145,34,1101,10,0,72597565.0,3756.0,1193.0,5.0,3.0
Madhya Pradesh,Mandsaur,1489893.1840000001,5530.0,269.4201056057866,2497,101,2364,32,0,72597565.0,3756.0,1193.0,5.0,3.0
Madhya Pradesh,Morena,2185232.344,4991.0,437.83457102785,3167,31,3111,25,0,72597565.0,3756.0,1193.0,5.0,3.0
Madhya Pradesh,Narsinghpur,1214460.7920000001,5133.0,236.59863471654,3315,28,3260,27,0,72597565.0,3756.0,1193.0,5.0,3.0
Madhya Pradesh,Neemuch,918465.296,4267.0,215.24848746191705,2816,89,2691,36,0,72597565.0,3756.0,1193.0,5.0,3.0
Madhya Pradesh,Niwari,450145.38399999996,1170.0,384.7396444444445,591,10,579,2,0,72597565.0,3756.0,1193.0,5.0,3.0
Madhya Pradesh,Panna,1129823.136,7135.0,158.3494234057463,985,42,939,4,0,72597565.0,3756.0,1193.0,5.0,3.0
Madhya Pradesh,Raisen,1480849.2880000002,8466.0,174.91723222300968,2275,55,2178,42,0,72597565.0,3756.0,1193.0,5.0,3.0
Madhya Pradesh,Rajgarh,1719753.592,6143.0,279.95337652612733,2195,116,2021,58,0,72597565.0,3756.0,1193.0,5.0,3.0
Madhya Pradesh,Ratlam,1617385.096,4861.0,332.7268249331413,4106,273,3759,74,0,72597565.0,3756.0,1193.0,5.0,3.0
Madhya Pradesh,Rewa,2628483.328,6314.0,416.2944770351599,3630,181,3416,33,0,72597565.0,3756.0,1193.0,5.0,3.0
Madhya Pradesh,Sagar,2644664.04,10252.0,257.9656691377292,4765,202,4418,145,0,72597565.0,3756.0,1193.0,5.0,3.0
Madhya Pradesh,Satna,2478224.328,7502.0,330.34181924820047,3091,119,2931,41,0,72597565.0,3756.0,1193.0,5.0,3.0
Madhya Pradesh,Sehore,1457840.896,6578.0,221.6237300091213,2568,90,2430,48,0,72597565.0,3756.0,1193.0,5.0,3.0
Madhya Pradesh,Seoni,1533310.112,8758.0,175.07537245946563,1438,40,1388,10,0,72597565.0,3756.0,1193.0,5.0,3.0
Madhya Pradesh,Shahdol,1184267.768,6205.0,190.85701337630942,2864,69,2765,30,0,72597565.0,3756.0,1193.0,5.0,3.0
Madhya Pradesh,Shajapur,1681736.5359999998,6196.0,271.4229399612653,1615,64,1529,22,0,72597565.0,3756.0,1193.0,5.0,3.0
Madhya Pradesh,Sheopur,765002.6240000001,6585.0,116.17351921032648,1358,82,1262,14,0,72597565.0,3756.0,1193.0,5.0,3.0
Madhya Pradesh,Shivpuri,1919109.616,10290.0,186.5023922254616,3416,68,3320,28,0,72597565.0,3756.0,1193.0,5.0,3.0
Madhya Pradesh,Sidhi,1252684.68,10520.0,119.07649049429656,1882,97,1773,12,0,72597565.0,3756.0,1193.0,5.0,3.0
Madhya Pradesh,Singrauli,1310082.784,5672.0,230.9736925246826,1806,76,1704,26,0,72597565.0,3756.0,1193.0,5.0,3.0
Madhya Pradesh,Tikamgarh,1606751.04,5055.0,317.8538160237389,1210,44,1139,27,0,72597565.0,3756.0,1193.0,5.0,3.0
Madhya Pradesh,Ujjain,2209392.768,6091.0,362.73071219832536,4428,229,4098,101,0,72597565.0,3756.0,1193.0,5.0,3.0
Madhya Pradesh,Umaria,715659.848,4062.0,176.18410832102413,1182,32,1134,16,0,72597565.0,3756.0,1193.0,5.0,3.0
Madhya Pradesh,Vidisha,1621531.744,7362.0,220.25696060853028,3323,117,3147,59,0,72597565.0,3756.0,1193.0,5.0,3.0
Maharashtra,Ahmednagar,5051908.296,17048.0,296.33436743313,67513,2244,64252,1016,1,112372972.0,9436.0,3643.0,8.0,3.0
Maharashtra,Akola,2022302.104,5429.0,372.49992705839,10187,452,9388,342,5,112372972.0,9436.0,3643.0,8.0,3.0
Maharashtra,Amravati,3211262.512,12235.0,262.4652645688598,19299,432,18489,376,2,112372972.0,9436.0,3643.0,8.0,3.0
Maharashtra,Aurangabad,4109871.936,10107.0,406.6361864054617,47046,966,44923,1143,14,112372972.0,9436.0,3643.0,8.0,3.0
Maharashtra,Beed,2875589.744,10693.0,268.92263574300944,16662,350,15791,514,7,112372972.0,9436.0,3643.0,8.0,3.0
Maharashtra,Bhandara,1333076.72,3890.0,342.6932442159383,12248,709,11277,260,2,112372972.0,9436.0,3643.0,8.0,3.0
Maharashtra,Buldhana,2877899.3680000002,9661.0,297.888351930442,13099,917,11962,214,6,112372972.0,9436.0,3643.0,8.0,3.0
Maharashtra,Chandrapur,2440019.344,11443.0,213.23248658568556,22661,927,21363,370,1,112372972.0,9436.0,3643.0,8.0,3.0
Maharashtra,Dhule,2278244.472,8095.0,281.43847708462016,15416,261,14809,343,3,112372972.0,9436.0,3643.0,8.0,3.0
Maharashtra,Gadchiroli,1191836.04,14412.0,82.69747710241465,8278,344,7851,77,6,112372972.0,9436.0,3643.0,8.0,3.0
Maharashtra,Gondia,1470432.072,5431.0,270.74794181550357,13437,450,12838,143,6,112372972.0,9436.0,3643.0,8.0,3.0
Maharashtra,Hingoli,1311017.976,4526.0,289.6637154220062,4110,68,3947,95,0,112372972.0,9436.0,3643.0,8.0,3.0
Maharashtra,Jalgaon,4697579.504,11765.0,399.2842757331066,55497,507,53537,1433,20,112372972.0,9436.0,3643.0,8.0,3.0
Maharashtra,Jalna,2177833.096,7718.0,282.17583519046383,12523,225,11965,332,1,112372972.0,9436.0,3643.0,8.0,3.0
Maharashtra,Kolhapur,4307904.68,7685.0,560.5601405335068,48984,806,46519,1656,3,112372972.0,9436.0,3643.0,8.0,3.0
Maharashtra,Latur,2730563.816,7157.0,381.5235176750035,22906,452,21776,674,4,112372972.0,9436.0,3643.0,8.0,3.0
Maharashtra,Mumbai City,3498314.192,69.0,50700.205681159416,286264,7725,266712,10980,847,112372972.0,9436.0,3643.0,8.0,3.0
Maharashtra,Mumbai suburban,10377718.872000001,369.0,28123.899382113817,0,0,0,0,0,112372972.0,9436.0,3643.0,8.0,3.0
Maharashtra,Nanded,3732501.392,10528.0,354.53090729483284,20917,457,19813,642,5,112372972.0,9436.0,3643.0,8.0,3.0
Maharashtra,Nandurbar,1830548.824,5055.0,362.12637467853614,7724,512,7046,165,1,112372972.0,9436.0,3643.0,8.0,3.0
Maharashtra,Nagpur,5174326.152,9892.0,523.081899716943,121096,4376,113572,3132,16,112372972.0,9436.0,3643.0,8.0,3.0
Maharashtra,Nashik,6793265.824,15539.0,437.1752251753652,112126,2503,107792,1830,1,112372972.0,9436.0,3643.0,8.0,3.0
Maharashtra,Osmanabad,1846265.832,7569.0,243.92467063020214,16648,350,15764,532,2,112372972.0,9436.0,3643.0,8.0,3.0
Maharashtra,Palghar,3325008.992,5344.0,622.1947964071858,46249,249,45082,901,17,112372972.0,9436.0,3643.0,8.0,3.0
Maharashtra,Parbhani,2041611.9840000002,6511.0,313.56350545231146,7462,210,6965,276,11,112372972.0,9436.0,3643.0,8.0,3.0
Maharashtra,Pune,10482778.408,15643.0,670.1258331522088,366319,17213,341396,7675,35,112372972.0,9436.0,3643.0,8.0,3.0
Maharashtra,Raigad,2930558.128,7152.0,409.75365324384796,65556,1336,62748,1465,7,112372972.0,9436.0,3643.0,8.0,3.0
Maharashtra,Ratnagiri,1793291.264,8208.0,218.48090448343083,11011,429,10207,373,2,112372972.0,9436.0,3643.0,8.0,3.0
Maharashtra,Sangli,3136479.4,8572.0,365.8982034531031,49881,349,47772,1757,3,112372972.0,9436.0,3643.0,8.0,3.0
Maharashtra,Satara,3340361.264,10475.0,318.8889034844869,53807,1101,50965,1731,10,112372972.0,9436.0,3643.0,8.0,3.0
Maharashtra,Sindhudurg,943941.2159999999,5207.0,181.28312195121956,5883,464,5264,154,1,112372972.0,9436.0,3643.0,8.0,3.0
Maharashtra,Solapur,4798866.024,14895.0,322.1796592145015,52289,1244,49311,1720,14,112372972.0,9436.0,3643.0,8.0,3.0
Maharashtra,Thane,12298884.576,4214.0,2918.5772605600373,249883,10599,233744,5481,59,112372972.0,9436.0,3643.0,8.0,3.0
Maharashtra,Wardha,1441326.584,6309.0,228.4556322713584,9012,418,8350,240,4,112372972.0,9436.0,3643.0,8.0,3.0
Maharashtra,Washim,1330745.968,5155.0,258.14664752667306,6640,218,6272,148,2,112372972.0,9436.0,3643.0,8.0,3.0
Maharashtra,Yavatmal,3086308.184,13582.0,227.2351777352378,13219,445,12379,391,4,112372972.0,9436.0,3643.0,8.0,3.0
Manipur,Bishnupur,267283.656,496.0,538.8783387096775,1233,1155,58,20,0,2721756.0,166.0,87.0,6.0,2.0
Manipur,Chandel,160159.136,3317.0,48.284334036780216,347,334,4,9,0,2721756.0,166.0,87.0,6.0,2.0
Manipur,Churachandpur,301656.688,4574.0,65.95030345430696,1391,1309,58,24,0,2721756.0,166.0,87.0,6.0,2.0
Manipur,Imphal East,503359.032,710.0,708.9563830985916,5303,5218,16,69,0,2721756.0,166.0,87.0,6.0,2.0
Manipur,Imphal West,572327.496,519.0,1102.7504739884394,8293,8151,52,90,0,2721756.0,166.0,87.0,6.0,2.0
Manipur,Jiribam,48725.615999999995,232.0,210.0242068965517,263,261,2,0,0,2721756.0,166.0,87.0,6.0,2.0
Manipur,Kamjong,50724.992,2000.0,25.362496,251,234,17,0,0,2721756.0,166.0,87.0,6.0,2.0
Manipur,Pherzawl,52542.0,2285.0,22.994310722100657,37,22,15,0,0,2721756.0,166.0,87.0,6.0,2.0
Manipur,Senapati,394506.464,3269.0,120.68108412358521,470,448,21,1,0,2721756.0,166.0,87.0,6.0,2.0
Manipur,Tamenglong,155839.016,4391.0,35.49055249373719,1319,1282,32,5,0,2721756.0,166.0,87.0,6.0,2.0
Manipur,Thoubal,467614.904,514.0,909.7566225680932,2247,2185,23,39,0,2721756.0,166.0,87.0,6.0,2.0
Manipur,Ukhrul,203623.88,4547.0,44.7820277105784,532,512,18,2,0,2721756.0,166.0,87.0,6.0,2.0
Meghalaya,East Garo Hills,353191.216,2603.0,135.6862143680369,338,11,326,1,0,2964007.0,380.0,141.0,13.0,3.0
Meghalaya,East Khasi Hills,916353.608,2752.0,332.9773284883721,8112,353,7651,108,0,2964007.0,380.0,141.0,13.0,3.0
Meghalaya,East Jaintia Hills,136148.832,2115.0,64.37297021276595,526,7,519,0,0,2964007.0,380.0,141.0,13.0,3.0
Meghalaya,North Garo Hills,131577.4,1113.0,118.21868823000898,116,5,109,2,0,2964007.0,380.0,141.0,13.0,3.0
Meghalaya,Ri Bhoi,287318.56,2378.0,120.8236164844407,1336,38,1296,2,0,2964007.0,380.0,141.0,13.0,3.0
Meghalaya,South Garo Hills,158542.288,1850.0,85.69853405405405,197,7,190,0,0,2964007.0,380.0,141.0,13.0,3.0
Meghalaya,South West Garo Hills,191814.44,822.0,233.35090024330898,195,11,182,2,0,2964007.0,380.0,141.0,13.0,3.0
Meghalaya,South West Khasi Hills,122489.024,1341.0,91.34155406413124,57,2,55,0,0,2964007.0,380.0,141.0,13.0,3.0
Meghalaya,West Jaintia Hills,300631.424,1693.0,177.57319787359714,477,86,390,1,0,2964007.0,380.0,141.0,13.0,3.0
Meghalaya,West Garo Hills,714930.3759999999,3714.0,192.4960624663436,1696,32,1648,16,0,2964007.0,380.0,141.0,13.0,3.0
Meghalaya,West Khasi Hills,428788.31200000003,5247.0,81.72066171145416,171,5,165,1,0,2964007.0,380.0,141.0,13.0,3.0
Mizoram,Aizawl,449308.04799999995,3577.0,125.61030136986301,2704,67,2630,7,0,1091014.0,172.0,80.0,16.0,2.0
Mizoram,Champhai,139411.44,3168.0,44.00613636363637,94,4,90,0,0,1091014.0,172.0,80.0,16.0,2.0
Mizoram,Kolasib,92356.04800000001,1386.0,66.63495526695526,279,5,274,0,0,1091014.0,172.0,80.0,16.0,2.0
Mizoram,Lawngtlai,130597.728,2519.0,51.84506867804684,308,32,276,0,0,1091014.0,172.0,80.0,16.0,2.0
Mizoram,Lunglei,171352.52800000002,4572.0,37.478680664916894,368,30,338,0,0,1091014.0,172.0,80.0,16.0,2.0
Mizoram,Mamit,95361.784,2967.0,32.14081024603977,82,0,82,0,0,1091014.0,172.0,80.0,16.0,2.0
Mizoram,Saiha,62678.992,1414.0,44.327434229137204,35,0,35,0,0,1091014.0,172.0,80.0,16.0,2.0
Mizoram,Serchhip,72141.0,1424.0,50.66081460674158,176,7,169,0,0,1091014.0,172.0,80.0,16.0,2.0
Nagaland,Dimapur,422303.12799999997,926.0,456.05089416846647,6362,157,6087,46,72,1980602.0,194.0,131.0,10.0,1.0
Nagaland,Kiphire,82324.696,1255.0,65.59736733067729,39,14,24,1,0,1980602.0,194.0,131.0,10.0,1.0
Nagaland,Kohima,300310.05600000004,1041.0,288.48228242074924,3687,284,3355,21,27,1980602.0,194.0,131.0,10.0,1.0
Nagaland,Longleng,56259.416,885.0,63.5699615819209,18,0,9,0,9,1980602.0,194.0,131.0,10.0,1.0
Nagaland,Mokokchung,214806.152,1615.0,133.0069052631579,164,41,116,1,6,1980602.0,194.0,131.0,10.0,1.0
Nagaland,Mon,288679.648,1786.0,161.63474132138856,603,13,579,2,9,1980602.0,194.0,131.0,10.0,1.0
Nagaland,Peren,181582.928,2300.0,78.9490991304348,498,19,479,0,0,1980602.0,194.0,131.0,10.0,1.0
Nagaland,Phek,181582.928,2026.0,89.62632181638699,45,1,44,0,0,1980602.0,194.0,131.0,10.0,1.0
Nagaland,Tuensang,461258.71200000006,4228.0,109.09619489120152,244,9,234,1,0,1980602.0,194.0,131.0,10.0,1.0
Nagaland,Wokha,184857.768,1628.0,113.54899754299757,39,0,35,1,3,1980602.0,194.0,131.0,10.0,1.0
Nagaland,Zunheboto,156807.568,1255.0,124.94626932270916,142,0,139,0,3,1980602.0,194.0,131.0,10.0,1.0
Odisha,Angul,1414133.736,6232.0,226.9149127086008,10527,235,10255,37,0,41947358.0,3032.0,1178.0,7.0,3.0
Odisha,Boudh (Bauda),489187.70399999997,3098.0,157.90435894125244,2758,5,2742,11,0,41947358.0,3032.0,1178.0,7.0,3.0
Odisha,Bhadrak,1675252.4640000002,2505.0,668.7634586826348,7331,22,7281,28,0,41947358.0,3032.0,1178.0,7.0,3.0
Odisha,Balangir,1833214.2880000002,6575.0,278.8158612927756,8323,90,8195,38,0,41947358.0,3032.0,1178.0,7.0,3.0
Odisha,Bargarh (Baragarh),1644462.2959999999,5837.0,281.73073428130886,9995,123,9832,40,0,41947358.0,3032.0,1178.0,7.0,3.0
Odisha,Balasore,2576969.9280000003,3634.0,709.1276631810676,11867,164,11608,95,0,41947358.0,3032.0,1178.0,7.0,3.0
Odisha,Cuttack,2912003.296,3932.0,740.5908687690743,28502,223,28137,142,0,41947358.0,3032.0,1178.0,7.0,3.0
Odisha,Debagarh (Deogarh),347126.36799999996,2781.0,124.82070046745777,1246,10,1231,5,0,41947358.0,3032.0,1178.0,7.0,3.0
Odisha,Dhenkanal,1326558.176,4452.0,297.96904222821206,5682,17,5637,28,0,41947358.0,3032.0,1178.0,7.0,3.0
Odisha,Ganjam,3914407.912,8070.6,485.02068148588717,21759,23,21482,254,0,41947358.0,3032.0,1178.0,7.0,3.0
Odisha,Gajapati,640378.56,3850.0,166.33209350649352,3970,15,3922,33,0,41947358.0,3032.0,1178.0,7.0,3.0
Odisha,Jharsuguda,644402.8879999999,2081.0,309.6602056703508,7383,88,7269,26,0,41947358.0,3032.0,1178.0,7.0,3.0
Odisha,Jajpur,2030817.8,2888.0,703.19175900277,11803,86,11692,25,0,41947358.0,3032.0,1178.0,7.0,3.0
Odisha,Jagatsinghpur,1263903.648,1759.0,718.5353314383173,9028,68,8922,38,0,41947358.0,3032.0,1178.0,7.0,3.0
Odisha,Khordha,2497931.192,2887.5,865.0843954978354,52353,240,51791,322,0,41947358.0,3032.0,1178.0,7.0,3.0
Odisha,Kendujhar (Keonjhar),2004688.024,8240.0,243.2873815533981,7748,57,7654,37,0,41947358.0,3032.0,1178.0,7.0,3.0
Odisha,Kalahandi,1749236.0480000002,7920.0,220.86313737373737,6245,55,6164,26,0,41947358.0,3032.0,1178.0,7.0,3.0
Odisha,Kandhamal,813930.6240000001,8021.0,101.47495623987034,5920,6,5881,33,0,41947358.0,3032.0,1178.0,7.0,3.0
Odisha,Koraput,1531150.608,8807.0,173.856092653571,7843,53,7774,16,0,41947358.0,3032.0,1178.0,7.0,3.0
Odisha,Kendrapara,1601158.792,2644.0,605.5819939485627,8890,101,8760,29,0,41947358.0,3032.0,1178.0,7.0,3.0
Odisha,Malkangiri,681352.4240000001,5791.0,117.65712726644793,5212,20,5165,27,0,41947358.0,3032.0,1178.0,7.0,3.0
Odisha,Mayurbhanj,2795451.24,10418.0,268.3289729314648,13685,100,13495,90,0,41947358.0,3032.0,1178.0,7.0,3.0
Odisha,Nabarangpur,1355263.344,5294.0,255.9998760861353,5771,22,5734,15,0,41947358.0,3032.0,1178.0,7.0,3.0
Odisha,Nuapada,674416.88,3408.0,197.89227699530517,7197,110,7061,26,0,41947358.0,3032.0,1178.0,7.0,3.0
Odisha,Nayagarh,1069983.08,3890.0,275.05991773778925,6416,9,6361,46,0,41947358.0,3032.0,1178.0,7.0,3.0
Odisha,Puri,1888157.096,3051.0,618.8649937725337,13881,102,13663,116,0,41947358.0,3032.0,1178.0,7.0,3.0
Odisha,Rayagada,1069698.408,7584.7,141.03371366039528,8347,20,8283,44,0,41947358.0,3032.0,1178.0,7.0,3.0
Odisha,Sambalpur,1161383.92,6702.0,173.28915547597734,9102,161,8866,75,0,41947358.0,3032.0,1178.0,7.0,3.0
Odisha,Subarnapur (Sonepur),725142.9839999998,2284.0,317.4881716287215,4681,2,4658,21,0,41947358.0,3032.0,1178.0,7.0,3.0
Odisha,Sundargarh,2313698.3680000002,9712.0,238.23088632619442,14170,337,13671,162,0,41947358.0,3032.0,1178.0,7.0,3.0
Punjab,Amritsar,2769870.792,2673.0,1036.2404758698092,14184,751,12898,535,0,27704236.0,1749.0,740.0,6.0,2.0
Punjab,Barnala,663078.928,1423.0,465.9725425158117,2260,51,2146,63,0,27704236.0,1749.0,740.0,6.0,2.0
Punjab,Bathinda,1544411.208,3355.0,460.331209538003,8904,200,8504,200,0,27704236.0,1749.0,740.0,6.0,2.0
Punjab,Firozpur,2253836.0719999997,5334.0,422.5414458192726,4492,44,4309,139,0,27704236.0,1749.0,740.0,6.0,2.0
Punjab,Faridkot,687224.896,1472.0,466.8647391304348,3817,86,3658,73,0,27704236.0,1749.0,740.0,6.0,2.0
Punjab,Fatehgarh Sahib,666993.1680000001,1180.0,565.2484474576272,2467,44,2313,110,0,27704236.0,1749.0,740.0,6.0,2.0
Punjab,Fazilka,1312697.096,3113.0,421.6823308705429,3786,81,3637,68,0,27704236.0,1749.0,740.0,6.0,2.0
Punjab,Gurdaspur,2556516.912,3542.0,721.7721377752682,7760,121,7397,242,0,27704236.0,1749.0,740.0,6.0,2.0
Punjab,Hoshiarpur,1760065.8159999999,3397.0,518.1235843391229,7505,164,7047,294,0,27704236.0,1749.0,740.0,6.0,2.0
Punjab,Jalandhar,2426109.336,2625.0,924.232128,19444,644,18180,620,0,27704236.0,1749.0,740.0,6.0,2.0
Punjab,Kapurthala,909246.816,1646.0,552.397822600243,4617,101,4326,190,0,27704236.0,1749.0,740.0,6.0,2.0
Punjab,Ludhiana,3878524.784,3744.0,1035.930764957265,24321,599,22774,948,0,27704236.0,1749.0,740.0,6.0,2.0
Punjab,Mansa,854914.4959999999,2174.0,393.2449383624655,2355,47,2258,50,0,27704236.0,1749.0,740.0,6.0,2.0
Punjab,Moga,1103425.368,2235.0,493.7026255033557,2711,44,2577,90,0,27704236.0,1749.0,740.0,6.0,2.0
Punjab,Sri Muktsar Sahib,1003804.6240000001,2596.0,386.6735839753467,3752,114,3544,94,0,27704236.0,1749.0,740.0,6.0,2.0
Punjab,Pathankot,696283.248,929.0,749.4975758880516,5515,176,5192,147,0,27704236.0,1749.0,740.0,6.0,2.0
Punjab,Patiala,3216217.584,3175.0,1012.9819162204724,15393,276,14653,464,0,27704236.0,1749.0,740.0,6.0,2.0
Punjab,Rupnagar,759884.088,1400.0,542.7743485714286,3247,242,2845,160,0,27704236.0,1749.0,740.0,6.0,2.0
Punjab,Sahibzada Ajit Singh Nagar,1096595.4640000002,1188.0,923.0601548821547,17463,1928,15210,325,0,27704236.0,1749.0,740.0,6.0,2.0
Punjab,Sangrur,1839701.696,3685.0,499.24062306648574,4320,48,4075,197,0,27704236.0,1749.0,740.0,6.0,2.0
Punjab,Shahid Bhagat Singh Nagar,683170.5440000001,1283.0,532.4789898674981,2303,58,2167,78,0,27704236.0,1749.0,740.0,6.0,2.0
Punjab,Tarn Taran,1245517.84,2414.0,515.9560231980116,2089,18,1969,102,0,27704236.0,1749.0,740.0,6.0,2.0
Rajasthan,Ajmer,2874423.256,8481.0,338.92503902841645,16058,231,15614,213,0,68621012.0,6944.0,2189.0,10.0,3.0
Rajasthan,Alwar,4083262.888,8380.0,487.2628744630072,20956,218,20662,76,0,68621012.0,6944.0,2189.0,10.0,3.0
Rajasthan,Bikaner,2632932.44,27244.0,96.6426530612245,18910,97,18648,165,0,68621012.0,6944.0,2189.0,10.0,3.0
Rajasthan,Barmer,2896151.736,28387.0,102.02387487230072,4833,136,4651,46,0,68621012.0,6944.0,2189.0,10.0,3.0
Rajasthan,Banswara,1999591.728,5037.0,396.98068850506263,1933,171,1732,30,0,68621012.0,6944.0,2189.0,10.0,3.0
Rajasthan,Bharatpur,2834622.5519999997,5066.0,559.5386008685354,8778,200,8460,118,0,68621012.0,6944.0,2189.0,10.0,3.0
Rajasthan,Baran,1361000.1519999998,6955.0,195.6865782890007,2246,208,2005,33,0,68621012.0,6944.0,2189.0,10.0,3.0
Rajasthan,Bundi,1238462.2,5550.0,223.14634234234236,2640,294,2331,15,0,68621012.0,6944.0,2189.0,10.0,3.0
Rajasthan,Bhilwara,2680430.4080000003,10455.0,256.37784868483976,9119,397,8685,37,0,68621012.0,6944.0,2189.0,10.0,3.0
Rajasthan,Churu,2269783.264,16830.0,134.8653157456922,4208,107,4061,40,0,68621012.0,6944.0,2189.0,10.0,3.0
Rajasthan,Chittorgarh,1717363.904,10856.0,158.19490641120115,3472,258,3179,35,0,68621012.0,6944.0,2189.0,10.0,3.0
Rajasthan,Dausa,1820595.312,3429.0,530.9405984251969,2340,111,2207,22,0,68621012.0,6944.0,2189.0,10.0,3.0
Rajasthan,Dholpur,1342509.8159999999,3084.0,435.3144669260701,3666,92,3545,29,0,68621012.0,6944.0,2189.0,10.0,3.0
Rajasthan,Dungarpur,1544463.4719999998,3771.0,409.56337098912763,4296,431,3831,34,0,68621012.0,6944.0,2189.0,10.0,3.0
Rajasthan,Ganganagar,2190106.24,10990.0,199.28173248407646,6410,161,6208,41,0,68621012.0,6944.0,2189.0,10.0,3.0
Rajasthan,Hanumangarh,1978970.8,9670.0,204.65054808686662,2900,84,2804,12,0,68621012.0,6944.0,2189.0,10.0,3.0
Rajasthan,Jhunjhunu,2379299.696,5928.0,401.3663454790823,4443,60,4336,47,0,68621012.0,6944.0,2189.0,10.0,3.0
Rajasthan,Jalore,2035127.9119999998,10640.0,191.27142030075188,5420,199,5173,48,0,68621012.0,6944.0,2189.0,10.0,3.0
Rajasthan,Jodhpur,4098477.272,22850.0,179.36443203501094,42831,1440,41113,278,0,68621012.0,6944.0,2189.0,10.0,3.0
Rajasthan,Jaipur,7410335.752,11152.0,664.4849131994263,55476,4543,50445,488,0,68621012.0,6944.0,2189.0,10.0,3.0
Rajasthan,Jaisalmer,747272.896,38401.0,19.45972490299732,2039,175,1841,23,0,68621012.0,6944.0,2189.0,10.0,3.0
Rajasthan,Jhalawar,1569395.624,6219.0,252.3549805434957,3255,146,3089,20,0,68621012.0,6944.0,2189.0,10.0,3.0
Rajasthan,Karauli,1621806.408,5530.0,293.2742148282098,1468,95,1353,20,0,68621012.0,6944.0,2189.0,10.0,3.0
Rajasthan,Kota,2168945.992,5446.0,398.26404553800967,17582,654,16766,162,0,68621012.0,6944.0,2189.0,10.0,3.0
Rajasthan,Nagaur,3679868.208,17718.0,207.69094751100573,9108,305,8714,89,0,68621012.0,6944.0,2189.0,10.0,3.0
Rajasthan,Pali,2266848.696,12387.0,183.00223589246792,10382,380,9897,105,0,68621012.0,6944.0,2189.0,10.0,3.0
Rajasthan,Pratapgarh,965472.872,4112.0,234.7939863813229,1130,71,1040,19,0,68621012.0,6944.0,2189.0,10.0,3.0
Rajasthan,Rajsamand,1288010.696,3853.0,334.2877487671944,3537,386,3111,40,0,68621012.0,6944.0,2189.0,10.0,3.0
Rajasthan,Sikar,2977643.544,7732.0,385.10651112260734,8779,219,8468,92,0,68621012.0,6944.0,2189.0,10.0,3.0
Rajasthan,Sawai Madhopur,1487982.7680000002,4500.0,330.6628373333333,2019,190,1804,25,0,68621012.0,6944.0,2189.0,10.0,3.0
Rajasthan,Sirohi,1153349.72,5136.0,224.5618613707165,3480,157,3296,27,0,68621012.0,6944.0,2189.0,10.0,3.0
Rajasthan,Tonk,1580942.632,7194.0,219.75849763691966,3218,179,3007,32,0,68621012.0,6944.0,2189.0,10.0,3.0
Rajasthan,Udaipur,3411114.488,13430.0,253.99214355919585,10749,384,10257,108,0,68621012.0,6944.0,2189.0,10.0,3.0
Sikkim,East Sikkim,312797.816,954.0,327.8803102725367,1477,368,1106,3,0,607688.0,189.0,34.0,31.0,6.0
Sikkim,North Sikkim,48209.648,4226.0,11.40786748698533,5,4,1,0,0,607688.0,189.0,34.0,31.0,6.0
Sikkim,South Sikkim,163177.104,750.0,217.56947200000002,484,411,73,0,0,607688.0,189.0,34.0,31.0,6.0
Sikkim,West Sikkim,151564.488,1166.0,129.9866963979417,90,75,15,0,0,607688.0,189.0,34.0,31.0,6.0
Tamil Nadu,Ariyalur,836758.872,3208.0,260.8350598503741,4616,8,4560,48,0,72138958.0,4199.0,1891.0,6.0,2.0
Tamil Nadu,Chengalpattu,2842543.328,2945.0,965.209958573854,49188,524,47931,733,0,72138958.0,4199.0,1891.0,6.0,2.0
Tamil Nadu,Chennai,7895200.0,426.0,18533.33333333333,221937,3025,214968,3944,0,72138958.0,4199.0,1891.0,6.0,2.0
Tamil Nadu,Coimbatore,3861506.736,7469.0,517.0045168027848,51147,1060,49453,634,0,72138958.0,4199.0,1891.0,6.0,2.0
Tamil Nadu,Cuddalore,2892178.56,3999.0,723.2254463615906,24503,95,24128,280,0,72138958.0,4199.0,1891.0,6.0,2.0
Tamil Nadu,Dharmapuri,1671224.8,4532.0,368.76098852603707,6296,82,6161,53,0,72138958.0,4199.0,1891.0,6.0,2.0
Tamil Nadu,Dindigul,2403440.1040000003,6058.0,396.7382145922746,10711,153,10362,196,0,72138958.0,4199.0,1891.0,6.0,2.0
Tamil Nadu,Erode,2512684.096,5714.0,439.74170388519417,13280,301,12837,142,0,72138958.0,4199.0,1891.0,6.0,2.0
Tamil Nadu,Kallakurichi,1523752.4719999998,3520.0,432.884225,10758,20,10630,108,0,72138958.0,4199.0,1891.0,6.0,2.0
Tamil Nadu,Kanchipuram,1297037.912,1656.0,783.23545410628,28350,237,27680,433,0,72138958.0,4199.0,1891.0,6.0,2.0
Tamil Nadu,Kanyakumari,2071853.936,1685.0,1229.5869056379822,16133,176,15703,254,0,72138958.0,4199.0,1891.0,6.0,2.0
Tamil Nadu,Karur,1197165.856,2901.0,412.67351120303334,5044,97,4899,48,0,72138958.0,4199.0,1891.0,6.0,2.0
Tamil Nadu,Krishnagiri,2094708.872,5086.0,411.8578198977585,7723,146,7461,116,0,72138958.0,4199.0,1891.0,6.0,2.0
Tamil Nadu,Madurai,4438034.256,3676.0,1207.2998520130575,20274,305,19521,448,0,72138958.0,4199.0,1891.0,6.0,2.0
Tamil Nadu,Nagapattinam,1794844.728,2716.0,660.8412106038293,7961,114,7720,127,0,72138958.0,4199.0,1891.0,6.0,2.0
Tamil Nadu,Nilgiris,817398.952,2549.0,320.6743632797176,7768,140,7586,42,0,72138958.0,4199.0,1891.0,6.0,2.0
Tamil Nadu,Namakkal,1913951.0480000002,3429.0,558.1659515893847,10945,211,10628,106,0,72138958.0,4199.0,1891.0,6.0,2.0
Tamil Nadu,Perambalur,627736.2320000001,1752.0,358.2969360730593,2252,4,2227,21,0,72138958.0,4199.0,1891.0,6.0,2.0
Tamil Nadu,Pudukkottai,2133622.2,4651.0,458.7448290690174,11324,82,11088,154,0,72138958.0,4199.0,1891.0,6.0,2.0
Tamil Nadu,Ramanathapuram,1487366.72,4123.0,360.74865874363326,6283,25,6127,131,0,72138958.0,4199.0,1891.0,6.0,2.0
Tamil Nadu,Ranipet,1345828.024,2234.0,602.429733213966,15814,77,15557,180,0,72138958.0,4199.0,1891.0,6.0,2.0
Tamil Nadu,Salem,3869768.896,5245.0,737.8015054337465,31059,352,30253,454,0,72138958.0,4199.0,1891.0,6.0,2.0
Tamil Nadu,Sivaganga,1491470.0,4086.0,365.01957905041604,6456,57,6273,126,0,72138958.0,4199.0,1891.0,6.0,2.0
Tamil Nadu,Tenkasi,1565281.2240000002,2916.0,536.7905432098764,8196,36,8004,156,0,72138958.0,4199.0,1891.0,6.0,2.0
Tamil Nadu,Tirupur,2747998.8639999996,5106.0,538.1901417939679,16531,536,15781,214,0,72138958.0,4199.0,1891.0,6.0,2.0
Tamil Nadu,Tiruchirappalli,3017810.0960000004,4407.0,684.7765137281597,13881,159,13550,172,0,72138958.0,4199.0,1891.0,6.0,2.0
Tamil Nadu,Theni,1382976.608,3066.0,451.06869145466413,16786,78,16505,203,0,72138958.0,4199.0,1891.0,6.0,2.0
Tamil Nadu,Tirunelveli,1851761.336,3842.0,481.9784841228527,15130,150,14769,211,0,72138958.0,4199.0,1891.0,6.0,2.0
Tamil Nadu,Thanjavur,2671892.472,3397.0,786.5447371209891,16870,150,16489,231,0,72138958.0,4199.0,1891.0,6.0,2.0
Tamil Nadu,Thoothukudi,1933074.112,4594.0,420.78234915106657,15946,117,15689,140,0,72138958.0,4199.0,1891.0,6.0,2.0
Tamil Nadu,Tirupattur,1236334.9440000001,1792.0,689.9190535714285,7371,26,7221,124,0,72138958.0,4199.0,1891.0,6.0,2.0
Tamil Nadu,Tiruvallur,4142975.064,3424.0,1209.981035046729,42100,477,40954,669,0,72138958.0,4199.0,1891.0,6.0,2.0
Tamil Nadu,Tiruvarur,1410120.5280000002,2377.0,593.2353925115692,10761,111,10542,108,0,72138958.0,4199.0,1891.0,6.0,2.0
Tamil Nadu,Tiruvannamalai,2745489.08,6191.0,443.46455822968835,18988,89,18619,280,0,72138958.0,4199.0,1891.0,6.0,2.0
Tamil Nadu,Vellore,1795037.104,2080.0,862.9986076923077,19961,275,19347,339,0,72138958.0,4199.0,1891.0,6.0,2.0
Tamil Nadu,Viluppuram,2327419.336,3725.0,624.81056,14857,86,14661,110,0,72138958.0,4199.0,1891.0,6.0,2.0
Tamil Nadu,Virudhunagar,2160959.608,3446.0,627.0921671503193,16199,95,15876,228,0,72138958.0,4199.0,1891.0,6.0,2.0
Telangana,Adilabad,788354.6240000001,4185.97,188.33260247923417,2623,2608,15,0,0,42332781.5,1599.5,1117.0,2.0,0.5
Telangana,Komaram Bheem,573608.52,4300.16,133.39236679565408,1477,1475,2,0,0,42332781.5,1599.5,1117.0,2.0,0.5
Telangana,Bhadradri Kothagudem,1450949.832,8951.0,162.0991880236845,8557,8553,4,0,0,42332781.5,1599.5,1117.0,2.0,0.5
Telangana,Hyderabad,3827495.104,4325.29,884.9106311946713,76985,76657,305,23,0,42332781.5,1599.5,1117.0,2.0,0.5
Telangana,Jagtial,1093556.368,3043.23,359.34068999056916,5806,5804,2,0,0,42332781.5,1599.5,1117.0,2.0,0.5
Telangana,Jangaon,647692.184,2187.5,296.08785554285714,3423,3422,1,0,0,42332781.5,1599.5,1117.0,2.0,0.5
Telangana,Jayashankar Bhupalpally,792029.7840000001,6361.7,124.49970668217615,2327,2327,0,0,0,42332781.5,1599.5,1117.0,2.0,0.5
Telangana,Jogulamba Gadwal,739447.752,2928.0,252.54363114754096,3288,3262,25,1,0,42332781.5,1599.5,1117.0,2.0,0.5
Telangana,Kamareddy,1081559.0,3651.0,296.236373596275,5478,5470,8,0,0,42332781.5,1599.5,1117.0,2.0,0.5
Telangana,Karimnagar,1129862.0559999999,2379.07,474.91753332184425,12992,12976,16,0,0,42332781.5,1599.5,1117.0,2.0,0.5
Telangana,Khammam,1558622.5680000002,4453.0,350.0162964293734,10159,10156,3,0,0,42332781.5,1599.5,1117.0,2.0,0.5
Telangana,Mahabubabad,856429.04,2876.7,297.71232314805167,5205,5204,1,0,0,42332781.5,1599.5,1117.0,2.0,0.5
Telangana,Mahbubnagar,1465738.32,4037.0,363.07612583601684,4767,4759,8,0,0,42332781.5,1599.5,1117.0,2.0,0.5
Telangana,Mancherial,897425.1440000001,4056.36,221.23902809415333,5018,5017,0,1,0,42332781.5,1599.5,1117.0,2.0,0.5
Telangana,Medak,853379.936,2740.89,311.35139899813566,3484,3480,4,0,0,42332781.5,1599.5,1117.0,2.0,0.5
Telangana,Medchal-Malkajgiri,2826929.736,5005.98,564.7105533781597,18550,18540,9,1,0,42332781.5,1599.5,1117.0,2.0,0.5
Telangana,Mulugu,327674.152,3881.0,84.43034063385727,2788,2786,2,0,0,42332781.5,1599.5,1117.0,2.0,0.5
Telangana,Nalgonda,1814115.688,2449.79,740.5188559019343,11930,11918,12,0,0,42332781.5,1599.5,1117.0,2.0,0.5
Telangana,Narayanpet,630363.8879999999,2336.44,269.79673691599186,1100,1099,0,1,0,42332781.5,1599.5,1117.0,2.0,0.5
Telangana,Nagarkurnool,993358.4959999999,6545.0,151.77364339190225,4210,4208,2,0,0,42332781.5,1599.5,1117.0,2.0,0.5
Telangana,Nirmal,788869.48,3562.51,221.4364254416128,2474,2461,13,0,0,42332781.5,1599.5,1117.0,2.0,0.5
Telangana,Nizamabad,1706283.936,4153.0,410.8557515049362,7819,7789,30,0,0,42332781.5,1599.5,1117.0,2.0,0.5
Telangana,Peddapalli,884409.184,4614.74,191.64875680970107,5456,5455,1,0,0,42332781.5,1599.5,1117.0,2.0,0.5
Telangana,Rajanna Sircilla,607286.552,2030.89,299.02483738656446,4862,4860,2,0,0,42332781.5,1599.5,1117.0,2.0,0.5
Telangana,Ranga Reddy,2837524.872,1038.0,2733.6463121387287,23144,23125,17,2,0,42332781.5,1599.5,1117.0,2.0,0.5
Telangana,Sangareddy,1698722.336,4464.87,380.4640081346154,7544,7538,6,0,0,42332781.5,1599.5,1117.0,2.0,0.5
Telangana,Siddipet,1104634.112,3425.19,322.5030179347715,7632,7631,1,0,0,42332781.5,1599.5,1117.0,2.0,0.5
Telangana,Suryapet,1222710.72,3374.47,362.34155882257073,6767,6743,24,0,0,42332781.5,1599.5,1117.0,2.0,0.5
Telangana,Vikarabad,979950.0,3385.0,289.4977843426883,2328,2312,15,1,0,42332781.5,1599.5,1117.0,2.0,0.5
Telangana,Wanaparthy,835726.936,2938.0,284.4543689584752,3435,3435,0,0,0,42332781.5,1599.5,1117.0,2.0,0.5
Telangana,Warangal Urban,1262906.1840000001,1304.5,968.1151276351093,11126,11103,23,0,0,42332781.5,1599.5,1117.0,2.0,0.5
Telangana,Warangal Rural,796700.184,2175.5,366.21474787405197,3526,3526,0,0,0,42332781.5,1599.5,1117.0,2.0,0.5
Telangana,Yadadri Bhuvanagiri,807829.08,3091.48,261.3082018968261,3763,3763,0,0,0,42332781.5,1599.5,1117.0,2.0,0.5
Tripura,Dhalai,420322.656,2400.0,175.13443999999998,3460,15,3426,18,1,3671032.0,258.0,119.0,7.0,2.0
Tripura,Gomati,485797.216,1522.8,319.01577094825325,3925,20,3860,44,1,3671032.0,258.0,119.0,7.0,2.0
Tripura,Khowai,364058.792,1005.67,362.00621675102167,1830,9,1790,31,0,3671032.0,258.0,119.0,7.0,2.0
Tripura,North Tripura,462531.95200000005,1444.5,320.20211284181374,2740,37,2681,15,7,3671032.0,258.0,119.0,7.0,2.0
Tripura,Sipahijala,538467.096,1044.78,515.3880204444955,2870,9,2828,33,0,3671032.0,258.0,119.0,7.0,2.0
Tripura,South Tripura,482315.544,1534.2,314.37592491200627,4028,47,3955,23,3,3671032.0,258.0,119.0,7.0,2.0
Tripura,Unokoti,308396.52,591.93,521.0016724950586,2762,27,2713,22,0,3671032.0,258.0,119.0,7.0,2.0
Tripura,West Tripura,1020297.808,942.55,1082.4866670203173,11527,102,11225,189,11,3671032.0,258.0,119.0,7.0,2.0
Uttar Pradesh,Agra,4871441.816000001,4027.0,1209.6950126645145,10032,285,9578,169,0,199581477.0,5549.0,1162.0,3.0,5.0
Uttar Pradesh,Aligarh,4085320.088,3747.0,1090.2909228716303,11020,264,10702,54,0,199581477.0,5549.0,1162.0,3.0,5.0
Uttar Pradesh,Allahabad,6627295.376,5481.0,1209.1398241196862,27748,714,26655,379,0,199581477.0,5549.0,1162.0,3.0,5.0
Uttar Pradesh,Ambedkar Nagar,2667364.4080000003,2372.0,1124.5212512647554,1842,68,1734,40,0,199581477.0,5549.0,1162.0,3.0,5.0
Uttar Pradesh,Amethi,2835527.72,3063.0,925.7354619653937,3484,103,3346,35,0,199581477.0,5549.0,1162.0,3.0,5.0
Uttar Pradesh,Amroha,2044713.352,2321.0,880.9622369668248,4175,75,4051,49,0,199581477.0,5549.0,1162.0,3.0,5.0
Uttar Pradesh,Auraiya,1525983.144,2051.0,744.0190853242322,3420,113,3261,46,0,199581477.0,5549.0,1162.0,3.0,5.0
Uttar Pradesh,Azamgarh,5133558.008,4053.0,1266.606959782877,5905,146,5666,93,0,199581477.0,5549.0,1162.0,3.0,5.0
Uttar Pradesh,Bahraich,2651273.768,4926.0,538.2204157531467,4002,75,3853,74,0,199581477.0,5549.0,1162.0,3.0,5.0
Uttar Pradesh,Ballia,3584689.9039999996,2981.0,1202.512547467293,7620,220,7300,100,0,199581477.0,5549.0,1162.0,3.0,5.0
Uttar Pradesh,Balrampur,2389761.392,3349.0,713.5746169005673,2038,93,1912,33,0,199581477.0,5549.0,1162.0,3.0,5.0
Uttar Pradesh,Banda,2001089.592,4413.0,453.4533405846363,3604,119,3448,37,0,199581477.0,5549.0,1162.0,3.0,5.0
Uttar Pradesh,Barabanki,3622877.0960000004,3825.0,947.1574107189543,7589,92,7400,97,0,199581477.0,5549.0,1162.0,3.0,5.0
Uttar Pradesh,Bareilly,4965462.528,4120.0,1205.2093514563107,13731,353,13220,158,0,199581477.0,5549.0,1162.0,3.0,5.0
Uttar Pradesh,Basti,2736694.272,2687.0,1018.4943327130627,4968,63,4808,97,0,199581477.0,5549.0,1162.0,3.0,5.0
Uttar Pradesh,Bhadohi,1728273.736,960.0,1800.285141666667,2171,90,2061,20,0,199581477.0,5549.0,1162.0,3.0,5.0
Uttar Pradesh,Bijnor,4096492.352,4561.0,898.1566217934662,4192,132,4002,58,0,199581477.0,5549.0,1162.0,3.0,5.0
Uttar Pradesh,Budaun,4128564.6560000004,5168.0,798.8708699690402,3770,100,3625,45,0,199581477.0,5549.0,1162.0,3.0,5.0
Uttar Pradesh,Bulandshahr,3890339.784,3719.0,1046.071466523259,5932,268,5575,89,0,199581477.0,5549.0,1162.0,3.0,5.0
Uttar Pradesh,Chandauli,2171416.856,2554.0,850.2023711824588,4569,146,4368,55,0,199581477.0,5549.0,1162.0,3.0,5.0
Uttar Pradesh,Chitrakoot,1101576.112,3202.0,344.02751780137413,2099,40,2046,13,0,199581477.0,5549.0,1162.0,3.0,5.0
Uttar Pradesh,Deoria,3445684.3439999996,2535.0,1359.244317159763,6659,118,6451,90,0,199581477.0,5549.0,1162.0,3.0,5.0
Uttar Pradesh,Etah,1958401.024,2456.0,797.3945537459282,2470,99,2345,26,0,199581477.0,5549.0,1162.0,3.0,5.0
Uttar Pradesh,Etawah,1756025.92,2287.0,767.8294359422824,5633,169,5362,102,0,199581477.0,5549.0,1162.0,3.0,5.0
Uttar Pradesh,Faizabad,2744828.5519999997,2765.0,992.7047204339964,7719,154,7455,110,0,199581477.0,5549.0,1162.0,3.0,5.0
Uttar Pradesh,Farrukhabad,2098985.624,2279.0,921.0116823168056,4534,109,4345,80,0,199581477.0,5549.0,1162.0,3.0,5.0
Uttar Pradesh,Fatehpur,2927544.608,4152.0,705.0926319845858,3697,135,3497,65,0,199581477.0,5549.0,1162.0,3.0,5.0
Uttar Pradesh,Firozabad,2776398.232,2361.0,1175.9416484540448,3765,70,3627,68,0,199581477.0,5549.0,1162.0,3.0,5.0
Uttar Pradesh,Gautam Buddh Nagar,1862281.968,1269.0,1467.5192813238768,24470,677,23706,87,0,199581477.0,5549.0,1162.0,3.0,5.0
Uttar Pradesh,Ghaziabad,5183534.624,1175.0,4411.51882893617,25378,932,24348,98,0,199581477.0,5549.0,1162.0,3.0,5.0
Uttar Pradesh,Ghazipur,4028472.4239999996,3377.0,1192.9145466390287,5020,101,4841,78,0,199581477.0,5549.0,1162.0,3.0,5.0
Uttar Pradesh,Gonda,3815701.232,4425.0,862.3053631638417,4976,88,4822,66,0,199581477.0,5549.0,1162.0,3.0,5.0
Uttar Pradesh,Gorakhpur,4933137.8,3325.0,1483.6504661654135,20658,339,19986,333,0,199581477.0,5549.0,1162.0,3.0,5.0
Uttar Pradesh,Hamirpur,1227671.352,4325.0,283.85464786127164,1544,37,1486,21,0,199581477.0,5549.0,1162.0,3.0,5.0
Uttar Pradesh,Hapur,1488090.632,660.0,2254.682775757576,4220,230,3924,66,0,199581477.0,5549.0,1162.0,3.0,5.0
Uttar Pradesh,Hardoi,4549614.56,5986.0,760.042525893752,5750,120,5526,104,0,199581477.0,5549.0,1162.0,3.0,5.0
Uttar Pradesh,Hathras,1741033.936,1752.0,993.7408310502284,1275,9,1259,7,0,199581477.0,5549.0,1162.0,3.0,5.0
Uttar Pradesh,Jalaun,1857838.416,4565.0,406.97446133625414,3800,101,3654,45,0,199581477.0,5549.0,1162.0,3.0,5.0
Uttar Pradesh,Jaunpur,4977392.063999999,4038.0,1232.637955423477,6472,197,6179,96,0,199581477.0,5549.0,1162.0,3.0,5.0
Uttar Pradesh,Jhansi,2224839.56,5024.0,442.84226910828033,9945,253,9515,177,0,199581477.0,5549.0,1162.0,3.0,5.0
Uttar Pradesh,Kannauj,1843701.56,1993.0,925.0885900652285,3414,48,3320,46,0,199581477.0,5549.0,1162.0,3.0,5.0
Uttar Pradesh,Kanpur Dehat,1996142.304,3021.0,660.7554796425026,2072,59,1979,34,0,199581477.0,5549.0,1162.0,3.0,5.0
Uttar Pradesh,Kanpur Nagar,5085121.512,3156.0,1611.2552319391634,31770,647,30316,807,0,199581477.0,5549.0,1162.0,3.0,5.0
Uttar Pradesh,Kasganj,1599229.4719999998,1955.0,818.02019028133,1927,70,1851,6,0,199581477.0,5549.0,1162.0,3.0,5.0
Uttar Pradesh,Kaushambi,1775762.8080000002,1837.0,966.6645661404464,2229,13,2190,26,0,199581477.0,5549.0,1162.0,3.0,5.0
Uttar Pradesh,Kushinagar,3959642.96,2909.0,1361.1698040563767,5600,67,5473,60,0,199581477.0,5549.0,1162.0,3.0,5.0
Uttar Pradesh,Lakhimpur Kheri,4463161.008,7674.0,581.5951274433153,7423,147,7191,85,0,199581477.0,5549.0,1162.0,3.0,5.0
Uttar Pradesh,Lalitpur,1354418.2240000002,5039.0,268.7871053780512,3234,75,3113,46,0,199581477.0,5549.0,1162.0,3.0,5.0
Uttar Pradesh,Lucknow,5102361.96,2528.0,2018.3393829113925,76276,2874,72324,1078,0,199581477.0,5549.0,1162.0,3.0,5.0
Uttar Pradesh,Maharajganj,2963804.704,2953.0,1003.6588906197087,5741,20,5631,90,0,199581477.0,5549.0,1162.0,3.0,5.0
Uttar Pradesh,Mahoba,974173.16,2847.0,342.1753284158764,1416,44,1361,11,0,199581477.0,5549.0,1162.0,3.0,5.0
Uttar Pradesh,Mainpuri,2054079.728,2760.0,744.2317855072464,3680,115,3495,70,0,199581477.0,5549.0,1162.0,3.0,5.0
Uttar Pradesh,Mathura,2826586.128,3333.0,848.0606444644466,6531,266,6156,109,0,199581477.0,5549.0,1162.0,3.0,5.0
Uttar Pradesh,Mau,2452149.04,1713.0,1431.4938937536483,3021,55,2928,38,0,199581477.0,5549.0,1162.0,3.0,5.0
Uttar Pradesh,Meerut,3833514.36,2522.0,1520.0294845360825,21110,1550,19137,423,0,199581477.0,5549.0,1162.0,3.0,5.0
Uttar Pradesh,Mirzapur,2773920.6960000005,4522.0,613.4278407784168,3321,159,3120,42,0,199581477.0,5549.0,1162.0,3.0,5.0
Uttar Pradesh,Moradabad,5307729.456,3718.0,1427.5765077998926,11339,225,10939,175,0,199581477.0,5549.0,1162.0,3.0,5.0
Uttar Pradesh,Muzaffarnagar,4602128.76,4008.0,1148.235718562874,7890,462,7329,99,0,199581477.0,5549.0,1162.0,3.0,5.0
Uttar Pradesh,Pilibhit,2265394.2,3499.0,647.4404687053444,4092,90,3925,77,0,199581477.0,5549.0,1162.0,3.0,5.0
Uttar Pradesh,Pratapgarh,3529212.224,3717.0,949.47867204735,5148,155,4927,66,0,199581477.0,5549.0,1162.0,3.0,5.0
Uttar Pradesh,Raebareli,3785252.4480000003,4609.0,821.2741262746798,4948,124,4722,102,0,199581477.0,5549.0,1162.0,3.0,5.0
Uttar Pradesh,Rampur,2596962.576,2367.0,1097.1536020278834,5337,100,5187,50,0,199581477.0,5549.0,1162.0,3.0,5.0
Uttar Pradesh,Saharanpur,3852221.5360000003,3689.0,1044.2454692328542,9426,444,8851,131,0,199581477.0,5549.0,1162.0,3.0,5.0
Uttar Pradesh,Sambhal,2465326.24,2453.0,1005.0249653485527,3136,184,2909,43,0,199581477.0,5549.0,1162.0,3.0,5.0
Uttar Pradesh,Sant Kabir Nagar,1906301.6,1442.0,1321.9844660194176,3197,73,3080,44,0,199581477.0,5549.0,1162.0,3.0,5.0
Uttar Pradesh,Shahjahanpur,3338642.1119999997,4575.0,729.7578386885248,6754,57,6586,111,0,199581477.0,5549.0,1162.0,3.0,5.0
Uttar Pradesh,Shamli,1417594.28,1063.0,1333.578814675447,3494,114,3351,29,0,199581477.0,5549.0,1162.0,3.0,5.0
Uttar Pradesh,Shravasti,1239451.88,1948.0,636.268932238193,1258,24,1216,18,0,199581477.0,5549.0,1162.0,3.0,5.0
Uttar Pradesh,Siddharthnagar,2839520.912,2751.0,1032.1777215557981,3960,45,3864,51,0,199581477.0,5549.0,1162.0,3.0,5.0
Uttar Pradesh,Sitapur,4975583.952,5743.0,866.3736639387079,4671,83,4514,74,0,199581477.0,5549.0,1162.0,3.0,5.0
Uttar Pradesh,Sonbhadra,2071224.544,6788.0,305.1303099587508,4895,246,4578,71,0,199581477.0,5549.0,1162.0,3.0,5.0
Uttar Pradesh,Sultanpur,4215505.2639999995,4436.0,950.2942434625791,4659,250,4334,75,0,199581477.0,5549.0,1162.0,3.0,5.0
Uttar Pradesh,Unnao,3458981.64,4561.0,758.3822933567201,4482,216,4185,81,0,199581477.0,5549.0,1162.0,3.0,5.0
Uttar Pradesh,Varanasi,4094599.728,1535.0,2667.4916794788273,21847,847,20583,417,0,199581477.0,5549.0,1162.0,3.0,5.0
Uttarakhand,Almora,691582.824,3090.0,223.8132116504854,2877,349,2438,21,69,10116752.0,839.0,324.0,8.0,3.0
Uttarakhand,Bageshwar,288942.08,2310.0,125.08315151515151,1437,170,1254,13,0,10116752.0,839.0,324.0,8.0,3.0
Uttarakhand,Chamoli,434918.768,7692.0,56.54170150806032,3256,315,2878,14,49,10116752.0,839.0,324.0,8.0,3.0
Uttarakhand,Champawat,288358.28,1781.0,161.90807411566539,1602,163,1360,8,71,10116752.0,839.0,324.0,8.0,3.0
Uttarakhand,Dehradun,1888798.72,3088.0,611.6576165803109,25367,1624,22570,789,384,10116752.0,839.0,324.0,8.0,3.0
Uttarakhand,Haridwar,2142856.248,2360.0,907.9899355932204,12986,460,12275,145,106,10116752.0,839.0,324.0,8.0,3.0
Uttarakhand,Nainital,1062102.336,3853.0,275.6559397871788,10252,1153,8855,192,52,10116752.0,839.0,324.0,8.0,3.0
Uttarakhand,Pauri Garhwal,763418.0240000001,5438.0,140.38580801765357,4833,346,4408,55,24,10116752.0,839.0,324.0,8.0,3.0
Uttarakhand,Pithoragarh,540424.216,7110.0,76.0090317862166,2919,448,2443,28,0,10116752.0,839.0,324.0,8.0,3.0
Uttarakhand,Rudraprayag,263384.984,1896.0,138.91613080168779,2106,164,1926,10,6,10116752.0,839.0,324.0,8.0,3.0
Uttarakhand,Tehri Garhwal,685446.808,4085.0,167.79603623011016,3975,324,3539,15,97,10116752.0,839.0,324.0,8.0,3.0
Uttarakhand,Udham Singh Nagar,1832984.104,2912.0,629.4588269230769,10859,268,10379,105,107,10116752.0,839.0,324.0,8.0,3.0
Uttarakhand,Uttarkashi,366610.83200000005,7951.0,46.1087702175827,3384,290,3001,13,80,10116752.0,839.0,324.0,8.0,3.0
West Bengal,Alipurduar,1890400.0,3383.0,558.7939698492462,7546,70,7391,85,0,91347736.0,3781.0,1566.0,4.0,2.0
West Bengal,Bankura,3999076.704,6882.0,581.0922266782911,10970,434,10449,87,0,91347736.0,3781.0,1566.0,4.0,2.0
West Bengal,Paschim Bardhaman,3204818.472,1603.0,1999.2629270118528,14786,703,13942,141,0,91347736.0,3781.0,1566.0,4.0,2.0
West Bengal,Purba Bardhaman,5377111.584,5433.0,989.7131573716181,11830,533,11205,92,0,91347736.0,3781.0,1566.0,4.0,2.0
West Bengal,Birbhum,3894654.3439999996,4545.0,856.9096466446645,9211,400,8730,81,0,91347736.0,3781.0,1566.0,4.0,2.0
West Bengal,Cooch Behar,3138931.36,3387.0,926.7585946265132,11402,393,10941,68,0,91347736.0,3781.0,1566.0,4.0,2.0
West Bengal,Dakshin Dinajpur,1858075.272,2183.0,851.1567897388913,8006,104,7835,67,0,91347736.0,3781.0,1566.0,4.0,2.0
West Bengal,Darjeeling,2048341.8080000002,3149.0,650.4737402349953,17154,545,16414,195,0,91347736.0,3781.0,1566.0,4.0,2.0
West Bengal,Hooghly,6138672.568,3149.0,1949.4038005716102,27623,1000,26179,444,0,91347736.0,3781.0,1566.0,4.0,2.0
West Bengal,Howrah,5383901.456,1467.0,3670.0078091342875,33768,1028,31774,966,0,91347736.0,3781.0,1566.0,4.0,2.0
West Bengal,Jalpaiguri,4303078.6,6227.0,691.0355869600128,13872,452,13268,152,0,91347736.0,3781.0,1566.0,4.0,2.0
West Bengal,Jhargram,1263841.376,3038.0,416.0109861751152,2885,69,2797,19,0,91347736.0,3781.0,1566.0,4.0,2.0
West Bengal,Kalimpong,279825.904,1054.0,265.4894724857685,2056,48,1985,23,0,91347736.0,3781.0,1566.0,4.0,2.0
West Bengal,Kolkata,4989187.048,206.08,24209.95267857143,119353,4452,112043,2858,0,91347736.0,3781.0,1566.0,4.0,2.0
West Bengal,Maldah,4445742.64,3733.0,1190.9302544870075,12208,369,11730,109,0,91347736.0,3781.0,1566.0,4.0,2.0
West Bengal,Murshidabad,7897902.16,5324.0,1483.4526972201352,11656,422,11095,139,0,91347736.0,3781.0,1566.0,4.0,2.0
West Bengal,Nadia,5747358.656,3927.0,1463.5494413037939,20762,712,19782,268,0,91347736.0,3781.0,1566.0,4.0,2.0
West Bengal,North 24 Parganas,11212131.424,4094.0,2738.674016609673,112712,3583,106907,2222,0,91347736.0,3781.0,1566.0,4.0,2.0
West Bengal,Paschim Medinipur,5664792.656,9345.0,606.1843398608881,19359,682,18394,283,0,91347736.0,3781.0,1566.0,4.0,2.0
West Bengal,Purba Medinipur,4912123.223999999,4736.0,1037.1881807432433,19523,776,18486,261,0,91347736.0,3781.0,1566.0,4.0,2.0
West Bengal,Purulia,3255897.08,6259.0,520.1944527879854,6660,271,6346,43,0,91347736.0,3781.0,1566.0,4.0,2.0
West Bengal,South 24 Parganas,9066331.712000001,9960.0,910.2742682730924,35168,1202,33322,644,0,91347736.0,3781.0,1566.0,4.0,2.0
West Bengal,Uttar Dinajpur,3336944.088,3180.0,1049.3534867924527,6274,212,5992,70,0,91347736.0,3781.0,1566.0,4.0,2.0
Andaman and Nicobar Islands,Nicobar,40968.304,1841.0,22.253288430200982,0,0,0,0,0,379944.0,75.0,44.0,19.0,2.0
Andaman and Nicobar Islands,North and Middle Andaman,117423.864,3736.0,31.4303704496788,1,0,1,0,0,379944.0,75.0,44.0,19.0,2.0
Andaman and Nicobar Islands,South Andaman,264813.904,2672.0,99.10700000000001,51,19,32,0,0,379944.0,75.0,44.0,19.0,2.0
Chandigarh,Chandigarh,1173660.4,114.0,10295.266666666666,19044,494,18244,306,0,1054686.0,8.0,59.0,1.0,0.0
Dadra and Nagar Haveli and Daman and Diu,Daman,212584.37600000002,72.0,2952.5607777777777,1401,3,1373,1,24,585764.0,62.0,22.0,22.0,5.0
Dadra and Nagar Haveli and Daman and Diu,Diu,57906.288,39.0,1484.776615384615,312,3,309,0,0,585764.0,62.0,22.0,22.0,5.0
Dadra and Nagar Haveli and Daman and Diu,Dadra and Nagar Haveli,382204.408,491.0,778.4203828920571,1640,2,1632,1,5,585764.0,62.0,22.0,22.0,5.0
Jammu and Kashmir,Anantnag,1190000.128,2853.0,417.1048468279005,4739,152,4505,82,0,12548926.0,1113.0,579.0,9.0,2.0
Jammu and Kashmir,Badgam,818157.3359999999,1406.0,581.9042219061166,7412,225,7081,106,0,12548926.0,1113.0,579.0,9.0,2.0
Jammu and Kashmir,Bandipora,428230.088,3010.0,142.2691322259136,4602,99,4445,58,0,12548926.0,1113.0,579.0,9.0,2.0
Jammu and Kashmir,Baramulla,1129239.336,3329.0,339.2127774106338,7821,176,7475,170,0,12548926.0,1113.0,579.0,9.0,2.0
Jammu and Kashmir,Doda,455448.51200000005,2625.0,173.50419504761902,3338,101,3177,60,0,12548926.0,1113.0,579.0,9.0,2.0
Jammu and Kashmir,Ganderbal,330267.336,1979.0,166.88597069226884,4407,123,4242,42,0,12548926.0,1113.0,579.0,9.0,2.0
Jammu and Kashmir,Jammu,1697363.4719999998,3097.0,548.0669912818856,22757,809,21606,342,0,12548926.0,1113.0,579.0,9.0,2.0
Jammu and Kashmir,Kathua,684670.632,2651.0,258.2688162957374,3092,98,2946,48,0,12548926.0,1113.0,579.0,9.0,2.0
Jammu and Kashmir,Kishtwar,256533.952,7737.0,33.15677290939641,2701,84,2596,21,0,12548926.0,1113.0,579.0,9.0,2.0
Jammu and Kashmir,Kulgam,470138.032,457.0,1028.7484288840262,2638,62,2523,53,0,12548926.0,1113.0,579.0,9.0,2.0
Jammu and Kashmir,Kupwara,973627.168,2379.0,409.2590029424128,5433,167,5178,88,0,12548926.0,1113.0,579.0,9.0,2.0
Jammu and Kashmir,Poonch,530223.84,1674.0,316.74064516129033,2430,26,2382,22,0,12548926.0,1113.0,579.0,9.0,2.0
Jammu and Kashmir,Pulwama,633906.72,1398.0,453.4382832618026,5406,195,5123,88,0,12548926.0,1113.0,579.0,9.0,2.0
Jammu and Kashmir,Rajouri,688623.792,2630.0,261.83414144486693,3764,235,3475,54,0,12548926.0,1113.0,579.0,9.0,2.0
Jammu and Kashmir,Ramban,315044.05600000004,1330.0,236.87523007518794,2071,63,1987,21,0,12548926.0,1113.0,579.0,9.0,2.0
Jammu and Kashmir,Reasi,349961.968,1710.0,204.6561216374269,1589,130,1446,13,0,12548926.0,1113.0,579.0,9.0,2.0
Jammu and Kashmir,Samba,354295.4320000001,913.0,388.05633296823663,2671,206,2429,36,0,12548926.0,1113.0,579.0,9.0,2.0
Jammu and Kashmir,Shopian,295747.52,312.0,947.9087179487179,2446,80,2329,37,0,12548926.0,1113.0,579.0,9.0,2.0
Jammu and Kashmir,Srinagar,1411963.112,2228.0,633.7356876122083,24681,882,23358,441,0,12548926.0,1113.0,579.0,9.0,2.0
Jammu and Kashmir,Udhampur,617556.9839999999,4550.0,135.72680967032971,4008,163,3790,55,0,12548926.0,1113.0,579.0,9.0,2.0
Ladakh,Kargil,159447.456,14036.0,11.359892846964948,2085,77,1965,43,0,,,,,
Ladakh,Leh,163579.64800000002,45110.0,3.6262391487475063,7185,347,6757,81,0,,,,,
Lakshadweep,Lakshadweep,71693.976,30.0,2389.7992,0,0,0,0,0,64429.0,10.0,3.0,16.0,3.0
Delhi,Central Delhi,647539.84,25.0,25901.5936,184,184,0,0,0,16753235.0,573.0,400.0,3.0,1.0
Delhi,East Delhi,1900792.7519999999,440.0,4319.983527272729,38,38,0,0,0,16753235.0,573.0,400.0,3.0,1.0
Delhi,New Delhi,157908.448,22.0,7177.656727272727,37,37,0,0,0,16753235.0,573.0,400.0,3.0,1.0
Delhi,North Delhi,987431.536,59.0,16736.127728813557,60,60,0,0,0,16753235.0,573.0,400.0,3.0,1.0
Delhi,North East Delhi,2492685.8880000003,52.0,47936.267076923075,25,25,0,0,0,16753235.0,573.0,400.0,3.0,1.0
Delhi,North West Delhi,4066071.3680000002,130.0,31277.47206153846,32,31,0,1,0,16753235.0,573.0,400.0,3.0,1.0
Delhi,South Delhi,3037905.048,250.0,12151.620192,70,70,0,0,0,16753235.0,573.0,400.0,3.0,1.0
Delhi,South West Delhi,2549769.296,395.0,6455.112141772152,42,42,0,0,0,16753235.0,573.0,400.0,3.0,1.0
Delhi,West Delhi,2828086.216,112.0,25250.76978571428,122,122,0,0,0,16753235.0,573.0,400.0,3.0,1.0
Puducherry,Karaikal,222646.86399999997,157.0,1418.1328917197452,3726,63,3603,60,0,1244464.0,87.0,51.0,7.0,2.0
Puducherry,Mah,46499.392,9.0,5166.599111111111,1652,114,1530,8,0,1244464.0,87.0,51.0,7.0,2.0
Puducherry,Puducherry,1056721.368,293.0,3606.5575699658702,30249,154,29584,511,0,1244464.0,87.0,51.0,7.0,2.0
Puducherry,Yanam,61856.112,30.0,2061.8704,2088,8,2035,45,0,1244464.0,87.0,51.0,7.0,2.0
