District_Key,dist_index,covid_index,clusters
AN_Nicobar,0.002470749181283753,1e-05,1
AN_North and Middle Andaman,0.007295352665102823,1.1232238089761784e-05,1
AN_South Andaman,0.017887411977009403,3.7872441138113397e-05,1
AP_Anantapur,0.17970366362054718,0.0975618024355828,0
AP_Chittoor,0.1897773015658935,0.13050322440000345,0
AP_East Godavari,0.24616366318372826,0.1366897280789973,0
AP_Guntur,0.2318489053270715,0.10805449571553616,0
AP_Kadapa,0.13083702850953466,0.07707262751149517,3
AP_Krishna,0.2230630603181027,0.08588259838914833,0
AP_Kurnool,0.18013562233546673,0.08378832488338224,0
AP_Prakasam,0.15098142910130827,0.09233396605961862,0
AP_Sri Potti Sriramulu Nellore,0.13768717549970108,0.08623817858968122,3
AP_Srikakulam,0.14058085998078929,0.061473445518994425,3
AP_Visakhapatnam,0.2038687872044282,0.08773327958546592,0
AP_Vizianagaram,0.11996638714918885,0.04820787190158018,3
AP_West Godavari,0.19706665153228287,0.108957972677985,0
AR_Anjaw,0.0007344878062811817,7.373796302475041e-05,1
AR_Changlang,0.0077152288244066065,0.0011173132587418775,1
AR_East Kameng,0.003979364257658095,8.974187674407638e-05,1
AR_East Siang,0.005229990721546901,0.001046720380517676,1
AR_Kamle,0.0013222729336947216,2.930412944702105e-05,1
AR_Kurung Kumey,0.004360127901783199,5.622358209057975e-05,1
AR_Lohit,0.008344470299074277,0.00012220686891655918,1
AR_Longding,0.003535332170267178,8.116937095520486e-05,1
AR_Lower Dibang Valley,0.0026415709313150435,0.00011145785862782368,1
AR_Lower Subansiri,0.0043280732531430855,0.0003190013488019077,1
AR_Namsai,0.0056911634426349104,0.0006487756682088812,1
AR_Papum Pare,0.009939859648354045,0.006839311293547257,1
AR_Shi Yomi,0.0003642361683708667,5.311280392268818e-05,1
AR_Siang,0.0014630806230508248,0.0001895168398234252,1
AR_Tawang,0.0026466476585796468,0.0003452749810325682,1
AR_Tirap,0.006342041905763064,0.0005436051204087505,1
AR_Upper Dibang Valley,1.0000000000000025e-05,2.649062037056124e-05,1
AR_Upper Siang,0.0014830860119200199,9.742986672129467e-05,1
AR_Upper Subansiri,0.003927518802406803,0.0004723512335335968,1
AR_West Kameng,0.0040912163242029995,0.0009464953590444695,1
AR_West Siang,0.005294335429195875,0.0008743966780792883,1
AS_Baksa,0.04243910857170455,0.0010818114671044359,1
AS_Barpeta,0.07089299203617297,0.0018015658758119735,1
AS_Bishwanath,0.02940419979008177,0.0008279073060095207,1
AS_Bongaigaon,0.03313728063759512,0.001379308811500363,1
AS_Cachar,0.07113120935017035,0.00741605586921903,1
AS_Charaideo,0.022529787569217228,0.0005561033106465613,1
AS_Chirang,0.021108346147826657,0.0007405731723807647,1
AS_Darrang,0.04084890698088674,0.002916219850384948,1
AS_Dhemaji,0.028395902333764426,0.0012188710674434832,1
AS_Dhubri,0.08327504713726458,0.002138044105872723,3
AS_Dibrugarh,0.05511462324140386,0.015195060857259343,1
AS_Dima Hasao,0.007819898443686812,0.0003479435489221344,1
AS_Goalpara,0.04556042954389065,0.0012626461911515578,1
AS_Golaghat,0.04358229782011256,0.0063967068088436035,1
AS_Hailakandi,0.03087399009943928,0.0016647019676845442,1
AS_Jorhat,0.04628872729617442,0.010438030546248044,1
AS_Kamrup,0.06281969212933451,0.005928510507389899,1
AS_Kamrup Metropolitan,0.06652190322324228,0.04166131284322205,3
AS_Karbi Anglong,0.03393135334776248,0.0012973605412187324,1
AS_Karimganj,0.055178493002215084,0.0027366713656313104,1
AS_Kokrajhar,0.03699169198167082,0.0010900918017283372,1
AS_Lakhimpur,0.04554766953294048,0.004158214908144803,1
AS_Majuli,0.007632525478209575,0.0004957560227693205,1
AS_Morigaon,0.04363613944401189,0.0011803247637860465,1
AS_Nagaon,0.11601015772146855,0.005199648192378452,3
AS_Nalbari,0.03763801671535065,0.0018511729095992753,1
AS_Sivasagar,0.04929404951872788,0.0020502608762788792,1
AS_South Salmara,0.029203914247069317,0.00012040390603886819,1
AS_Sonitpur,0.07521874770131838,0.0031297525078925192,1
AS_Tinsukia,0.05377511234491464,0.005745341846806964,1
AS_Udalguri,0.03792570474114639,0.0012133095685681597,1
AS_West Karbi Anglong,0.012091360250875469,0.0001064135169577004,1
BR_Araria,0.0776509618868759,0.006120141833455096,3
BR_Arwal,0.02246324595767601,0.002437720018141919,1
BR_Aurangabad,0.0678080619741676,0.0042265856701744035,1
BR_Banka,0.05520992172245598,0.003923547807620478,1
BR_Begusarai,0.0865124006152145,0.00758410834413702,3
BR_Bhagalpur,0.08519554517986717,0.012883011078946198,3
BR_Bhojpur,0.07668234177620828,0.007003078399509151,3
BR_Buxar,0.050489666458815266,0.004003677773669037,1
BR_Darbhanga,0.11256865151663203,0.005523653100437039,3
BR_East Champaran,0.1351916621258214,0.00991942058224003,3
BR_Gaya,0.11257558390945067,0.010389440295262849,3
BR_Gopalganj,0.07406286010222672,0.004521663229390639,1
BR_Jamui,0.047385292443444534,0.002742300851637514,1
BR_Jehanabad,0.03280216036375639,0.004331939344606052,1
BR_Kaimur,0.043275387516410316,0.002184959338887064,1
BR_Katihar,0.08411066891561023,0.004525862571002165,3
BR_Khagaria,0.04958497349735851,0.0029548124077583768,1
BR_Kishanganj,0.04892966888861675,0.003636241928440936,1
BR_Lakhisarai,0.03003226184319218,0.002808510150005343,1
BR_Madhepura,0.05845724277556336,0.004274000131802696,1
BR_Madhubani,0.1210289143719746,0.00746309156925723,3
BR_Munger,0.04060499206745198,0.006936508830311564,1
BR_Muzaffarpur,0.13114062172175647,0.010985578034252486,3
BR_Nalanda,0.08163933130781519,0.010230065888987816,3
BR_Nawada,0.06212683353449764,0.004626999636260717,1
BR_Patna,0.15852947109457904,0.06272152157705488,3
BR_Purnia,0.08913154361056562,0.006796628057959698,3
BR_Rohtas,0.07852884138730508,0.008439078727768952,3
BR_Saharsa,0.05590516792599181,0.004195636629130469,1
BR_Samastipur,0.11808023553372332,0.00644313415445209,3
BR_Saran,0.11081724870911894,0.009257905515673992,3
BR_Sheikhpura,0.01992281555642372,0.00280339919704487,1
BR_Sheohar,0.02203683075879696,0.0006101496671934662,1
BR_Sitamarhi,0.0984430024409414,0.0037866103308534967,3
BR_Siwan,0.09535192182347617,0.005544552673021486,3
BR_Supaul,0.06276383968381474,0.004745070980412701,1
BR_Vaishali,0.10176240253246832,0.007467643714327021,3
BR_West Champaran,0.1003023795938171,0.005588299852873378,3
CH_Chandigarh,0.1158143634020662,0.03727356835344391,3
CT_Balod,0.03752623042987648,0.012019116907642971,1
CT_Baloda Bazar,0.057247119793957336,0.015623714132757963,1
CT_Balrampur,0.02669662543093513,0.002893544991470232,1
CT_Bastar,0.05846522881556088,0.01180747954241713,1
CT_Bemetara,0.008594965697875722,0.00701500401433633,1
CT_Bijapur,0.009020417535346454,0.005151290865890723,1
CT_Bilaspur,0.08393317963944577,0.027273292581642555,3
CT_Dantewada,0.02408061990922449,0.0045573528459462425,1
CT_Dhamtari,0.0392622469465641,0.013201173510985242,1
CT_Durg,0.13585004343265064,0.05267496154657702,3
CT_Gariaband,0.025066229099456338,0.0064757083619916,1
CT_Gaurella-Pendra-Marwahi,0.01574685020684627,0.0014358706329322974,1
CT_Janjgir-Champa,0.07342473588396413,0.02884984707129342,3
CT_Jashpur,0.03604144084626629,0.0039499374549330606,1
CT_Kabirdham,0.025648713050533702,0.009196278768057082,1
CT_Kondagaon,0.023249630951712213,0.005371145653662193,1
CT_Korba,0.050409293442055116,0.019239153315469788,1
CT_Koriya,0.02723495397707928,0.006173698125406353,1
CT_Mahasamund,0.04507626170270079,0.013688511600789828,1
CT_Mungeli,0.032908746376229016,0.004544050397425939,1
CT_Narayanpur,0.00518311451428157,0.0009788175470898637,1
CT_Raigarh,0.06197904504312542,0.0358685828145922,1
CT_Raipur,0.155443629863434,0.09169513659258274,0
CT_Rajnandgaon,0.0626299347463959,0.02580391468099397,1
CT_Sukma,0.01005457254731711,0.002981759273806373,1
CT_Surajpur,0.027165412703483643,0.006076635995680744,1
CT_Surguja,0.01893435904385484,0.01101413166591846,1
DN_Daman,0.02272059756453121,0.0006094992209812662,1
DN_Diu,0.005336630463412746,9.090054907199272e-05,1
DN_Dadra and Nagar Haveli,0.03193419612771396,0.0006593103530754367,1
GA_North Goa,0.05352003415271758,0.006438232433926342,1
GA_South Goa,0.04094416867968171,0.0102769865910403,1
GJ_Ahmedabad,0.3600189272015961,0.17057172833897186,0
GJ_Amreli,0.07791801761099401,0.005300286239071159,3
GJ_Anand,0.12144924675176502,0.002950142780959918,3
GJ_Aravalli,0.06001230148135162,0.002572195538999434,1
GJ_Banaskantha,0.14713873114486764,0.006161840566533903,3
GJ_Bharuch,0.08025503771653322,0.003988078805205664,3
GJ_Bhavnagar,0.13840412803409327,0.009553451175501713,3
GJ_Botad,0.038414302394961436,0.0015550322821472704,1
GJ_Chhota Udepur,0.061116501657815785,0.0007926080079111732,1
GJ_Dahod,0.1198552840177073,0.002163048732043154,3
GJ_Dang,0.013538235236963484,6.218920196250902e-05,1
GJ_Devbhoomi Dwarka,0.039405423092831626,0.0011104738408874608,1
GJ_Gandhinagar,0.09978120301337376,0.013795054708436269,3
GJ_Gir Somnath,0.06805152967157843,0.0035942979043968016,1
GJ_Jamnagar,0.10024797262442893,0.009129917738341086,3
GJ_Junagadh,0.13631714283942434,0.006088530512541232,3
GJ_Kheda,0.12694240521408032,0.003235289894129931,3
GJ_Kutch,0.08198937515208979,0.005425256258527804,3
GJ_Mahisagar,0.05880065369325891,0.0017755008471084513,1
GJ_Mehsana,0.11125906327631334,0.007525537894313552,3
GJ_Morbi,0.05158465333602801,0.003575603348225397,1
GJ_Narmada,0.034161811703059465,0.0007050515349735909,1
GJ_Navsari,0.08029312185761875,0.001727203288720644,3
GJ_Panchmahal,0.1279311161133924,0.004398785919443319,3
GJ_Patan,0.0706946012552531,0.007102533785397542,1
GJ_Porbandar,0.03479661735131282,0.0008165203120184647,1
GJ_Rajkot,0.15181708851948508,0.029176199518852006,3
GJ_Sabarkantha,0.12372444378936395,0.002885173103625707,3
GJ_Surat,0.3345635087132777,0.10358915812134464,0
GJ_Surendranagar,0.08496882550304695,0.0030973652716637145,3
GJ_Tapi,0.04543844667005525,0.0012160798911882724,1
GJ_Vadodara,0.18440573909319205,0.035763809232620535,0
GJ_Valsad,0.09839693106498283,0.001704730023531608,3
HR_Ambala,0.06511437743786297,0.019359004836132114,1
HR_Bhiwani,0.07906469994285145,0.013995676255431515,3
HR_Charkhi Dadri,0.028842738585187964,0.0028284208639052268,1
HR_Faridabad,0.11434941034517401,0.06480510144991783,3
HR_Fatehabad,0.05020899988843582,0.011131812832794732,1
HR_Gurgaon,0.08979905139632732,0.06706024911574017,3
HR_Hissar,0.08840967898327301,0.03509545389864832,3
HR_Jhajjar,0.05332940501512037,0.010331688418518623,1
HR_Jind,0.0707299302574579,0.009779917339322826,1
HR_Kaithal,0.05652784027791825,0.006510727004318218,1
HR_Karnal,0.08111711297705619,0.019030990552118363,3
HR_Kurukshetra,0.05529965454381227,0.015354943725793069,1
HR_Mahendragarh,0.05121088475235256,0.005311043735711727,1
HR_Nuh,0.06132443249689766,0.0034435524705984976,1
HR_Palwal,0.06071092108927975,0.004876637391639172,1
HR_Panchkula,0.034669279760210836,0.017848760501016296,1
HR_Panipat,0.0712224364681112,0.01875501714856867,1
HR_Rewari,0.05119566003796474,0.01357744692573998,1
HR_Rohtak,0.06005461784099112,0.020213356574914697,1
HR_Sirsa,0.06437907188435403,0.014464149142912754,1
HR_Sonipat,0.08071332061427756,0.016171116108844308,3
HP_Bilaspur,0.02514685480896457,0.0037601830351642,1
HP_Chamba,0.026872168257406064,0.005401766591913143,1
HP_Hamirpur,0.03021099976712757,0.004989465096757935,1
HP_Kangra,0.08054104073246435,0.017157446832215997,3
HP_Kinnaur,0.003919023816854588,0.0022060429502490787,1
HP_Kullu,0.023135363748911147,0.009062786293281378,1
HP_Lahaul and Spiti,0.0009467668951341627,0.0017851471486775524,1
HP_Mandi,0.05615472945766111,0.015418299725018916,1
HP_Shimla,0.04391714282070719,0.02313732846024312,1
HP_Sirmaur,0.030974586708278625,0.004343035127860515,1
HP_Solan,0.03561788341996098,0.009749197562946982,1
HP_Una,0.03319274313638158,0.00443500917230259,1
JK_Anantnag,0.0658804096053847,0.00963286807957425,1
JK_Badgam,0.04992726819073014,0.013692952296385598,1
JK_Bandipora,0.023173172182609912,0.007985791566031946,1
JK_Baramulla,0.06112430775855208,0.017809084608611997,1
JK_Doda,0.02517004600612306,0.006918373531748717,1
JK_Ganderbal,0.01884406316565966,0.006652594680987974,1
JK_Jammu,0.09310549071541906,0.043074120735404745,3
JK_Kathua,0.03806728516911818,0.0059572315063432975,1
JK_Kishtwar,0.01192018328303016,0.0036885113968763523,1
JK_Kulgam,0.033386066978101966,0.0057820097702629535,1
JK_Kupwara,0.05521758759990883,0.01068376597544661,1
JK_Poonch,0.031349823868490216,0.0035807709292536545,1
JK_Pulwama,0.038578033243816916,0.01065720443825206,1
JK_Rajouri,0.03833391940979351,0.0069698408399948225,1
JK_Ramban,0.018999351241703436,0.003230518339297097,1
JK_Reasi,0.020425787073351367,0.0022305984920014668,1
JK_Samba,0.02262955647003662,0.00479733118147197,1
JK_Shopian,0.021898530158821258,0.004654266949414067,1
JK_Srinagar,0.0810883207837158,0.050936376272226,3
JK_Udhampur,0.03172844406720012,0.0072581335043187326,1
JH_Bokaro,0.07012455274951973,0.009468094399179934,1
JH_Chatra,0.0334443527941168,0.0019181054072312707,1
JH_Deoghar,0.05136546781385843,0.004433025783658892,1
JH_Dhanbad,0.0959874045859853,0.013178567420353992,3
JH_Dumka,0.041733743209456366,0.0019808394290099078,1
JH_East Singhbhum,0.07576177670235949,0.038588937497783,3
JH_Garhwa,0.042258835801881486,0.0028229687427417023,1
JH_Giridih,0.07728756540069727,0.0033833534431926,3
JH_Godda,0.04601175064478413,0.002231323677137895,1
JH_Gumla,0.031214887660261138,0.001480344978775698,1
JH_Jamtara,0.027696577391894992,0.0010983080245422852,1
JH_Khunti,0.01721588990778818,0.0015970382357688882,1
JH_Koderma,0.026137430753875004,0.0047705549943800355,1
JH_Latehar,0.022882977317298072,0.0016472347694027815,1
JH_Lohardaga,0.01585949341540304,0.002056021133413256,1
JH_Pakur,0.031742664061371,0.0006740654283204155,1
JH_Palamu,0.06057630285496229,0.004041529576287302,1
JH_Ramgarh,0.0355678062052659,0.005307463938066741,1
JH_Ranchi,0.08606280282033182,0.038375001663864164,3
JH_Sahibganj,0.04177800626568584,0.001882047486213556,1
JH_Seraikela Kharsawan,0.03568083261063653,0.0032461084427340865,1
JH_Simdega,0.01855217196292049,0.0015607954081526569,1
JH_West Singhbhum,0.04440900354514343,0.0065556857881534,1
KA_Bagalkot,0.10524783952081336,0.02103393766984184,3
KA_Ballari,0.13622003403773744,0.07383146979309982,3
KA_Belgaum,0.2410025405680764,0.04609015536693651,0
KA_Bangalore Rural,0.06381367131307128,0.025332238449615473,1
KA_Bangalore Urban,0.6272688090275319,0.6233160790513385,2
KA_Bidar,0.09716650747035316,0.01706405120191284,3
KA_Bijapur,0.11329907593407228,0.02606669283711056,3
KA_Chamarajanagara,0.05867658194814612,0.01361484263945915,1
KA_Chikkaballapura,0.07424031410025962,0.01872674085903733,3
KA_Chikmagalur,0.06230324546805064,0.02121375850601977,1
KA_Chitradurga,0.08913072361884393,0.015128020892850038,3
KA_Dakshina Kannada,0.12229567627435685,0.07546771712730475,3
KA_Davanagere,0.1100282204576609,0.03711361216136206,3
KA_Dharwad,0.10937906441012246,0.05598522771689873,3
KA_Gadag,0.06206251582051075,0.01910775399399836,1
KA_Gulbarga,0.1328587605528361,0.03995907625337167,3
KA_Hassan,0.09834855326539547,0.050687454376374806,3
KA_Haveri,0.09293109144719283,0.022252982346039632,3
KA_Kodagu,0.03262573609256146,0.009676314580727131,1
KA_Kolar,0.09191636537578717,0.019893969138211454,3
KA_Koppal,0.07917703630025817,0.0303087792117675,3
KA_Mandya,0.10480772078981494,0.0259457148090732,3
KA_Mysore,0.16605703863786075,0.1113673939228254,0
KA_Raichur,0.10656413546379867,0.02304761043206113,3
KA_Ramanagara,0.06551756631669592,0.011541976643376537,1
KA_Shimoga,0.09417619752237287,0.04258930786794249,3
KA_Tumakuru,0.13964416860554085,0.046538863531546584,3
KA_Udupi,0.07049517643049785,0.03207825581354745,3
KA_Uttara Kannada,0.07051083611097768,0.02426190547319759,1
KA_Yadgir,0.06726896472544049,0.012396526532891505,1
KL_Alappuzha,0.15149544804373527,0.052865031218147625,3
KL_Ernakulam,0.2100854049822587,0.07114692696866835,0
KL_Idukki,0.06699902863581315,0.007294143394929299,1
KL_Kannur,0.16239483062809207,0.04050808730652024,3
KL_Kasaragod,0.08828880256139895,0.02139242094945639,3
KL_Kollam,0.17342502548258595,0.05120163576661002,0
KL_Kottayam,0.13257817948562614,0.03756605259954473,3
KL_Kozhikode,0.20555205130161672,0.07039618677987577,0
KL_Malappuram,0.25796118976082016,0.07790149444381718,0
KL_Palakkad,0.17041480468950074,0.034578847156178434,3
KL_Pathanamthitta,0.07770691951126894,0.01605411906290095,3
KL_Thrissur,0.19952619013139086,0.07055546484190943,0
KL_Thiruvananthapuram,0.2222665702461885,0.1066533196845496,0
KL_Wayanad,0.05452416832248528,0.011987803327402579,1
LD_Lakshadweep,0.009256432045186764,1e-05,1
MP_Alirajpur,0.02862015869709355,0.0019440101472995386,1
MP_Anuppur,0.02878446399827457,0.002577354033695857,1
MP_Ashok Nagar,0.03155287134232266,0.001993047525149074,1
MP_Balaghat,0.058439253202121975,0.002897122103101295,1
MP_Barwani,0.05119377926756772,0.003694459584588981,1
MP_Betul,0.05340441559224268,0.007006943733934593,1
MP_Bhind,0.06494265193141724,0.0017660202234819266,1
MP_Bhopal,0.09698931936237044,0.06990407211997349,3
MP_Burhanpur,0.029454569372041082,0.002331916751950244,1
MP_Chhatarpur,0.06111501133421016,0.003861398377848783,1
MP_Chhindwara,0.0694885357955916,0.004991380201670777,1
MP_Damoh,0.04467621126537962,0.006700936626893861,1
MP_Datia,0.03170718969394939,0.0029104683191388736,1
MP_Dewas,0.055774432024114966,0.0040487143259602815,1
MP_Dhar,0.07662274387871884,0.0068598325513608786,3
MP_Dindori,0.024468275474185074,0.0004963968282714363,1
MP_Guna,0.04461147559932432,0.002689300046613898,1
MP_Gwalior,0.07535095743361386,0.02661592808468068,3
MP_Harda,0.02204070513229351,0.0037612093995698977,1
MP_Hoshangabad,0.044406887268258304,0.006805136669939156,1
MP_Indore,0.1279843427139772,0.10084787297134927,3
MP_Jabalpur,0.09212086267053446,0.02896193137176812,3
MP_Jhabua,0.03643417243861834,0.0037195594766597133,1
MP_Katni,0.04830586344211594,0.0027982141393138016,1
MP_Mandla,0.03835026247296458,0.001663555987888375,1
MP_Mandsaur,0.04934591791982985,0.004374212824013443,1
MP_Morena,0.07384850086010866,0.004355592866652136,1
MP_Narsinghpur,0.04049439489762592,0.004630147803236795,1
MP_Neemuch,0.03122726533046995,0.004925644953042968,1
MP_Niwari,0.017853388318622782,0.0005468322650120462,1
MP_Panna,0.035878932778216466,0.0009840320552112602,1
MP_Raisen,0.04614049564139658,0.004781746048320579,1
MP_Rajgarh,0.05623841363669459,0.005517717242117166,1
MP_Ratlam,0.05464037298353111,0.00851900810556519,1
MP_Rewa,0.08605908091082189,0.005354264448703961,3
MP_Sagar,0.08079285966858613,0.012840845722084234,3
MP_Satna,0.07911663326259864,0.0055059242520522035,3
MP_Sehore,0.04708180121952581,0.00542971384997281,1
MP_Seoni,0.04757218191054115,0.001863660787754881,1
MP_Shahdol,0.03840876502450083,0.004535965567418532,1
MP_Shajapur,0.054909067099319565,0.0029203283813132573,1
MP_Sheopur,0.02429944207315909,0.002139736778351795,1
MP_Shivpuri,0.05838117458720728,0.004785974116990804,1
MP_Sidhi,0.03771319497364477,0.002332698349639656,1
MP_Singrauli,0.043130283586928,0.003355516909439189,1
MP_Tikamgarh,0.053972402999193536,0.002800144192711297,1
MP_Ujjain,0.07257728025743239,0.010333025053131377,1
MP_Umaria,0.02430259817256081,0.00213350947269163,1
MP_Vidisha,0.051623354759250485,0.00684516995679706,1
MH_Ahmednagar,0.20259699462969435,0.12785449650302982,0
MH_Akola,0.09508231655542317,0.028822195507213568,3
MH_Amravati,0.1347980435518239,0.04159177166606035,3
MH_Aurangabad,0.1774896053895382,0.11320423047623338,0
MH_Beed,0.12298660370931,0.045183617979999036,3
MH_Bhandara,0.06547820569658211,0.027556140533794158,1
MH_Buldhana,0.12488648855128275,0.0258547526820844,3
MH_Chandrapur,0.10324869956653808,0.04470757779163145,3
MH_Dhule,0.10125309760723866,0.03550552466469943,3
MH_Gadchiroli,0.048456376044645484,0.012335519217898765,1
MH_Gondia,0.06893249331726628,0.021408552169348883,1
MH_Hingoli,0.0630022820409127,0.009655507055024977,1
MH_Jalgaon,0.198605477816324,0.13766677252227374,0
MH_Jalna,0.0974224479172713,0.031484803875722014,3
MH_Kolhapur,0.19350836510244354,0.13903633762932374,0
MH_Latur,0.12365274506897027,0.060661880539238384,3
MH_Mumbai City,0.3078877698036841,0.865424723315349,2
MH_Mumbai suburban,0.7208427569094457,1e-05,4
MH_Nanded,0.16019249261869709,0.056576192033646326,3
MH_Nandurbar,0.08688018267760178,0.017436313849303612,3
MH_Nagpur,0.2243228786788124,0.3006283486974289,0
MH_Nashik,0.2762909722670387,0.2211255008353679,0
MH_Osmanabad,0.0827142919148771,0.0459484854785575,3
MH_Palghar,0.15715357366119942,0.09965467214500223,0
MH_Parbhani,0.09353362688931627,0.022162534374331137,3
MH_Pune,0.4262938598878361,0.8184911278017151,2
MH_Raigad,0.1327741697256136,0.15128423020181006,0
MH_Ratnagiri,0.07939438256056403,0.031292968550615974,3
MH_Sangli,0.13851830911269328,0.14451846971407098,0
MH_Satara,0.1433952406321258,0.1489830328181598,0
MH_Sindhudurg,0.04425466284888961,0.014702638496427669,1
MH_Solapur,0.19616983708291585,0.14639923758543616,0
MH_Thane,0.6033891988267465,0.5712755242442705,2
MH_Wardha,0.06612013698669622,0.02271157761683444,1
MH_Washim,0.06278158133667816,0.015312305664579768,1
MH_Yavatmal,0.12760506347217654,0.035103556431758234,3
MN_Bishnupur,0.016825390788024763,0.0024344295935162692,1
MN_Chandel,0.007442567622912174,0.0008726451432346269,1
MN_Churachandpur,0.013883309164405269,0.002830713611640141,1
MN_Imphal East,0.03072893090503178,0.00934817387309203,1
MN_Imphal West,0.036640339662175066,0.013346936623179194,1
MN_Jiribam,0.002632430142467734,8.355186633965807e-05,1
MN_Kamjong,0.0020440662754269935,8.165143170072979e-05,1
MN_Pherzawl,0.0021054499338106127,3.268084121757776e-05,1
MN_Senapati,0.019232799367942317,0.00035397302419358284,1
MN_Tamenglong,0.006938591479745753,0.0012690901270115589,1
MN_Thoubal,0.029843606229647164,0.004579869368221858,1
MN_Ukhrul,0.009196361796345457,0.0005190042298362561,1
ML_East Garo Hills,0.016595802099876687,0.00030065095688778853,1
ML_East Khasi Hills,0.043481701027656056,0.014459007626350532,1
ML_East Jaintia Hills,0.006280449671543218,0.00011773626772443645,1
ML_North Garo Hills,0.006637101368385191,0.0002454308452791371,1
ML_Ri Bhoi,0.013584830622518505,0.0008206994429390965,1
ML_South Garo Hills,0.00754086309189472,7.24854811910895e-05,1
ML_South West Garo Hills,0.010369488566732908,0.0003161498355131235,1
ML_South West Khasi Hills,0.005978049700527794,3.98911122029762e-05,1
ML_West Jaintia Hills,0.014947435539872876,0.00035657814364079416,1
ML_West Garo Hills,0.032398111412867844,0.002554386071724845,1
ML_West Khasi Hills,0.018314550389711304,0.00021501102429995238,1
MZ_Aizawl,0.02771759478279345,0.0021417980458354816,1
MZ_Champhai,0.008409310057578778,5.058990230746613e-05,1
MZ_Kolasib,0.006084761660602423,8.602049249406569e-05,1
MZ_Lawngtlai,0.008109793455414094,9.032307087100936e-05,1
MZ_Lunglei,0.00991155563925457,9.863086475274918e-05,1
MZ_Mamit,0.005645808784018235,4.738544233641617e-05,1
MZ_Saiha,0.003932726268630097,3.1870221801524045e-05,1
MZ_Serchhip,0.004609428882409284,6.859094955529329e-05,1
NL_Dimapur,0.026052630343784532,0.008363028368374397,1
NL_Kiphire,0.004382172389312525,0.0001064135169577004,1
NL_Kohima,0.01804767393057326,0.004308670977438952,1
NL_Longleng,0.0029373253602623874,2.389429021945864e-05,1
NL_Mokokchung,0.011962213649248793,0.00021066245490108248,1
NL_Mon,0.016037097231302904,0.0005523206459877841,1
NL_Peren,0.009528151268404813,0.0001145829826262936,1
NL_Phek,0.009703352840645968,3.573993232687063e-05,1
NL_Tuensang,0.02294001547965409,0.00025599563126288443,1
NL_Wokha,0.010203597229298134,0.0001064135169577004,1
NL_Zunheboto,0.008894739141936794,6.176706643287784e-05,1
DL_Central Delhi,0.07438172126647967,7.010009800947179e-05,1
DL_East Delhi,0.1467678364220328,3.307870244120263e-05,3
DL_New Delhi,0.017323198813127834,3.268084121757776e-05,1
DL_North Delhi,0.10099232504554843,4.086306829284511e-05,3
DL_North East Delhi,0.2615281274677497,2.746050459527983e-05,0
DL_North West Delhi,0.3749634514545019,9.732813532449257e-05,0
DL_South Delhi,0.2549064323467169,4.3947947339513785e-05,0
DL_South West Delhi,0.20026076258324574,3.462446021548937e-05,3
DL_West Delhi,0.266066433872114,5.737514309892079e-05,0
OR_Angul,0.05501344520181706,0.00964972970161094,1
OR_Boudh (Bauda),0.02056135135410144,0.002703900512488585,1
OR_Bhadrak,0.07438196004761496,0.007009118112971695,1
OR_Balangir,0.07096331218943708,0.008695562509815085,1
OR_Bargarh (Baragarh),0.06468302936349214,0.009775508813146646,1
OR_Balasore,0.10886452848884984,0.016401845929125098,3
OR_Cuttack,0.12172887078466108,0.031068371709477908,3
OR_Debagarh (Deogarh),0.0146011101913195,0.0012335758118469508,1
OR_Dhenkanal,0.05410918774405532,0.006171137459251071,1
OR_Ganjam,0.14785938630027584,0.03630011534332898,3
OR_Gajapati,0.026308694846871088,0.005599151213177973,1
OR_Jharsuguda,0.0289161767042439,0.006779072866120357,1
OR_Jajpur,0.0885054623001074,0.00840480895281151,3
OR_Jagatsinghpur,0.05883857737507485,0.009056194172117024,1
OR_Khordha,0.10902970191804813,0.06339110165538936,3
OR_Kendujhar (Keonjhar),0.07519285709191129,0.00827915302055601,3
OR_Kalahandi,0.06590378104306699,0.006235058934546368,1
OR_Kandhamal,0.030270582471874807,0.006836266563964447,1
OR_Koraput,0.0567392059634313,0.005488222354378289,1
OR_Kendrapara,0.07051338938627527,0.007854228596245582,1
OR_Malkangiri,0.02644360804618559,0.00580449246234797,1
OR_Mayurbhanj,0.10163244025261582,0.01714386539784997,3
OR_Nabarangpur,0.053941003087786515,0.004559722221358414,1
OR_Nuapada,0.0282331719048297,0.006693180281830136,1
OR_Nayagarh,0.044360669462420274,0.008398424413463293,1
OR_Puri,0.08159495471445162,0.019599468433051992,3
OR_Rayagada,0.040304606931751516,0.009368538850379457,1
OR_Sambalpur,0.04459745330366503,0.012765786611988251,1
OR_Subarnapur (Sonepur),0.03220276681453059,0.004854319153819148,1
OR_Sundargarh,0.08486038901589561,0.02339848921817931,3
PY_Karaikal,0.01983607825981036,0.007308973740283077,1
PY_Mah√©,0.00476438844123257,0.0017887583175252078,1
PY_Puducherry,0.08963615081359358,0.06069874916983179,3
PY_Yanam,0.0059214076833087395,0.004741737751889799,1
PB_Amritsar,0.1438639081496249,0.04253231392669087,3
PB_Barnala,0.03698704335602648,0.005834575349397611,1
PB_Bathinda,0.07729240599882235,0.020609129101684453,3
PB_Firozpur,0.10591056038639428,0.012207398387704996,3
PB_Faridkot,0.03818255589221645,0.008158417122325248,1
PB_Fatehgarh Sahib,0.038220643101388486,0.008051437480361506,1
PB_Fazilka,0.06627950207697872,0.007842488935031209,1
PB_Gurdaspur,0.1274844023636837,0.0211633134985833,3
PB_Hoshiarpur,0.08804198201617101,0.02293930988657743,3
PB_Jalandhar,0.12623239427860933,0.05360551525555758,3
PB_Kapurthala,0.05001102689148576,0.014467769192454962,1
PB_Ludhiana,0.19229286291382505,0.07412997345094986,0
PB_Mansa,0.045136466140010746,0.005306994452616237,1
PB_Moga,0.05827880600464647,0.007634777777806061,1
PB_Sri Muktsar Sahib,0.05181754001203167,0.009177188030148544,1
PB_Pathankot,0.041330197023143306,0.013908608894017706,1
PB_Patiala,0.16311884899196494,0.04126345670123191,3
PB_Rupnagar,0.04262187492473718,0.011136411138320227,1
PB_Sahibzada Ajit Singh Nagar,0.06338844239161898,0.036784230093999434,1
PB_Sangrur,0.09099721934877368,0.014250421567663563,3
PB_Shahid Bhagat Singh Nagar,0.03870494735679871,0.00655238664204157,1
PB_Tarn Taran,0.06517283625596926,0.0071357490774059,1
RJ_Ajmer,0.11495162248653587,0.028558724628983182,3
RJ_Alwar,0.16381132551531138,0.019496371098103003,3
RJ_Bikaner,0.08904328955924676,0.0272782037243548,3
RJ_Barmer,0.09742069254314337,0.007289812851108964,3
RJ_Banswara,0.08597030683271126,0.0037276790591024623,3
RJ_Bharatpur,0.12202059354770747,0.015720812195752654,3
RJ_Baran,0.05569116744410333,0.004213006004476479,1
RJ_Bundi,0.0522875096342472,0.0030852133260012658,1
RJ_Bhilwara,0.10399478283154162,0.008981494610120851,3
RJ_Churu,0.08217825530135779,0.006344537408240418,3
RJ_Chittorgarh,0.06607440144659292,0.005392406889990892,1
RJ_Dausa,0.08264312291763144,0.0035139408481268705,3
RJ_Dholpur,0.06170507675676337,0.0050452399535876255,1
RJ_Dungarpur,0.06906792915321197,0.005911593145473014,1
RJ_Ganganagar,0.08426614429998243,0.007926306099783106,3
RJ_Hanumangarh,0.07749667250237181,0.0028946310878547724,3
RJ_Jhunjhunu,0.10005101237746976,0.007065130865945877,3
RJ_Jalore,0.0786279533731146,0.007885136136285172,3
RJ_Jodhpur,0.14243898249949594,0.053277804698174606,3
RJ_Jaipur,0.2858263969021947,0.0803278205899644,0
RJ_Jaisalmer,0.02368368555707489,0.003353922972995567,1
RJ_Jhalawar,0.0653447600879427,0.003951608578555964,1
RJ_Karauli,0.06869102267099278,0.0026556525776436843,1
RJ_Kota,0.0922661355961409,0.026063075722094244,3
RJ_Nagaur,0.13258050681991645,0.01390929271264232,3
RJ_Pali,0.08575600243326108,0.016128045490028886,3
RJ_Pratapgarh,0.04241369400569179,0.002272167045916601,1
RJ_Rajsamand,0.0573196955045629,0.005817240340293865,1
RJ_Sikar,0.12068530948055388,0.0138838418751315,3
RJ_Sawai Madhopur,0.0648588785660977,0.003478885916508147,1
RJ_Sirohi,0.049196287396395234,0.004743848957236088,1
RJ_Tonk,0.06447174347969266,0.0049648860686627464,1
RJ_Udaipur,0.12783058298949254,0.01664307067265947,3
SK_East Sikkim,0.01956664277759002,0.0010475084274192477,1
SK_North Sikkim,0.0019441416339157106,1.5192625267723705e-05,1
SK_South Sikkim,0.010239219341563431,0.00011297333974202129,1
SK_West Sikkim,0.008881806682895411,4.954478302968522e-05,1
TN_Ariyalur,0.045022436407985984,0.007277280318391729,1
TN_Chengalpattu,0.15656552156065628,0.09269806261465502,0
TN_Chennai,0.5748955399367437,0.4567018628549714,2
TN_Coimbatore,0.18642277235778965,0.0879120144936528,0
TN_Cuddalore,0.15249552595393442,0.04044337053839555,3
TN_Dharmapuri,0.08626780390040321,0.008928760551889726,3
TN_Dindigul,0.1193083797489703,0.02237596756648033,3
TN_Erode,0.12580877006121896,0.021208660164300643,3
TN_Kallakurichi,0.0814876097079457,0.0166500342541348,3
TN_Kanchipuram,0.07714263248914256,0.05409342762152069,3
TN_Kanyakumari,0.12338494285443613,0.031257871742917866,3
TN_Karur,0.0656621371000732,0.007606913856427135,1
TN_Krishnagiri,0.10652965802384266,0.014620916283221997,3
TN_Madurai,0.2372115706167345,0.0465310193127912,0
TN_Nagapattinam,0.09974078077652243,0.015531637741542497,3
TN_Nilgiris,0.04543466780707627,0.0088306509214723,1
TN_Namakkal,0.10292032122823036,0.01663800087249315,3
TN_Perambalur,0.03663286445600386,0.0033684817689083177,1
TN_Pudukkottai,0.10991766449097833,0.020395202986515017,3
TN_Ramanathapuram,0.0777465820707433,0.014014346732385186,3
TN_Ranipet,0.07671915541075353,0.0260544379089237,3
TN_Salem,0.19650691939445386,0.05797497669472189,0
TN_Sivaganga,0.0780635715444876,0.01393235053734776,3
TN_Tenkasi,0.0860121564588028,0.0174645336337614,3
TN_Tirupur,0.13988531944729524,0.029044086976182926,3
TN_Tiruchirappalli,0.1569548602429518,0.02386231931449236,3
TN_Theni,0.0753675992306707,0.02850546822482353,3
TN_Tirunelveli,0.09794739414417968,0.027591048328351544,3
TN_Thanjavur,0.14415077463133516,0.03048285260429469,3
TN_Thoothukudi,0.09969764219832747,0.023075539945726573,3
TN_Tirupattur,0.07267111400126779,0.014767891986072403,1
TN_Tiruvallur,0.2236526849981849,0.08193116811121991,0
TN_Tiruvarur,0.07970981437446803,0.01665235480085135,3
TN_Tiruvannamalai,0.13595894914342166,0.03560304639730333,3
TN_Vellore,0.103629198859351,0.04016452027750583,3
TN_Viluppuram,0.12383241303843645,0.01974577114183276,3
TN_Virudhunagar,0.116212027706716,0.029676111625217588,3
TR_Dhalai,0.019784586919333703,0.003866111154402353,1
TR_Gomati,0.024502716176946243,0.006425966100507429,1
TR_Khowai,0.019318808959098228,0.0036869472422392134,1
TR_North Tripura,0.02347595421717937,0.0031430193803399283,1
TR_Sipahijala,0.02873414762249612,0.004761545377913514,1
TR_South Tripura,0.0242966903960166,0.004711817789675613,1
TR_Unokoti,0.017543731830352304,0.003817194104216524,1
TR_West Tripura,0.05584635079245652,0.022794330800839518,1
UP_Agra,0.12305791978037127,0.0201094669451472,3
UP_Aligarh,0.10402180143450288,0.01192185298001958,3
UP_Allahabad,0.1607157486588569,0.05006888822750912,3
UP_Ambedkar Nagar,0.07193282323555973,0.004200102392307976,1
UP_Amethi,0.07382474688794385,0.005401707297954325,1
UP_Amroha,0.05492202479609402,0.0069927938717199035,1
UP_Auraiya,0.041279317219364425,0.00613326766757885,1
UP_Azamgarh,0.1296409863473142,0.011449535054225671,3
UP_Bahraich,0.06439780475162142,0.008410529705725417,1
UP_Ballia,0.09411315963324524,0.013485416666359405,3
UP_Balrampur,0.06118156770954656,0.004013533936947584,1
UP_Banda,0.0489997743971353,0.005648154531018675,1
UP_Barabanki,0.09180275667224766,0.013254789595379516,3
UP_Bareilly,0.1250533567949035,0.022747339390154504,3
UP_Basti,0.07254121251689535,0.010725783270863544,1
UP_Bhadohi,0.052366963922271366,0.003228163064207514,1
UP_Bijnor,0.10142044859245346,0.007622069849323309,3
UP_Budaun,0.1004167069633128,0.006368921062865942,3
UP_Bulandshahr,0.09909027592645876,0.01122646094247543,3
UP_Chandauli,0.057636195479399,0.007749010896481215,1
UP_Chitrakoot,0.027493416732517758,0.0025629434983517885,1
UP_Deoria,0.0925203703671601,0.011960651004483508,3
UP_Etah,0.052109517092942745,0.003923066938577739,1
UP_Etawah,0.04702740071888705,0.011710908118314102,1
UP_Faizabad,0.0724646892959413,0.014234450213414976,1
UP_Farrukhabad,0.05657200693606757,0.00930692587791936,1
UP_Fatehpur,0.07302683826655974,0.007577256442422291,1
UP_Firozabad,0.07499068816202922,0.007820730519844455,1
UP_Gautam Buddh Nagar,0.054365325303438725,0.022538452978176457,1
UP_Ghaziabad,0.15625506797577773,0.02435887842459513,3
UP_Ghazipur,0.10408821452128514,0.009669624004520785,3
UP_Gonda,0.09477574357794463,0.00885685501025352,3
UP_Gorakhpur,0.12809439741551892,0.0404965200739616,3
UP_Hamirpur,0.029536739478543968,0.002790244766410611,1
UP_Hapur,0.04728396304401982,0.00815690549567743,1
UP_Hardoi,0.1085035947742764,0.011947133523589004,3
UP_Hathras,0.04842095053107612,0.0014718838028568494,1
UP_Jalaun,0.0451619597957771,0.006394185821283119,1
UP_Jaunpur,0.12571807824436268,0.012177860309941802,3
UP_Jhansi,0.05364671931473674,0.020490229480544145,1
UP_Kannauj,0.05044295441196511,0.006127891257748293,1
UP_Kanpur Dehat,0.051596111452108205,0.004107469642899573,1
UP_Kanpur Nagar,0.13307675498774607,0.07817011132579549,3
UP_Kasganj,0.04364279889885137,0.0016765804682975722,1
UP_Kaushambi,0.0490886822938329,0.0037270785656541476,1
UP_Kushinagar,0.10448724847409507,0.008958896330867891,3
UP_Lakhimpur Kheri,0.1027018429193316,0.012272442115553749,3
UP_Lalitpur,0.03204388223433372,0.005964345798608886,1
UP_Lucknow,0.13783468674949284,0.1399832339657801,0
UP_Maharajganj,0.0776413557583782,0.011106161953801931,3
UP_Mahoba,0.02452316854052355,0.0019386965109181816,1
UP_Mainpuri,0.05383173647666846,0.007844737008471662,1
UP_Mathura,0.07270373127382716,0.013034322440881449,1
UP_Mau,0.06913730555720198,0.0052409251846900606,1
UP_Meerut,0.1031922769832141,0.046137033007577946,3
UP_Mirzapur,0.06827623027813251,0.005775844609375842,1
UP_Moradabad,0.13575382047551854,0.021754819267398803,3
UP_Muzaffarnagar,0.1162499709925015,0.013653426701151637,3
UP_Pilibhit,0.0575531946410732,0.008674911040274031,1
UP_Pratapgarh,0.08975640132258299,0.009008511760899122,3
UP_Raebareli,0.09346165120340202,0.010976298939823288,3
UP_Rampur,0.07001159234615603,0.007985554761975799,1
UP_Saharanpur,0.09821797586177317,0.017163625175337247,3
UP_Sambhal,0.06604085716714123,0.005679109336341851,1
UP_Sant Kabir Nagar,0.05468611273767554,0.00580013387012309,1
UP_Shahjahanpur,0.08234536735992824,0.01337578428142786,3
UP_Shamli,0.041986693238940616,0.004925589097713467,1
UP_Shravasti,0.03344075463484699,0.002333434522756818,1
UP_Siddharthnagar,0.0750748848375355,0.006947824989926642,1
UP_Sitapur,0.11950196004164128,0.009085734956483177,3
UP_Sonbhadra,0.047738547105883496,0.009110668857085677,1
UP_Sultanpur,0.10482568736080493,0.00913508146421678,3
UP_Unnao,0.08540481703287013,0.009311022728453707,3
UP_Varanasi,0.1184424998305936,0.04660138010676408,3
UT_Almora,0.034678849910761,0.003806624130261171,1
UT_Bageshwar,0.014696365882613116,0.002121499576749057,1
UT_Chamoli,0.01891325542869817,0.003310526787192901,1
UT_Champawat,0.015222186515999898,0.0017615441982217579,1
UT_Dehradun,0.09586483171238833,0.06906780894281077,3
UT_Haridwar,0.11311219385820545,0.021192864779203343,3
UT_Nainital,0.05194694915518374,0.0216670453621372,1
UT_Pauri Garhwal,0.03536781465442538,0.007969556896356587,1
UT_Pithoragarh,0.023916469931240164,0.004424556856591451,1
UT_Rudraprayag,0.013716223724545241,0.002254415407815436,1
UT_Tehri Garhwal,0.03301862319348987,0.0037848297015402564,1
UT_Udham Singh Nagar,0.0937962243631021,0.01649425231039343,3
UT_Uttarkashi,0.015772016838129226,0.003253104852252767,1
WB_Alipurduar,0.0653584162460202,0.012373650384573174,1
WB_Bankura,0.12628711772807616,0.01509218645898895,3
WB_Paschim Bardhaman,0.12433742957037855,0.022299737811539388,3
WB_Purba Bardhaman,0.1760748318547038,0.016115921134578513,3
WB_Birbhum,0.13047063896736508,0.013345038763350128,3
WB_Cooch Behar,0.10940632285942987,0.01360528979686423,3
WB_Dakshin Dinajpur,0.06836740174454227,0.01131733328615307,1
WB_Darjeeling,0.07166425373480563,0.028242966750078518,3
WB_Hooghly,0.21749791791224,0.05406924867130522,0
WB_Howrah,0.2125691634151792,0.0881718961426556,0
WB_Jalpaiguri,0.1379382536758356,0.022425784925060928,3
WB_Jhargram,0.043906251129106406,0.0036268382649162953,1
WB_Kalimpong,0.009838579016385943,0.003367849432631393,1
WB_Kolkata,0.26059593085147115,0.2851036436595727,0
WB_Maldah,0.15336864248585488,0.01781811711669975,3
WB_Murshidabad,0.2599577000714681,0.019659140169174017,0
WB_Nadia,0.19722555113072332,0.03642257117773176,0
WB_North 24 Parganas,0.3837058801246517,0.24429517445789675,0
WB_Paschim Medinipur,0.17172009333287686,0.03614110866691474,3
WB_Purba Medinipur,0.16392548232578233,0.034855158560891636,3
WB_Purulia,0.10399203401506926,0.008273502525016577,3
WB_South 24 Parganas,0.27303435807212045,0.07347119063119988,0
WB_Uttar Dinajpur,0.11744698677565238,0.010240792459708357,3
TG_Adilabad,0.031816130762680916,0.00026215644466780745,1
TG_Komaram Bheem,0.02282308029113636,0.00019683243073748258,1
TG_Bhadradri Kothagudem,0.05316888719856568,0.0004732634225524947,1
TG_Hyderabad,0.1570254359581667,0.02058977691546941,3
TG_Jagtial,0.046542738393507685,0.00038987610796839523,1
TG_Jangaon,0.028513823515477443,0.00029942701862881627,1
TG_Jayashankar Bhupalpally,0.03010753640964439,0.0002469447355570816,1
TG_Jogulamba Gadwal,0.03135247846138898,0.0009329978907154816,1
TG_Kamareddy,0.04483895612556499,0.00037871078540610976,1
TG_Karimnagar,0.04984212088434936,0.0005831054254474051,1
TG_Khammam,0.06318051184992454,0.0005156468456989377,1
TG_Mahabubabad,0.036548667088245314,0.00036916028075758834,1
TG_Mahbubnagar,0.06020374296050645,0.00035329851872289205,1
TG_Mancherial,0.036501704199592366,0.0011523731848409038,1
TG_Medak,0.036668147937198026,0.0003020802757674726,1
TG_Medchal-Malkajgiri,0.11336363451361466,0.0022150277633344005,3
TG_Mulugu,0.012840452079116051,0.0002702645462213013,1
TG_Nalgonda,0.08024703225049801,0.0005587724474110977,3
TG_Narayanpet,0.027465306068823483,0.0005402714704271507,1
TG_Nagarkurnool,0.037814696775709235,0.00033203457086040234,1
TG_Nirmal,0.03258119487989238,0.0002546128213142574,1
TG_Nizamabad,0.0699402586162201,0.0004524045156907044,1
TG_Peddapalli,0.035301781793956426,0.0003779500882230357,1
TG_Rajanna Sircilla,0.026960396687974456,0.0003567987454010647,1
TG_Ranga Reddy,0.14248309952962007,0.003411266332040426,3
TG_Sangareddy,0.06890919086215443,0.00044438156282460646,1
TG_Siddipet,0.046234623922680386,0.00044696457640274807,1
TG_Suryapet,0.051380281831830917,0.0004208873820180173,1
TG_Vikarabad,0.040985520492960184,0.000785254063492035,1
TG_Wanaparthy,0.035535835228721814,0.00029995082522807413,1
TG_Warangal Urban,0.06082656904262351,0.0005396215871253589,1
TG_Warangal Rural,0.035320131253597564,0.0003038936429953189,1
TG_Yadadri Bhuvanagiri,0.03407011582357384,0.00031392995737373314,1
