District,Active,Cluster,Cold Chain Points,Density,Elderlies,Full Immunes,Hh More Than 4,Index,Storage Cap Lits,Urbans
Nicobar,0.000704106,6,0.993833547,0.000503798,0.001921092,0.996102706,0.001864790,0.015309381,0.993833547,0.002413555
North and Middle Andaman,0.000704106,6,0.977715049,0.000721010,0.006129598,0.988571033,0.006770085,0.024972871,0.977715049,0.007598181
South Andaman,0.001075717,6,0.946642016,0.002322848,0.014242702,0.974051572,0.016226451,0.041541164,0.946642016,0.017593037
Anantapur,0.003618322,2,0.648065503,0.005595095,0.365250561,0.643260660,0.294924209,0.141456695,0.648065503,0.272111684
Chittoor,0.009544548,2,0.640501192,0.007221435,0.373053484,0.635643571,0.301235279,0.165445545,0.640501192,0.277927333
East Godavari,0.010268212,2,0.555349773,0.012523432,0.460890959,0.549898023,0.372278972,0.183489674,0.555349773,0.343394069
Guntur,0.012849934,2,0.578117348,0.011274087,0.437405193,0.572824455,0.353283486,0.185412592,0.578117348,0.325889736
Kadapa,0.003090243,9,0.752112727,0.004920144,0.257921222,0.748033855,0.208115333,0.126685501,0.752112727,0.192117337
Krishna,0.016526932,2,0.609382176,0.013636208,0.405154132,0.604307428,0.327198555,0.194208713,0.609382176,0.301852482
Kurnool,0.003618322,2,0.651252038,0.006008698,0.361963508,0.646469429,0.292265613,0.142503152,0.651252038,0.269661789
Prakasam,0.004752715,2,0.708000816,0.005043310,0.303424619,0.703614162,0.244918865,0.139327796,0.708000816,0.226031779
Sri Potti Sriramulu Nellore,0.011852451,9,0.745034025,0.005947340,0.265223217,0.740905763,0.214021248,0.154526010,0.745034025,0.197559636
Srikakulam,0.004185519,9,0.768174118,0.012149411,0.241353183,0.764207311,0.194714962,0.144843913,0.768174118,0.179768901
Visakhapatnam,0.005456821,2,0.630290375,0.010089333,0.383586396,0.625361509,0.309754388,0.161571762,0.630290375,0.285777688
Vizianagaram,0.002249227,9,0.799124928,0.009407289,0.209426046,0.795374075,0.168892024,0.124917566,0.799124928,0.155973074
West Godavari,0.006317395,2,0.660957196,0.013353881,0.351952205,0.656242303,0.284168387,0.167989105,0.660957196,0.262200198
Anjaw,0.000899691,6,0.995915249,6.675560453e-05,0.000552249,0.999770987,0.001262659,0.008410404,0.995915249,0.000602819
Changlang,0.000977925,6,0.956481439,0.000812361,0.005883613,0.997560112,0.013452247,0.027913241,0.956481439,0.006422382
East Kameng,0.000723664,6,0.978096645,0.000476317,0.002961285,0.998771978,0.006770659,0.019550745,0.978096645,0.003232453
East Siang,0.001193068,6,0.971691472,0.000700419,0.003827250,0.998412870,0.008750596,0.024003894,0.971691472,0.004177716
Kamle,0.000704106,6,0.995552498,0.002905966,0.000601292,0.999750649,0.001374790,0.013495098,0.995552498,0.000656353
Kurung Kumey,0.000704106,6,0.974582907,0.000368036,0.003436334,0.998574979,0.007856809,0.019929871,0.974582907,0.003751004
Lohit,0.000801898,6,0.957231496,0.001571818,0.005782207,0.997602164,0.013220393,0.029384925,0.957231496,0.006311690
Longding,0.000743223,6,0.983820146,0.001293081,0.002187480,0.999092869,0.005001438,0.019867910,0.983820146,0.002387791
Lower Dibang Valley,0.000880132,6,0.985689539,0.000341420,0.001934743,0.999197678,0.004423581,0.016415540,0.985689539,0.002111909
Lower Subansiri,0.000704106,6,0.976720866,0.000598612,0.003147287,0.998694845,0.007195933,0.020504356,0.976720866,0.003435488
Namsai,0.000762781,6,0.972645440,0.001568387,0.003698276,0.998466354,0.008455709,0.024790602,0.972645440,0.004036931
Papum Pare,0.002542605,6,0.947643008,0.001591847,0.007078549,0.997064582,0.016184340,0.036582936,0.947643008,0.007726740
Shi Yomi,0.000782340,6,0.998333275,9.893482939e-05,0.000225338,0.999906554,0.000515210,0.006206830,0.998333275,0.000245972
Siang,0.000801898,6,0.992548539,0.000264900,0.001007421,0.999582230,0.002303360,0.012328774,0.992548539,0.001099672
Tawang,0.001271302,6,0.986944090,0.000607627,0.001765130,0.999268014,0.004035780,0.017852982,0.986944090,0.001926765
Tirap,0.000801898,6,0.967657388,0.001225075,0.004372649,0.998186697,0.009997592,0.025721526,0.967657388,0.004773058
Upper Dibang Valley,0.000704106,6,1,0,0,1,0,0,1,0
Upper Siang,0.000723664,6,0.991501318,0.000127183,0.001149003,0.999523518,0.002627072,0.011663096,0.991501318,0.001254219
Upper Subansiri,0.000704106,6,0.976607099,0.000288511,0.003162668,0.998688466,0.007231101,0.018750130,0.976607099,0.003452278
West Kameng,0.001134393,6,0.975423419,0.000285651,0.003322699,0.998622103,0.007596994,0.020242204,0.975423419,0.003626963
West Siang,0.000782340,6,0.967571907,0.000332039,0.004384206,0.998181904,0.010024016,0.021802412,0.967571907,0.004785673
Baksa,0.005261236,0,0.948504160,0.012478694,0.058046610,0.936775786,0.092183793,0.097024173,0.948504160,0.026523882
Barpeta,0.002366578,3,0.906666456,0.013710407,0.103306462,0.887653533,0.164241763,0.108374533,0.906666456,0.047369304
Bishwanath,0.002307903,6,0.967814583,0.014632281,0.037156675,0.959448432,0.058925038,0.076085710,0.967814583,0.016902562
Bongaigaon,0.009759691,6,0.961016367,0.011162121,0.044510956,0.951466549,0.070633751,0.094020854,0.961016367,0.020289739
Cachar,0.092257442,3,0.904226131,0.012047814,0.105946397,0.884788312,0.168444788,0.169988228,0.904226131,0.048585184
Charaideo,0.000645430,6,0.975796778,0.011583900,0.028521570,0.968820442,0.045177134,0.057217070,0.975796778,0.012925475
Chirang,0.001740706,6,0.975208325,0.006398053,0.029158156,0.968129531,0.046190639,0.060628305,0.975208325,0.013218668
Darrang,0.004987417,0,0.951088996,0.012903455,0.055250345,0.939810679,0.087731874,0.095103646,0.951088996,0.025236001
Dhemaji,0.006904150,6,0.963537775,0.005571813,0.041783308,0.954426970,0.066291076,0.080690113,0.963537775,0.019033460
Dhubri,0.010424680,3,0.892213033,0.018048911,0.118942115,0.870683561,0.189135202,0.141431874,0.892213033,0.054570648
Dibrugarh,0.137124640,0,0.927343901,0.010313147,0.080937689,0.911931220,0.128628558,0.159929313,0.927343901,0.037066873
Dima Hasao,0.001408212,6,0.990388657,0.001126853,0.012736136,0.985952978,0.020045229,0.034929062,0.990388657,0.005655145
Goalpara,0.001447329,0,0.945381625,0.014536143,0.061424555,0.933109572,0.097561801,0.085856297,0.945381625,0.028079669
Golaghat,0.041816072,0,0.942568650,0.007933743,0.064467620,0.929806818,0.102406648,0.123276960,0.942568650,0.029481220
Hailakandi,0.010659382,6,0.965168299,0.013052949,0.040019414,0.956341392,0.063482790,0.093292131,0.965168299,0.018221060
Jorhat,0.136968172,0,0.940722888,0.010051725,0.066464357,0.927639682,0.105585643,0.148860791,0.940722888,0.030400861
Kamrup,0.049287419,0,0.916624212,0.011451981,0.092534204,0.899345078,0.147091308,0.149247728,0.916624212,0.042407903
Kamrup Metropolitan,0.672245185,0,0.931153512,0.052886384,0.076816469,0.916404139,0.122067185,0.235045223,0.931153512,0.035168754
Karbi Anglong,0.002053642,0,0.947853071,0.002412018,0.058750955,0.936011332,0.093305177,0.070540450,0.947853071,0.026848284
Karimganj,0.004987417,0,0.933610133,0.017683773,0.074158906,0.919288493,0.117836094,0.109693524,0.933610133,0.033944755
Kokrajhar,0.001545121,0,0.952282367,0.007438173,0.053959361,0.941211834,0.085676505,0.076037921,0.952282367,0.024641409
Lakhimpur,0.036828655,0,0.943588824,0.012005925,0.063364000,0.931004618,0.100649581,0.127011552,0.943588824,0.028972923
Majuli,0.002249227,6,0.993004161,0.004980981,0.009906695,0.989023879,0.015540491,0.040557133,0.993004161,0.004351984
Morigaon,0.002112318,0,0.948273305,0.014772048,0.058296347,0.936504736,0.092581398,0.088543627,0.948273305,0.026638904
Nagaon,0.039508169,9,0.842569445,0.019392449,0.172646342,0.812396306,0.274637414,0.189480614,0.842569445,0.079305313
Nalbari,0.002757748,6,0.958906990,0.020060542,0.046792872,0.948989898,0.074266777,0.087950217,0.958906990,0.021340725
Sivasagar,0.001153951,0,0.937386926,0.011324375,0.070073187,0.923722880,0.111331242,0.084716747,0.937386926,0.032062987
South Salmara,0.000762781,6,0.971061089,0.025699897,0.033644618,0.963260202,0.053333511,0.068563615,0.971061089,0.015285007
Sonitpur,0.016448698,3,0.893495012,0.009498406,0.117555276,0.872188750,0.186927222,0.137655061,0.893495012,0.053931909
Tinsukia,0.030569935,0,0.927954987,0.009122723,0.080276619,0.912648705,0.127576072,0.130186914,0.927954987,0.036762403
Udalguri,0.002347020,6,0.955350810,0.013054899,0.050639932,0.944814536,0.080391661,0.084030970,0.955350810,0.023112574
West Karbi Anglong,0.000723664,6,0.985477847,0.002581500,0.018048629,0.980187126,0.028503221,0.040620228,0.985477847,0.008101931
Araria,0.001936291,7,0.961656343,0.026084885,0.189379926,0.847908656,0.293055635,0.138898343,0.961656343,0.063029515
Arwal,0.001408212,6,0.992277287,0.028889520,0.047046674,0.962119402,0.072617118,0.081962093,0.992277287,0.015467957
Aurangabad,0.001388653,3,0.965946286,0.019987900,0.169439275,0.863909390,0.262172567,0.124035051,0.965946286,0.056366220
Banka,0.002405695,3,0.972955243,0.017674913,0.136860020,0.890051567,0.211715470,0.121410332,0.972955243,0.045479656
Begusarai,0.002288344,7,0.959501358,0.040539793,0.199396798,0.839870939,0.308569258,0.152527853,0.959501358,0.066376716
Bhagalpur,0.003813907,7,0.958368953,0.031042851,0.204660477,0.835647268,0.316721378,0.158649320,0.958368953,0.068135608
Bhojpur,0.001447329,3,0.962907808,0.028927456,0.183562829,0.852576398,0.284046411,0.134233751,0.962907808,0.061085696
Buxar,0.001721148,0,0.977634086,0.027652597,0.115111671,0.907502831,0.178032731,0.115796960,0.977634086,0.038212307
Darbhanga,0.001486446,7,0.945428235,0.045291384,0.264811938,0.787380660,0.409880907,0.161103773,0.945428235,0.088235600
East Champaran,0.002347020,7,0.928543801,0.033683483,0.343294706,0.724404684,0.531431036,0.178509558,0.928543801,0.114461114
Gaya,0.004791832,7,0.938775498,0.023131971,0.295735405,0.762567118,0.457773603,0.177695410,0.938775498,0.098568872
Gopalganj,0.001936291,3,0.965265700,0.033094318,0.172602796,0.861370924,0.267072069,0.138594693,0.965265700,0.057423331
Jamui,0.001212627,0,0.976929633,0.014891521,0.118386133,0.904875344,0.183104051,0.103616897,0.976929633,0.039306489
Jehanabad,0.002640397,0,0.986120205,0.018835100,0.075666221,0.939154566,0.116941619,0.100074563,0.986120205,0.025031360
Kaimur,0.001075717,0,0.978808436,0.012709729,0.109653018,0.911882952,0.169578646,0.097373384,0.978808436,0.036388264
Katihar,0.002777307,7,0.957846478,0.026401641,0.207089062,0.833698528,0.320482646,0.150026057,0.957846478,0.068947135
Khagaria,0.001232185,0,0.978361941,0.029336356,0.111728432,0.910217602,0.172792943,0.110696682,0.978361941,0.037081777
Kishanganj,0.002581722,0,0.977876903,0.023600026,0.113983001,0.908408496,0.176284704,0.119008428,0.977876903,0.037835155
Lakhisarai,0.002307903,0,0.987915830,0.021408162,0.067319740,0.945851931,0.104015014,0.095815295,0.987915830,0.022242331
Madhepura,0.001545121,3,0.973460235,0.029354920,0.134512697,0.891935101,0.208080055,0.121649010,0.973460235,0.044695283
Madhubani,0.001760265,7,0.937369631,0.033627222,0.302270199,0.757323482,0.467894361,0.165442242,0.937369631,0.100752515
Munger,0.002034084,0,0.982704069,0.025185116,0.091545214,0.926412978,0.141534198,0.107635329,0.982704069,0.030337426
Muzaffarpur,0.004576689,7,0.932969020,0.039615485,0.322725258,0.740909976,0.499574119,0.194262500,0.932969020,0.107587703
Nalanda,0.003246711,7,0.960691722,0.032094580,0.193863711,0.844310786,0.299999894,0.153281160,0.960691722,0.064527800
Nawada,0.003461854,3,0.970230892,0.023388857,0.149523435,0.879890216,0.231327925,0.135748808,0.970230892,0.049711216
Patna,0.038373776,7,0.918509165,0.047428601,0.389938023,0.686977252,0.603669838,0.274558608,0.918509165,0.130047274
Purnia,0.002503488,7,0.954865217,0.026664956,0.220946657,0.822578946,0.341944586,0.151553934,0.954865217,0.073577738
Rohtas,0.002092759,7,0.959381717,0.020230388,0.199952919,0.839424697,0.309430550,0.138412760,0.959381717,0.066562548
Saharsa,0.002425254,0,0.974878537,0.029314087,0.127920100,0.897225119,0.197869776,0.126410485,0.974878537,0.042492325
Samastipur,0.002034084,7,0.940587732,0.038526322,0.287311719,0.769326434,0.444727427,0.168589301,0.940587732,0.095754045
Saran,0.005046093,7,0.945120958,0.039273576,0.266240235,0.786234569,0.412092981,0.184705476,0.945120958,0.088712875
Sheikhpura,0.000860574,6,0.993235989,0.024231409,0.042590404,0.965695192,0.065715474,0.072664184,0.993235989,0.013978866
Sheohar,0.001916733,6,0.992916175,0.039006381,0.044076977,0.964502340,0.068017802,0.086330079,0.992916175,0.014475614
Sitamarhi,0.002640397,7,0.952734550,0.040906683,0.230850493,0.814631931,0.357283144,0.163331802,0.952734550,0.076887168
Siwan,0.002659956,7,0.954210011,0.039334514,0.223992207,0.820135142,0.346661380,0.161049367,0.954210011,0.074595428
Supaul,0.001251744,3,0.970060083,0.024313698,0.150317392,0.879253131,0.232557565,0.120343581,0.970060083,0.049976522
Vaishali,0.002053642,7,0.951637924,0.045158166,0.235947863,0.810541710,0.365177693,0.161420535,0.951637924,0.078590487
West Champaran,0.002601280,7,0.945238127,0.019783932,0.265695607,0.786671589,0.411249489,0.155953466,0.945238127,0.088530884
Chandigarh,0.010366005,3,0.888821839,0.243655700,0.061377548,0.899180358,0.087762788,0.193686707,0.888821839,0.204934161
Balod,0.018854393,0,0.957090714,0.006142268,0.058538191,0.935943341,0.077722320,0.107001719,0.957090714,0.038040299
Baloda Bazar,0.004068168,0,0.930770278,0.007213085,0.092684233,0.898709963,0.123244422,0.105834702,0.930770278,0.060315247
Balrampur,0.003931258,6,0.969576467,0.004118393,0.042340166,0.953605920,0.056127778,0.074486891,0.969576467,0.027473623
Bastar,0.003696556,0,0.930940006,0.008482097,0.092464041,0.898950064,0.122950871,0.106628169,0.930940006,0.060171606
Bemetara,0.009779250,6,0.991647759,0.001793528,0.013706625,0.984828380,0.017954717,0.049622374,0.991647759,0.008794720
Bijapur,0.001466887,6,0.989846275,0.000898932,0.016043727,0.982279968,0.021070445,0.038086015,0.989846275,0.010319313
Bilaspur,0.008527506,3,0.894705505,0.008852581,0.139471803,0.847692065,0.185619691,0.136492198,0.894705505,0.090836814
Dantewada,0.001134393,6,0.973158726,0.004094737,0.037692827,0.958673451,0.049932137,0.061090730,0.973158726,0.024441962
Dhamtari,0.011598190,0,0.958571910,0.010344190,0.056616604,0.938038670,0.075160539,0.106205686,0.958571910,0.036786764
Durg,0.037082915,9,0.818840890,0.010277902,0.237892527,0.740372570,0.316830160,0.196368885,0.818840890,0.155040931
Gariaband,0.003500971,6,0.969642491,0.002678473,0.042254512,0.953699319,0.056013588,0.069520614,0.969642491,0.027417747
Gaurella-Pendra-Marwahi,0.005261236,6,0.983991577,0.003815207,0.023639148,0.973997803,0.031196348,0.061816564,0.983991577,0.015274136
Janjgir-Champa,0.003813907,3,0.913451987,0.011062040,0.115151608,0.874211187,0.153197004,0.119179442,0.913451987,0.074971692
Jashpur,0.006493422,0,0.955669279,0.003826992,0.060382247,0.933932553,0.080180740,0.089253608,0.955669279,0.039243257
Kabirdham,0.005769757,6,0.970355790,0.003608992,0.041329135,0.954708365,0.054779913,0.076197303,0.970355790,0.026814083
Kondagaon,0.003285828,6,0.970704090,0.001936346,0.040877277,0.955201077,0.054177515,0.065440250,0.970704090,0.026519317
Korba,0.002855541,0,0.936196096,0.004777787,0.085645208,0.906385426,0.113860282,0.093596438,0.936196096,0.055723385
Koriya,0.004341987,6,0.966270662,0.002614035,0.046628855,0.948929467,0.061845283,0.073778193,0.966270662,0.030271322
Mahasamund,0.011070111,0,0.945769441,0.005662249,0.073225511,0.919928058,0.097302852,0.107246227,0.945769441,0.047621477
Mungeli,0.001408212,6,0.963926981,0.006693039,0.049669361,0.945614052,0.065898760,0.073740602,0.963926981,0.032254775
Narayanpur,0.001486446,6,0.994769280,0.000532840,0.009657012,0.989244142,0.012555939,0.029531393,0.994769280,0.006152981
Raigarh,0.011422164,3,0.920428157,0.005539075,0.106101279,0.884079806,0.141131478,0.121978870,0.920428157,0.069067770
Raipur,0.138180799,2,0.779342989,0.008149197,0.289133967,0.684498104,0.385143144,0.236615860,0.779342989,0.188467950
Rajnandgaon,0.025699868,3,0.918017188,0.004996610,0.109229078,0.880669205,0.145301330,0.134572405,0.918017188,0.071108169
Sukma,0.001682031,6,0.988793410,0.001139906,0.017409632,0.980790565,0.022891413,0.041145420,0.988793410,0.011210352
Surajpur,0.009309846,6,0.966202496,0.002537645,0.046717288,0.948833038,0.061963178,0.080913525,0.966202496,0.030329010
Surguja,0.011656866,6,0.979364362,0.003368131,0.029642129,0.967452058,0.039199277,0.073066668,0.979364362,0.019190142
Daman,0.000762781,6,0.987208853,0.069861231,0.007176055,0.982753825,0.119981602,0.074676853,0.987208853,0.022008398
Diu,0.000762781,6,0.998313391,0.035120255,0.001711669,0.995403063,0.032126367,0.041244143,0.998313391,0.005729626
Dadra and Nagar Haveli,0.000743223,0,0.975031613,0.018401513,0.013168302,0.968882667,0.216323677,0.078420778,0.975031613,0.039859704
North Goa,0.032760487,0,0.951253441,0.012375360,0.083340524,0.903914468,0.063150840,0.143201186,0.951253441,0.101323352
South Goa,0.039390818,0,0.962389154,0.008544608,0.065147862,0.924835665,0.049254434,0.128270031,0.962389154,0.079214183
Ahmedabad,0.059360046,1,0.393477140,0.021766365,0.519904886,0.482545666,0.711170750,0.261557773,0.393477140,0.613741771
Amreli,0.004948300,3,0.874591065,0.005870310,0.108908360,0.891451770,0.148731878,0.119381374,0.874591065,0.128588537
Anand,0.001975408,9,0.825871084,0.018677256,0.150527905,0.850043912,0.205687226,0.136097083,0.825871084,0.177717558
Aravalli,0.002131876,0,0.913612536,0.008581957,0.075573866,0.924616717,0.103114424,0.099772366,0.913612536,0.089239451
Banaskantha,0,9,0.739207761,0.006433360,0.224560942,0.776387423,0.306999658,0,0.739207761,0.265108484
Bharuch,0.003422737,3,0.871447502,0.006233602,0.111593781,0.888780008,0.152406812,0.115771469,0.871447502,0.131758492
Bhavnagar,0.002835982,9,0.759322573,0.006767557,0.207377657,0.793483311,0.283484745,0.137312196,0.759322573,0.244824793
Botad,0.002034084,6,0.947047189,0.006711095,0.047011970,0.953033342,0.064028154,0.081519087,0.947047189,0.055524089
Chhota Udepur,0.001251744,0,0.911915631,0.008692102,0.077023465,0.923174492,0.105098165,0.094103797,0.911915631,0.090950603
Dahod,0.003735673,9,0.822805756,0.015345246,0.153146494,0.847438642,0.209270701,0.144547317,0.822805756,0.180808622
Dang,0.000860574,6,0.983311707,0.003360613,0.016032632,0.983855112,0.021633674,0.045412215,0.983311707,0.018955104
Devbhoomi Dwarka,0.001818940,0,0.938896045,0.003461483,0.053975168,0.946105559,0.073557124,0.077703198,0.938896045,0.063743668
Gandhinagar,0.010600707,3,0.885247816,0.056245673,0.099804721,0.900509106,0.136273766,0.169282981,0.885247816,0.117842314
Gir Somnath,0.003618322,0,0.899610554,0.008513020,0.087535204,0.912716218,0.119483227,0.111907505,0.899610554,0.103358990
Jamnagar,0.008214570,9,0.820053872,0.004000316,0.155497319,0.845099773,0.212487749,0.135447290,0.820053872,0.183583610
Junagadh,0.005554614,9,0.770784815,0.008142815,0.197585918,0.803225247,0.270084985,0.150888127,0.770784815,0.233266317
Kheda,0.002718631,9,0.808242363,0.014332427,0.165587422,0.835060991,0.226295812,0.140941431,0.808242363,0.195494285
Kutch,0.005632848,9,0.825867958,0.001182221,0.150530576,0.850041255,0.205690880,0.109877362,0.825867958,0.177720710
Mahisagar,0.002601280,0,0.918438557,0.010448456,0.071451188,0.928718426,0.097472638,0.102840658,0.918438557,0.084372912
Mehsana,0.007901634,9,0.831155612,0.012145260,0.146013544,0.854535312,0.199509430,0.151970909,0.831155612,0.172388663
Morbi,0.005847991,0,0.921336011,0.005166119,0.068976008,0.931181017,0.094085414,0.102954386,0.921336011,0.081451132
Narmada,0.003364062,6,0.952591680,0.005629588,0.042275531,0.957745690,0.057546452,0.081773484,0.952591680,0.049933048
Navsari,0.001075717,3,0.890043844,0.015817976,0.095707665,0.904585324,0.130667043,0.107038984,0.890043844,0.113006020
Panchmahal,0.004244194,9,0.800694957,0.012021347,0.172034871,0.828646335,0.235118991,0.147387140,0.800694957,0.203105057
Patan,0.003716115,3,0.889027052,0.006136195,0.096576269,0.903721138,0.131855707,0.111360400,0.889027052,0.114031348
Porbandar,0.000860574,6,0.952956407,0.006701194,0.041963959,0.958055677,0.057120073,0.070293469,0.952956407,0.049565259
Rajkot,0.029709361,9,0.735690516,0.007395615,0.227565585,0.773398063,0.311111439,0.190704026,0.735690516,0.268655259
Sabarkantha,0.004205077,9,0.797393321,0.008622221,0.174855328,0.825840224,0.238978719,0.141883477,0.797393321,0.206434413
Surat,0.022668301,1,0.488682778,0.036206131,0.438574488,0.563462399,0.599872055,0.249555066,0.488682778,0.517736810
Surendranagar,0.006669448,3,0.854123523,0.004383076,0.126392969,0.874056092,0.172659145,0.125285706,0.854123523,0.149227919
Tapi,0.001056159,0,0.934333368,0.006156627,0.057872882,0.942227670,0.078891052,0.079947501,0.934333368,0.068344652
Vadodara,0.042872231,2,0.694959804,0.012268411,0.262360215,0.738780406,0.358727055,0.219915178,0.694959804,0.309727936
Valsad,0.000958366,3,0.858584816,0.014751184,0.122581863,0.877847814,0.167443738,0.113311612,0.858584816,0.144729169
Ambala,0.006239161,0,0.934376147,0.019046599,0.090019721,0.911360567,0.115134387,0.129140286,0.934376147,0.078935774
Bhiwani,0.001955850,3,0.904885425,0.008319113,0.129150639,0.872912100,0.165328197,0.113800900,0.904885425,0.113279639
Charkhi Dadri,0.002268786,6,0.972383762,0.009626622,0.039587829,0.960912916,0.050444653,0.078027926,0.972383762,0.034673432
Faridabad,0.014727550,3,0.894711553,0.060447493,0.142650240,0.859647936,0.182644334,0.193889144,0.894711553,0.125127775
Fatehabad,0.003031567,0,0.946072521,0.009740988,0.074499929,0.926609690,0.095226920,0.101593919,0.946072521,0.065314585
Gurgaon,0.031723886,3,0.911775469,0.031654827,0.120008315,0.881894980,0.153601202,0.185934012,0.911775469,0.105255734
Hissar,0.004283311,3,0.898074331,0.012086577,0.138188207,0.864032150,0.176920818,0.134471096,0.898074331,0.121211601
Jhajjar,0.002875099,0,0.945150945,0.013459803,0.075722758,0.925408188,0.096795461,0.105687746,0.945150945,0.066387820
Jind,0.005632848,3,0.922680013,0.012952378,0.105539194,0.896111756,0.135041446,0.128300640,0.922680013,0.092556683
Kaithal,0.002327461,0,0.938205194,0.010065552,0.084939000,0.916352679,0.108617272,0.103317891,0.938205194,0.074476599
Karnal,0.005613289,3,0.912240420,0.016021725,0.119391377,0.882501159,0.152809846,0.137285239,0.912240420,0.104714269
Kurukshetra,0.005065651,0,0.944712231,0.016564330,0.076304883,0.924836215,0.097542162,0.116735906,0.944712231,0.066898731
Mahendragarh,0.002405695,0,0.947261075,0.012744741,0.072922849,0.928159265,0.093203977,0.101307689,0.947261075,0.063930436
Nuh,0.000958366,0,0.937214133,0.016222457,0.086254028,0.915060585,0.110304077,0.098680341,0.937214133,0.075630754
Palwal,0.001642914,0,0.940144067,0.020010512,0.082366331,0.918880481,0.105317270,0.106641795,0.940144067,0.072218656
Panchkula,0.007099735,6,0.968992531,0.018003974,0.044087617,0.956491605,0.056216597,0.101185808,0.968992531,0.038622741
Panipat,0.007021501,0,0.930421069,0.025303399,0.095267671,0.906204142,0.121866011,0.138473187,0.930421069,0.083541720
Rewari,0.005711082,0,0.948791604,0.015106043,0.070892008,0.930154689,0.090598986,0.114153504,0.948791604,0.062148036
Rohtak,0.007666932,0,0.939054469,0.016682393,0.083812106,0.917459920,0.107171788,0.127147028,0.939054469,0.073487563
Sirsa,0.003129360,0,0.924892034,0.007948858,0.102604087,0.898995675,0.131276541,0.111083639,0.924892034,0.089980641
Sonipat,0.008566623,3,0.913812400,0.017214072,0.117305534,0.884550625,0.150134304,0.145180847,0.913812400,0.102883596
Bilaspur,0.007041060,6,0.950853031,0.008593781,0.035268126,0.958987577,0.034681194,0.068207660,0.950853031,0.007300064
Chamba,0.005163444,6,0.932372342,0.002068987,0.048014805,0.944254254,0.047371571,0.061336916,0.932372342,0.010044254
Hamirpur,0.005319912,6,0.941093480,0.010672037,0.041999578,0.951206989,0.041382913,0.072063637,0.941093480,0.008749256
Kangra,0.019832318,3,0.798837784,0.006889438,0.140117553,0.837796768,0.139067491,0.119832826,0.798837784,0.029872742
Kinnaur,0.003148918,6,0.991081510,0.000323705,0.007521351,0.991058845,0.007056980,0.022674289,0.991081510,0.001326555
Kullu,0.006806358,6,0.943365804,0.002069450,0.040432288,0.953018550,0.039822547,0.059720364,0.943365804,0.008411839
Lahaul and Spiti,0.001682031,6,0.998210980,3.706439693e-05,0.002603943,0.996742658,0.002161293,0.009914428,0.998210980,0.000267903
Mandi,0.031391392,0,0.867431069,0.006637145,0.092806728,0.892481254,0.091965643,0.111277323,0.867431069,0.019687355
Shimla,0.017896027,0,0.892578631,0.004149411,0.075461709,0.912529594,0.074697239,0.091362982,0.892578631,0.015953205
Sirmaur,0.005006976,6,0.930842958,0.004916510,0.049069667,0.943034986,0.048421773,0.068607928,0.930842958,0.010271351
Solan,0.016663842,6,0.924559783,0.007816914,0.053403359,0.938025863,0.052736323,0.087045232,0.924559783,0.011204337
Una,0.005183002,6,0.932073356,0.008882397,0.048221025,0.944015894,0.047576880,0.073736423,0.932073356,0.010088650
Anantnag,0.003676998,0,0.873151462,0.009849538,0.072013372,0.912919035,0.111494662,0.102074137,0.873151462,0.058228804
Badgam,0.005104768,0,0.913560175,0.013750173,0.049406774,0.940172758,0.076416970,0.097699326,0.913560175,0.039919953
Bandipora,0.002640397,6,0.955934153,0.003344452,0.025700712,0.968751958,0.039633286,0.059866512,0.955934153,0.020720657
Baramulla,0.004146402,0,0.879754428,0.008005911,0.068319352,0.917372416,0.105762808,0.099238969,0.879754428,0.055237055
Doda,0.002679514,6,0.952976286,0.004083755,0.027355487,0.966757019,0.042200928,0.062888789,0.952976286,0.022060842
Ganderbal,0.003109801,6,0.966579912,0.003927108,0.019744957,0.975932007,0.030391995,0.056660372,0.966579912,0.015897153
Jammu,0.016526932,3,0.818015528,0.012949280,0.102859093,0.875732512,0.159356649,0.142606851,0.818015528,0.083210437
Kathua,0.002620839,6,0.928066375,0.006090048,0.041291301,0.949956489,0.063824537,0.076291956,0.928066375,0.033347315
Kishtwar,0.002347020,6,0.974592629,0.000761873,0.015262254,0.981336198,0.023436376,0.040552003,0.974592629,0.012266657
Kulgam,0.001916733,6,0.951379954,0.024326526,0.028248552,0.965680371,0.043586660,0.076255410,0.951379954,0.022784127
Kupwara,0.003970375,0,0.896665036,0.009663834,0.058858736,0.928777803,0.091083175,0.096155173,0.896665036,0.047575000
Poonch,0.001212627,6,0.944850339,0.007474018,0.031901536,0.961276461,0.049254839,0.064896483,0.944850339,0.025742641
Pulwama,0.004518013,6,0.933582966,0.010709513,0.038205053,0.953677162,0.059035737,0.085282623,0.933582966,0.030847794
Rajouri,0.005300353,6,0.927636779,0.006174436,0.041531638,0.949666747,0.064197457,0.083625615,0.927636779,0.033541961
Ramban,0.001936291,6,0.968234249,0.005583684,0.018819441,0.977047777,0.028955911,0.054834887,0.968234249,0.015147586
Reasi,0.003246711,6,0.964439667,0.004821090,0.020942314,0.974488515,0.032249883,0.059712177,0.964439667,0.016866880
Samba,0.004733157,6,0.963968743,0.009161988,0.021205772,0.974170900,0.032658679,0.068132776,0.963968743,0.017080252
Shopian,0.002268786,6,0.970331232,0.022413132,0.017646287,0.978462091,0.027135577,0.064995815,0.970331232,0.014197461
Srinagar,0.017954703,3,0.849030412,0.014976972,0.085507859,0.896650553,0.132433481,0.138592477,0.849030412,0.069157851
Udhampur,0.003892141,6,0.935359716,0.003189602,0.037211052,0.954875494,0.057493388,0.071282409,0.935359716,0.030042763
Bokaro,0.002699073,3,0.964169164,0.018945810,0.133411321,0.854241625,0.213813902,0.135622080,0.964169164,0.098809703
Chatra,0.001095276,0,0.983109121,0.007391507,0.067274541,0.926387321,0.107705748,0.084559381,0.983109121,0.049768224
Deoghar,0.000977925,0,0.974757989,0.015816593,0.096436011,0.894576360,0.154491662,0.104280440,0.974757989,0.071391920
Dhanbad,0.001818940,7,0.952638463,0.034004775,0.173675586,0.810319113,0.278412859,0.151869459,0.952638463,0.128666299
Dumka,0.000919249,0,0.977930388,0.007872440,0.085358252,0.906660598,0.136718791,0.090814462,0.977930388,0.063177585
East Singhbhum,0.005124327,3,0.959913231,0.017044672,0.148272692,0.838030010,0.237657106,0.150343643,0.959913231,0.109829647
Garhwa,0.001329978,0,0.977906407,0.008541338,0.085441993,0.906569250,0.136853141,0.096113682,0.977906407,0.063239679
Giridih,0.000821457,3,0.957049410,0.013146218,0.158272921,0.827121202,0.253701217,0.118360248,0.957049410,0.117244976
Godda,0.000958366,0,0.978110831,0.016335129,0.084728158,0.907347940,0.135707884,0.099746356,0.978110831,0.062710360
Gumla,0.001232185,0,0.983418368,0.005044700,0.066194677,0.927565298,0.105973241,0.081335934,0.983418368,0.048967487
Jamtara,0.000977925,6,0.987791977,0.011518809,0.050922389,0.944225163,0.081470773,0.079655191,0.987791977,0.037642842
Khunti,0.001290861,6,0.992619928,0.005634737,0.034063580,0.962615695,0.054422931,0.065073626,0.992619928,0.025141765
Koderma,0.001114834,6,0.989148703,0.014364152,0.046184814,0.949393175,0.073869929,0.080319338,0.989148703,0.034129854
Latehar,0.000997483,6,0.988990736,0.005238699,0.046736422,0.948791450,0.074754914,0.070131152,0.988990736,0.034538880
Lohardaga,0.001408212,6,0.993893491,0.008111562,0.029616403,0.967466924,0.047287995,0.065382759,0.993893491,0.021844113
Pakur,0.000723664,0,0.985767365,0.013088927,0.057992168,0.936513053,0.092813346,0.081723865,0.985767365,0.042885196
Palamu,0.001584238,3,0.966502243,0.010005374,0.125264401,0.863128740,0.200743193,0.114630611,0.966502243,0.092768631
Ramgarh,0.001799382,0,0.984839346,0.020589124,0.061232735,0.932978061,0.098012428,0.098844288,0.984839346,0.045288128
Ranchi,0.016233555,7,0.948377960,0.009588847,0.188552914,0.794090092,0.302281663,0.175138257,0.948377960,0.139698075
Sahibganj,0.001290861,0,0.981107895,0.018906986,0.074262656,0.918764295,0.118917300,0.100580862,0.981107895,0.054950023
Seraikela Kharsawan,0.001799382,0,0.982716172,0.010248693,0.068646686,0.924890509,0.109907181,0.094409495,0.982716172,0.050785691
Simdega,0.000782340,6,0.991328663,0.004186960,0.038572572,0.957697034,0.061657043,0.061656647,0.991328663,0.028485255
West Singhbhum,0.001193068,0,0.974577062,0.005477015,0.097067791,0.893887178,0.155505275,0.093848920,0.974577062,0.071860395
Bagalkot,0.001662472,9,0.804794556,0.007536920,0.132678099,0.810106045,0.162332233,0.109491972,0.804794556,0.145879383
Ballari,0.005163444,9,0.737723115,0.007875192,0.177809091,0.745628055,0.217670656,0.137104360,0.737723115,0.195499946
Belgaum,0.004987417,2,0.502909668,0.009352273,0.335810227,0.519894135,0.411407452,0.153786145,0.502909668,0.369218827
Bangalore Rural,0.007080177,0,0.899257985,0.011582502,0.069115602,0.900916858,0.084393588,0.112945886,0.899257985,0.075993773
Bangalore Urban,0.185336341,8,-2.220446049e-16,0.115218805,0.674207792,0.036430465,0.826341557,4.466533303e-05,-2.220446049e-16,0.741279736
Bidar,0.001838499,3,0.824742537,0.008190070,0.119255513,0.829282699,0.145873814,0.108618182,0.824742537,0.131121536
Bijapur,0.002855541,9,0.775074982,0.005420511,0.152675789,0.781535637,0.186852869,0.116869135,0.775074982,0.167866417
Chamarajanagara,0.002699073,0,0.895734303,0.005243969,0.071486615,0.897529426,0.087300861,0.091699909,0.895734303,0.078600651
Chikkaballapura,0.005222119,3,0.871331981,0.007822880,0.087906435,0.874070669,0.107434408,0.111992475,0.871331981,0.096653893
Chikmagalur,0.003833466,0,0.883524412,0.004135615,0.079702399,0.885791656,0.097374837,0.096396490,0.883524412,0.087633730
Chitradurga,0.006180486,3,0.828886693,0.005156772,0.116466996,0.833266612,0.142454609,0.118455877,0.828886693,0.128055621
Dakshina Kannada,0.007901634,9,0.784638425,0.012006225,0.146240745,0.790729291,0.178962389,0.144901491,0.784638425,0.160791223
Davanagere,0.003637881,9,0.798931789,0.008624130,0.136623035,0.804469973,0.167169408,0.123825906,0.798931789,0.150216756
Dharwad,0.002757748,9,0.809377067,0.011375142,0.129594622,0.814511365,0.158551355,0.121977899,0.809377067,0.142489165
Gadag,0.001251744,0,0.891105791,0.006005230,0.074601045,0.893079886,0.091119692,0.085928476,0.891105791,0.082024900
Gulbarga,0.005104768,9,0.734324469,0.006119738,0.180095970,0.742360824,0.220474767,0.133070696,0.734324469,0.198014321
Hassan,0.006082693,9,0.816775911,0.006837960,0.124616092,0.821624117,0.152446814,0.124931055,0.816775911,0.137015378
Haveri,0.001779823,3,0.835355088,0.008696785,0.112114546,0.839484894,0.137117751,0.107001057,0.835355088,0.123270195
Kodagu,0.003540088,6,0.944473083,0.003536640,0.038691294,0.944383625,0.047088108,0.073124095,0.944473083,0.042542894
Kolar,0.002816424,3,0.841447435,0.010081462,0.108015131,0.845341668,0.132091156,0.114134884,0.841447435,0.118762975
Koppal,0.002405695,3,0.857018232,0.006557264,0.097537863,0.860310389,0.119244209,0.102759619,0.857018232,0.107243442
Mandya,0.004791832,9,0.813382492,0.009572795,0.126899454,0.818361911,0.155246612,0.127138333,0.813382492,0.139525886
Mysore,0.008234128,9,0.689385683,0.011477148,0.210334354,0.699159685,0.257552270,0.158253659,0.689385683,0.231260780
Raichur,0.003090243,9,0.801245574,0.007384583,0.135066136,0.806694291,0.165260381,0.118611524,0.801245574,0.148504979
Ramanagara,0.001740706,0,0.889275839,0.007952905,0.075832382,0.891320692,0.092629525,0.093245357,0.889275839,0.083378729
Shimoga,0.004224636,9,0.818940929,0.005416160,0.123159296,0.823705421,0.150660529,0.115540934,0.818940929,0.135413662
Tumakuru,0.008683974,9,0.722139042,0.006636410,0.188295293,0.730646571,0.230528559,0.145177594,0.722139042,0.207029302
Udupi,0.002855541,3,0.879326416,0.007969466,0.082527144,0.881755984,0.100838464,0.101999537,0.879326416,0.090739477
Uttara Kannada,0.002816424,3,0.860990202,0.003438238,0.094865206,0.864128775,0.115967068,0.095839470,0.860990202,0.104304913
Yadgir,0.001603797,3,0.879841090,0.005885769,0.082180831,0.882250757,0.100413824,0.091250636,0.879841090,0.090358713
Alappuzha,0.071349406,9,0.825425135,0.039446608,0.243926441,0.778814946,0.167596266,0.243446848,0.825425135,0.202078610
Ernakulam,0.156956958,2,0.728813725,0.028160455,0.377216229,0.658041523,0.259468127,0.287946919,0.728813725,0.312549266
Idukki,0.063252187,0,0.910069638,0.006668563,0.127146778,0.884628601,0.087104241,0.156528898,0.910069638,0.105291556
Kannur,0.067848435,9,0.791742715,0.022427126,0.290396342,0.736708727,0.199626298,0.236542203,0.791742715,0.240592892
Kasaragod,0.032721370,3,0.893787446,0.017214054,0.149610480,0.864274318,0.102587663,0.171247625,0.893787446,0.123909486
Kollam,0.056054659,9,0.783059914,0.027852067,0.302375555,0.725854403,0.207883140,0.239822485,0.783059914,0.250521271
Kottayam,0.117722608,9,0.837319619,0.023593238,0.227516233,0.793684180,0.156285299,0.238181791,0.837319619,0.188477820
Kozhikode,0.105126935,2,0.744692923,0.034653645,0.355308517,0.677892026,0.244367928,0.277344298,0.744692923,0.294392141
Malappuram,0.106926317,2,0.659470795,0.030421667,0.472885099,0.571356286,0.325409240,0.289056314,0.659470795,0.391839682
Palakkad,0.100530687,2,0.767942315,0.016483658,0.323232528,0.706955971,0.222259101,0.245725316,0.767942315,0.267807542
Pathanamthitta,0.080307199,3,0.902720303,0.011842259,0.137286276,0.875441236,0.094093033,0.177748579,0.902720303,0.113695178
Thrissur,0.119306847,2,0.742958799,0.027021540,0.357700999,0.675724207,0.246016979,0.273558464,0.742958799,0.296375031
Thiruvananthapuram,0.064777750,2,0.726525589,0.039742941,0.380373053,0.655181136,0.261644011,0.269619352,0.726525589,0.315165643
Wayanad,0.048505079,0,0.934340614,0.010067105,0.093661361,0.914969623,0.064023947,0.143653557,0.934340614,0.077538823
Lakshadweep,0.000704106,6,0.991328988,0.056541230,0.004495914,0.992856256,0.005227426,0.041534821,0.991328988,0.009702141
Alirajpur,0.001916733,6,0.975336698,0.006004339,0.052256941,0.965765434,0.072128015,0.079467656,0.975336698,0.039908709
Anuppur,0.001290861,6,0.974560527,0.005241919,0.053761319,0.964782182,0.074213101,0.075136203,0.974560527,0.041060738
Ashok Nagar,0.001955850,6,0.971005942,0.004735275,0.060650829,0.960279247,0.083762046,0.081642501,0.971005942,0.046336614
Balaghat,0.003637881,3,0.939124345,0.004828563,0.122443868,0.919891750,0.169407947,0.113574908,0.939124345,0.093656731
Barwani,0.003188035,0,0.950872556,0.006691083,0.099673438,0.934774344,0.137847855,0.108268486,0.950872556,0.076219502
Betul,0.002542605,0,0.943812838,0.004105371,0.113356611,0.925831117,0.156812900,0.103596834,0.943812838,0.086697856
Bhind,0.001212627,3,0.939034752,0.010032618,0.122617516,0.919778255,0.169648626,0.108531486,0.939034752,0.093789709
Bhopal,0.048700664,3,0.914287571,0.022462436,0.170582602,0.888428611,0.236128817,0.213215040,0.914287571,0.130520601
Burhanpur,0.000899691,6,0.974282291,0.005790916,0.054300597,0.964429714,0.074960547,0.072985465,0.974282291,0.041473709
Chhatarpur,0.002229669,3,0.936826775,0.005318199,0.126897027,0.916981197,0.175580079,0.109480110,0.936826775,0.097066889
Chhindwara,0.001290861,3,0.924633505,0.004633597,0.150530071,0.901534805,0.208335765,0.106580621,0.924633505,0.115164695
Damoh,0.003109801,0,0.955413851,0.004529585,0.090871482,0.940527240,0.125648238,0.099482793,0.955413851,0.069479105
Datia,0.002210110,6,0.973188189,0.007659835,0.056421191,0.963043709,0.077899715,0.085755713,0.973188189,0.043097625
Dewas,0.002210110,0,0.944264897,0.005837606,0.112480429,0.926403784,0.155598500,0.106088710,0.944264897,0.086026890
Dhar,0.003755232,3,0.921119583,0.007029752,0.157340767,0.897083381,0.217775473,0.130258440,0.921119583,0.120380217
Dindori,0.000977925,6,0.976247482,0.002472704,0.050491656,0.966919211,0.069681309,0.064573332,0.976247482,0.038556883
Guna,0.002347020,0,0.956261555,0.005013537,0.089228459,0.941601108,0.123370988,0.096641666,0.956261555,0.068220905
Gwalior,0.009036027,3,0.926858909,0.009756359,0.146216783,0.904353939,0.202357496,0.147716358,0.926858909,0.111861649
Harda,0.001838499,6,0.981234133,0.004472534,0.040826509,0.973236283,0.056285298,0.069615591,0.981234133,0.031155468
Hoshangabad,0.001955850,0,0.956260177,0.004853521,0.089231130,0.941599363,0.123374689,0.094082849,0.956260177,0.068222950
Indore,0.082615102,7,0.880618105,0.022072417,0.235840892,0.845776250,0.326577599,0.252697616,0.880618105,0.180494353
Jabalpur,0.009505431,3,0.910840564,0.012408141,0.177263603,0.884061955,0.245388766,0.163488504,0.910840564,0.135636805
Jhabua,0.003109801,0,0.964336320,0.003951428,0.073577916,0.951830194,0.101679145,0.090690565,0.964336320,0.056235970
Katni,0.001584238,0,0.954371918,0.006849335,0.092890961,0.939207323,0.128447259,0.097044821,0.954371918,0.071025590
Mandla,0.001369095,0,0.963240394,0.004753763,0.075702046,0.950441877,0.104623215,0.084625248,0.963240394,0.057862594
Mandsaur,0.002679514,0,0.952579023,0.006353988,0.096365956,0.936936090,0.133263645,0.104011140,0.952579023,0.073686685
Morena,0.001310419,3,0.929294443,0.010340189,0.141496223,0.907439265,0.195814742,0.115580217,0.929294443,0.108246719
Narsinghpur,0.001251744,0,0.961802332,0.005577137,0.078489303,0.948620146,0.108486387,0.086484501,0.961802332,0.059997031
Neemuch,0.002444812,6,0.971714230,0.005071800,0.059278023,0.961176504,0.081859319,0.083975178,0.971714230,0.045285341
Niwari,0.000899691,6,0.987396696,0.009083486,0.028882205,0.981042997,0.039730347,0.061223841,0.987396696,0.022008711
Panna,0.001525563,0,0.964636564,0.003725057,0.072995984,0.952210541,0.100872580,0.082121489,0.964636564,0.055790335
Raisen,0.001779823,0,0.952881873,0.004117200,0.095778972,0.937319739,0.132450077,0.093406016,0.952881873,0.073237182
Rajgarh,0.002972892,0,0.944881768,0.006603300,0.111284807,0.927185234,0.153941354,0.111385845,0.944881768,0.085111302
Ratlam,0.006043576,0,0.948309746,0.007852395,0.104640687,0.931527785,0.144732522,0.121719307,0.948309746,0.080023341
Rewa,0.004244194,3,0.914451451,0.009830357,0.170264967,0.888636215,0.235688572,0.141650408,0.914451451,0.130277362
Sagar,0.004654923,3,0.913909613,0.006082873,0.171315160,0.887949816,0.237144151,0.135229287,0.913909613,0.131081583
Satna,0.003031567,3,0.919483122,0.007795944,0.160512563,0.895010318,0.222171621,0.129340629,0.919483122,0.122809127
Sehore,0.002464371,0,0.953652347,0.005222696,0.094285636,0.938295773,0.130380296,0.099663097,0.953652347,0.072093609
Seoni,0.001486446,0,0.951125136,0.004120943,0.099183887,0.935094311,0.137169331,0.092472462,0.951125136,0.075844611
Shahdol,0.002053642,0,0.962813395,0.004494479,0.076529656,0.949900957,0.105770292,0.088748523,0.962813395,0.058496365
Shajapur,0.001955850,0,0.946154832,0.006401393,0.108817350,0.928797947,0.150521428,0.104471694,0.946154832,0.083221763
Sheopur,0.002307903,6,0.976853181,0.002726795,0.049317687,0.967686509,0.068054173,0.072151786,0.976853181,0.037657876
Shivpuri,0.002034084,3,0.938206002,0.004391409,0.124223803,0.918728397,0.171874959,0.104893475,0.938206002,0.095019777
Sidhi,0.002601280,0,0.960522342,0.002795506,0.080970185,0.946998659,0.111924919,0.087900540,0.960522342,0.061896850
Singrauli,0.002190552,0,0.958600272,0.005444000,0.084695549,0.944563787,0.117088319,0.095021904,0.958600272,0.064749675
Tikamgarh,0.001564680,0,0.948665845,0.007500365,0.103950494,0.931978890,0.143775907,0.101976240,0.948665845,0.079494803
Ujjain,0.005183002,3,0.928485391,0.008562556,0.143064330,0.906414361,0.197988158,0.134564283,0.928485391,0.109447550
Umaria,0.001329978,6,0.978505506,0.004147186,0.046115145,0.969779668,0.063615412,0.069251092,0.978505506,0.035205421
Vidisha,0.002992450,0,0.948170889,0.005190346,0.104909820,0.931351881,0.145105545,0.105954163,0.948170889,0.080229439
Ahmednagar,0.044593379,2,0.709255380,0.006991022,0.410564688,0.589385610,0.410311508,0.224237998,0.709255380,0.410546665
Akola,0.009544548,3,0.885095175,0.008793784,0.164150624,0.835712239,0.163791602,0.148965129,0.885095175,0.164125068
Amravati,0.009153378,9,0.816087343,0.006189374,0.260855129,0.739042048,0.260537644,0.162835942,0.816087343,0.260832529
Aurangabad,0.019597616,2,0.763931622,0.009601755,0.333943836,0.665979275,0.333657745,0.201531596,0.763931622,0.333923471
Beed,0.007549581,9,0.835569951,0.006342214,0.233553069,0.766334420,0.233223857,0.154572071,0.835569951,0.233529634
Bhandara,0.014571082,0,0.925098146,0.008088290,0.108092240,0.891750731,0.107709140,0.135429243,0.925098146,0.108064969
Buldhana,0.018639250,9,0.835435900,0.007027803,0.233740923,0.766146633,0.233411792,0.175334293,0.835435900,0.233717494
Chandrapur,0.018834835,9,0.860850666,0.005024084,0.198125800,0.801749118,0.197781371,0.160321148,0.860850666,0.198101282
Dhule,0.005808874,9,0.870240157,0.006638451,0.184967785,0.814902464,0.184617705,0.140319718,0.870240157,0.184942865
Gadchiroli,0.007432230,0,0.933295823,0.001934451,0.096604381,0.903234515,0.096216346,0.100191135,0.933295823,0.096576759
Gondia,0.009505431,3,0.917125976,0.006385417,0.119264085,0.880582851,0.118885783,0.128856123,0.917125976,0.119237156
Hingoli,0.002034084,0,0.926378446,0.006833134,0.106298085,0.893544250,0.105914213,0.103085339,0.926378446,0.106270759
Jalgaon,0.010620265,2,0.729820793,0.009427743,0.381745233,0.618194839,0.381479675,0.191817072,0.729820793,0.381726330
Jalna,0.005104768,3,0.876068082,0.006655903,0.176800791,0.823066560,0.176447203,0.136192090,0.876068082,0.176775621
Kolhapur,0.016468257,2,0.752437706,0.013244980,0.350050897,0.649877929,0.349771725,0.207520871,0.752437706,0.350031025
Latur,0.009544548,9,0.843987326,0.009007363,0.221757335,0.778125969,0.221423057,0.163823378,0.843987326,0.221733539
Mumbai City,0.151793514,4,0.799426726,1.2,0.284202576,0.715702885,0.283895120,0.457233595,0.799426726,0.284180690
Mumbai suburban,0.000704106,8,0.400142782,0.665641519,0.843741326,0.156362676,0.843674208,0.226988606,0.400142782,0.843736548
Nanded,0.009642340,2,0.785834389,0.008368475,0.303250273,0.696661947,0.302950998,0.177085153,0.785834389,0.303228969
Nandurbar,0.010718058,3,0.896224627,0.008548252,0.148554305,0.851303024,0.148188584,0.145857095,0.896224627,0.148528272
Nagpur,0.086292100,2,0.702150189,0.012357908,0.420521586,0.579432245,0.420272683,0.262638577,0.702150189,0.420503868
Nashik,0.049659030,1,0.608186155,0.010324583,0.552198602,0.447801952,0.552006258,0.247967181,0.608186155,0.552184910
Osmanabad,0.007549581,3,0.895312404,0.005750537,0.149832654,0.850025129,0.149467482,0.133225409,0.895312404,0.149806659
Palghar,0.005574172,9,0.809485443,0.014703811,0.270106738,0.729793721,0.269793227,0.172151897,0.809485443,0.270084421
Parbhani,0.004811391,3,0.883974420,0.007398818,0.165721200,0.834142220,0.165362853,0.134225480,0.883974420,0.165695691
Pune,0.337364557,8,0.394045077,0.015838290,0.852286379,0.147820654,0.852222932,0.305523476,0.394045077,0.852281863
Raigad,0.026834261,9,0.832379560,0.009675542,0.238023941,0.761865134,0.237696650,0.191983305,0.832379560,0.238000643
Ratnagiri,0.009094702,3,0.898387074,0.005148308,0.145523949,0.854332305,0.145156926,0.133223074,0.898387074,0.145497822
Sangli,0.007530022,9,0.820427791,0.008637528,0.254772619,0.745122400,0.254452521,0.164596629,0.820427791,0.254749833
Satara,0.022238014,9,0.808594390,0.007524865,0.271355420,0.728545482,0.271042446,0.188451212,0.808594390,0.271333141
Sindhudurg,0.009779250,0,0.947683758,0.004267874,0.076441770,0.923389971,0.076045075,0.105523736,0.947683758,0.076413531
Solapur,0.025034879,2,0.723942075,0.007602754,0.389983407,0.609959588,0.389721387,0.208752342,0.723942075,0.389964756
Thane,0.208004642,8,0.288637405,0.069056876,1,0.000159447,1,0.144568981,0.288637405,1
Wardha,0.008879559,3,0.918815272,0.005384400,0.116896780,0.882949316,0.116517461,0.124230172,0.918815272,0.116869779
Washim,0.004967859,0,0.925233424,0.006087157,0.107902668,0.891940237,0.107519486,0.114184718,0.925233424,0.107875391
Yavatmal,0.009407638,9,0.823339752,0.005355513,0.250691925,0.749201645,0.250370075,0.158711265,0.823339752,0.250669015
Bishnupur,0.023294173,6,0.978282365,0.012731794,0.015037426,0.985209646,0.024971379,0.078460676,0.978282365,0.013677488
Chandel,0.007236645,6,0.987976742,0.001119927,0.008876712,0.991192981,0.014657031,0.041143964,0.987976742,0.008049565
Churachandpur,0.026306182,6,0.975171731,0.001538062,0.017014214,0.983289774,0.028280943,0.064011156,0.975171731,0.015483319
Imphal East,0.102760356,6,0.956918407,0.016757370,0.028614083,0.972023888,0.047701596,0.123626006,0.956918407,0.026080010
Imphal West,0.160125435,6,0.950677014,0.026078080,0.032580449,0.968171722,0.054342137,0.144696059,0.950677014,0.029703356
Jiribam,0.005808874,6,0.998061068,0.004948147,0.002468188,0.997416991,0.003927797,0.029714431,0.998061068,0.002195262
Kamjong,0.005280795,6,0.997880132,0.000577390,0.002583172,0.997305318,0.004120304,0.022842972,0.997880132,0.002300302
Pherzawl,0.001134393,6,0.997715699,0.000521337,0.002687668,0.997203831,0.004295253,0.018893437,0.997715699,0.002395761
Senapati,0.009466314,6,0.966769166,0.002833485,0.022353990,0.978103741,0.037220865,0.067190816,0.966769166,0.020361301
Tamenglong,0.025778102,6,0.988367697,0.000817111,0.008628263,0.991434277,0.014241074,0.045872908,0.988367697,0.007822602
Thoubal,0.043439427,6,0.960153120,0.021510110,0.026558444,0.974020341,0.044260018,0.111488605,0.960153120,0.024202146
Ukhrul,0.010718058,6,0.984043342,0.001037031,0.011376363,0.988765301,0.018841979,0.046940577,0.984043342,0.010333041
East Garo Hills,0.000919249,6,0.957371490,0.003188641,0.013304023,0.986362803,0.031743542,0.043925937,0.957371490,0.012384920
East Khasi Hills,0.007608256,0,0.885461153,0.007858324,0.035049835,0.964397473,0.083576227,0.090071844,0.885461153,0.032713993
East Jaintia Hills,0.000841015,6,0.985085682,0.001500729,0.004923203,0.994828226,0.011767262,0.027437429,0.985085682,0.004550110
North Garo Hills,0.000801898,6,0.985669409,0.002775203,0.004746683,0.995006528,0.011346514,0.029056394,0.985669409,0.004385090
Ri Bhoi,0.001447329,6,0.965782784,0.002836859,0.010760433,0.988932070,0.025680714,0.042413989,0.965782784,0.010007044
South Garo Hills,0.000841015,6,0.982226256,0.002005483,0.005787898,0.993954802,0.013828325,0.030209463,0.982226256,0.005358470
South West Garo Hills,0.000919249,6,0.977977728,0.005500266,0.007072661,0.992657070,0.016890648,0.037318314,0.977977728,0.006559530
South West Khasi Hills,0.000743223,6,0.986829906,0.002139048,0.004395747,0.995361007,0.010510033,0.027075784,0.986829906,0.004057017
West Jaintia Hills,0.002386137,6,0.964082862,0.004180064,0.011274493,0.988412822,0.026906012,0.048204052,0.964082862,0.010487613
West Garo Hills,0.001329978,6,0.911180932,0.004533273,0.027272128,0.972253694,0.065037512,0.062045754,0.911180932,0.025443004
West Khasi Hills,0.000801898,6,0.947718479,0.001911331,0.016223110,0.983414249,0.038701394,0.043510915,0.947718479,0.015113829
Aizawl,0.002014525,6,0.932372192,0.002950155,0.022921656,0.971442631,0.040680457,0.061144988,0.932372192,0.041748584
Champhai,0.000782340,6,0.980720415,0.001018666,0.006881763,0.991234746,0.012095615,0.030768973,0.980720415,0.012702292
Kolasib,0.000801898,6,0.988061717,0.001554267,0.004446229,0.994240025,0.007755229,0.027692855,0.988061717,0.008291838
Lawngtlai,0.001329978,6,0.982095478,0.001204206,0.006425575,0.991797650,0.011282639,0.032736665,0.982095478,0.011876192
Lunglei,0.001290861,6,0.975737157,0.000864168,0.008534997,0.989194770,0.015041859,0.034730833,0.975737157,0.015696097
Mamit,0.000704106,6,0.987592780,0.000737826,0.004601803,0.994048058,0.008032478,0.025141242,0.987592780,0.008573563
Saiha,0.000704106,6,0.992691755,0.001026271,0.002910179,0.996135404,0.005017819,0.022108360,0.992691755,0.005510238
Serchhip,0.000841015,6,0.991215549,0.001176176,0.003399922,0.995531096,0.005890594,0.024359020,0.991215549,0.006397102
Dimapur,0.003774790,6,0.951233589,0.010771351,0.017707449,0.973515686,0.037636173,0.069011968,0.951233589,0.021555271
Kiphire,0.000977925,6,0.992482311,0.001529709,0.003183028,0.994948601,0.006722066,0.024325644,0.992482311,0.003908508
Kohima,0.006258720,6,0.966034700,0.006805171,0.012495711,0.981206371,0.026543390,0.061204950,0.966034700,0.015223155
Longleng,0.000704106,6,0.995644746,0.001481722,0.002069478,0.996591808,0.004351960,0.019810510,0.995644746,0.002555575
Mokokchung,0.001506004,6,0.976408672,0.003125225,0.008842848,0.986596707,0.018768553,0.040960885,0.976408672,0.010785029
Mon,0.000958366,6,0.967445788,0.003802817,0.011998841,0.981939575,0.025485842,0.044352503,0.967445788,0.014619472
Peren,0.001075717,6,0.980439561,0.001845731,0.007423498,0.988691165,0.015747578,0.034482067,0.980439561,0.009060559
Phek,0.000723664,6,0.980439561,0.002098450,0.007423498,0.988691165,0.015747578,0.033345670,0.980439561,0.009060559
Tuensang,0.000880132,6,0.946507207,0.002559282,0.019371694,0.971059849,0.041178389,0.049637665,0.946507207,0.023577281
Wokha,0.000704106,6,0.980042233,0.002664676,0.007563405,0.988484712,0.016045358,0.034475017,0.980042233,0.009230542
Zunheboto,0.000704106,6,0.983445493,0.002934438,0.006365055,0.990253053,0.013494764,0.032744003,0.983445493,0.007774581
Central Delhi,0.004302870,0,0.953785739,0.613041775,0.035841901,0.948786479,0.055505626,0.163581728,0.953785739,0.113196205
East Delhi,0.001447329,9,0.859560818,0.102226754,0.105857007,0.849399411,0.164409629,0.164572841,0.859560818,0.332982542
New Delhi,0.001427770,6,0.990598325,0.169865006,0.008487810,0.987615855,0.012958094,0.071802031,0.990598325,0.027328230
North Delhi,0.001877616,0,0.928231226,0.396104409,0.054830529,0.921831952,0.085041218,0.162068367,0.928231226,0.172803927
North East Delhi,0.001193068,4,0.815059757,1.134580351,0.138924124,0.802460343,0.215843407,0.235470138,0.815059757,0.436784435
North West Delhi,0.001310419,4,0.696765898,0.740283415,0.226823981,0.677685712,0.352565991,0.255553502,0.696765898,0.712713282
South Delhi,0.002073201,2,0.774067845,0.287593723,0.169383720,0.759222675,0.263221353,0.224438552,0.774067845,0.532400986
South West Delhi,0.001525563,9,0.810767982,0.152763102,0.142113186,0.797933442,0.220803788,0.190214992,0.810767982,0.446795305
West Delhi,0.003090243,4,0.789842924,0.597637429,0.157661834,0.775861997,0.244988712,0.253608047,0.789842924,0.495604493
Angul,0.005300353,0,0.919839676,0.005347933,0.110037806,0.896324824,0.110629593,0.101210926,0.919839676,0.042075130
Boudh (Bauda),0.000801898,6,0.973886266,0.003714523,0.037846630,0.964226506,0.037770308,0.052273183,0.973886266,0.014316468
Bhadrak,0.001134393,3,0.904581947,0.015806044,0.130417879,0.877155705,0.131198278,0.101187821,0.904581947,0.049911594
Balangir,0.002464371,3,0.895351897,0.006576376,0.142746653,0.865559490,0.143641150,0.102932781,0.895351897,0.054652204
Bargarh (Baragarh),0.003109801,3,0.906381082,0.006645368,0.128014736,0.879416058,0.128772893,0.102365765,0.906381082,0.048987547
Balasore,0.003911700,3,0.851892652,0.016761424,0.200796087,0.810959267,0.202227815,0.136512547,0.851892652,0.076973140
Cuttack,0.005065651,9,0.832315930,0.017506127,0.226945129,0.786363963,0.228618859,0.147007529,0.832315930,0.087027865
Debagarh (Deogarh),0.000899691,6,0.982187216,0.002931466,0.026758876,0.974655443,0.026579939,0.045299372,0.982187216,0.010053049
Dhenkanal,0.001036600,0,0.924956905,0.007029713,0.103202615,0.902753878,0.103731144,0.083559676,0.924956905,0.039446890
Ganjam,0.001153951,9,0.773743269,0.011457037,0.305181875,0.712775930,0.307579664,0.125621841,0.773743269,0.117111145
Gajapati,0.000997483,6,0.965051859,0.003913999,0.049646936,0.953127358,0.049679822,0.059690671,0.965051859,0.018853874
Jharsuguda,0.002425254,6,0.964816709,0.007306431,0.049961031,0.952831926,0.049996824,0.072279393,0.964816709,0.018974649
Jajpur,0.002386137,3,0.883805498,0.016620927,0.158169423,0.851053118,0.159206653,0.119002602,0.883805498,0.060582506
Jagatsinghpur,0.002034084,0,0.928617944,0.016984094,0.098312488,0.907353442,0.098795760,0.099827751,0.928617944,0.037566557
Khordha,0.005398146,3,0.856511056,0.020452763,0.194627187,0.816761620,0.196001824,0.144326420,0.856511056,0.074601100
Kendujhar (Keonjhar),0.001818940,3,0.885332317,0.005735453,0.156130018,0.852971344,0.157148375,0.100288774,0.885332317,0.059798322
Kalahandi,0.001779823,3,0.900258926,0.005204694,0.136192229,0.871724459,0.137026067,0.094513356,0.900258926,0.052131924
Kandhamal,0.000821457,6,0.954910838,0.002378895,0.063192513,0.940386639,0.063350759,0.059702635,0.954910838,0.024062365
Koraput,0.001740706,0,0.913002128,0.004092084,0.119170864,0.887734440,0.119847174,0.087486668,0.913002128,0.045586937
Kendrapara,0.002679514,3,0.908911399,0.014310602,0.124634937,0.882595033,0.125361816,0.109607823,0.908911399,0.047687960
Malkangiri,0.001095276,6,0.962657668,0.002761911,0.052844908,0.950119405,0.052907390,0.059135991,0.962657668,0.020083546
Mayurbhanj,0.002659956,9,0.839126318,0.006328162,0.217848350,0.794920225,0.219437892,0.118012996,0.839126318,0.083530008
Nabarangpur,0.001134393,0,0.923279600,0.006036345,0.105443027,0.900646589,0.105992290,0.083522930,0.923279600,0.040308364
Nuapada,0.002855541,6,0.963062926,0.004660996,0.052303595,0.950628554,0.052361068,0.070903539,0.963062926,0.019875402
Nayagarh,0.000880132,0,0.939949141,0.006487477,0.083177168,0.921589443,0.083520367,0.075224324,0.939949141,0.031746785
Puri,0.002699073,3,0.892141470,0.014624997,0.147034888,0.861526055,0.147969071,0.116163400,0.892141470,0.056301099
Rayagada,0.001095276,0,0.939965775,0.003315211,0.083154950,0.921610341,0.083497943,0.071079460,0.939965775,0.031738242
Sambalpur,0.003853024,0,0.934608393,0.004078665,0.090310919,0.914879569,0.090720138,0.087853640,0.934608393,0.034489826
Subarnapur (Sonepur),0.000743223,6,0.960098891,0.007491711,0.056262720,0.946904674,0.056356834,0.065278733,0.960098891,0.021397749
Sundargarh,0.007295320,3,0.867276177,0.005615771,0.180247987,0.830286429,0.181489549,0.124523875,0.867276177,0.069072067
Karaikal,0.001936291,6,0.982407489,0.033542865,0.017409206,0.979097481,0.014166738,0.067053760,0.982407489,0.026999524
Mahé,0.002933775,6,0.998280423,0.122265294,0.003371625,0.995744132,0.002354505,0.044405623,0.998280423,0.005350347
Puducherry,0.003716115,0,0.907247686,0.085340678,0.083878443,0.900274055,0.070098750,0.143414185,0.907247686,0.129510367
Yanam,0.000860574,6,0.996896604,0.048779485,0.004595436,0.994292859,0.003384308,0.038340254,0.996896604,0.007237745
Amritsar,0.015392539,9,0.852312137,0.024503856,0.234056943,0.739680038,0.252008461,0.196557232,0.852312137,0.186375853
Barnala,0.001701589,6,0.966524157,0.011006187,0.055776800,0.937787400,0.059747397,0.083766950,0.966524157,0.044339167
Bathinda,0.004615806,3,0.918745949,0.010872662,0.130356566,0.854913331,0.140175789,0.127230165,0.918745949,0.103757242
Firozpur,0.001564680,9,0.880287073,0.009978216,0.190389248,0.788204184,0.204916299,0.124138167,0.880287073,0.151585581
Faridkot,0.002386137,6,0.965215172,0.011027304,0.057820071,0.935516889,0.061950904,0.088537997,0.965215172,0.045967051
Fatehgarh Sahib,0.001564680,6,0.966311961,0.013355948,0.056108029,0.937419333,0.060104602,0.085103178,0.966311961,0.044603059
Fazilka,0.002288344,0,0.931307483,0.009957882,0.110748542,0.876702039,0.119030083,0.109140008,0.931307483,0.088135431
Gurdaspur,0.003070684,9,0.863878338,0.017060706,0.216002591,0.759742283,0.232538268,0.150023094,0.863878338,0.171991860
Hoshiarpur,0.003911700,3,0.907055023,0.012240550,0.148605609,0.834634743,0.159855941,0.132040812,0.907055023,0.118296346
Jalandhar,0.013299780,9,0.870947908,0.021852731,0.204967291,0.772004861,0.220637568,0.182969978,0.870947908,0.163199981
Kapurthala,0.002679514,0,0.953179065,0.013051786,0.076607926,0.914639565,0.082212122,0.101373761,0.953179065,0.060935430
Ludhiana,0.012419647,2,0.792210513,0.024496525,0.327873041,0.635430291,0.353181719,0.209200772,0.792210513,0.261119609
Mansa,0.001623355,0,0.956124493,0.009284798,0.072010237,0.919748580,0.077253878,0.089282846,0.956124493,0.057272428
Moga,0.001564680,0,0.942652385,0.011662530,0.093039629,0.896380428,0.099932418,0.100005074,0.942652385,0.074026651
Sri Muktsar Sahib,0.002933775,0,0.948052959,0.009129260,0.084609561,0.905748037,0.090841254,0.101517273,0.948052959,0.067310373
Pathankot,0.004146402,6,0.964724107,0.017716939,0.058586603,0.934665108,0.062777549,0.101137671,0.964724107,0.046577752
Patiala,0.006102252,9,0.828115077,0.023953349,0.271827532,0.697708836,0.292741060,0.182016313,0.828115077,0.216467871
Rupnagar,0.005437263,0,0.961276219,0.012824008,0.063968609,0.928684548,0.068581617,0.103680234,0.961276219,0.050865623
Sahibzada Ajit Singh Nagar,0.038412893,0,0.943022643,0.021824991,0.092461672,0.897022662,0.099309137,0.161013946,0.943022643,0.073566189
Sangrur,0.001642914,3,0.902737855,0.011793609,0.155344526,0.827146365,0.167123332,0.119624050,0.902737855,0.123665275
Shahid Bhagat Singh Nagar,0.001838499,6,0.965434964,0.012580328,0.057476985,0.935898131,0.061580913,0.086936733,0.965434964,0.045693713
Tarn Taran,0.001056159,0,0.934949361,0.012189246,0.105063725,0.883019087,0.112899456,0.099816999,0.934949361,0.083606308
Ajmer,0.005222119,9,0.800734385,0.007999100,0.176781293,0.835187202,0.267783368,0.138548079,0.800734385,0.128214001
Alwar,0.004967859,9,0.715894172,0.011510108,0.251267193,0.765816875,0.380720919,0.158150806,0.715894172,0.182287774
Bikaner,0.002601280,9,0.817682979,0.002264520,0.161901188,0.849045365,0.245221747,0.105705608,0.817682979,0.117411642
Barmer,0.003364062,9,0.799209411,0.002391888,0.178120152,0.833940294,0.269813382,0.113013830,0.799209411,0.129185959
Banswara,0.004048609,3,0.862132846,0.009373219,0.122876200,0.885390180,0.186050996,0.122544934,0.862132846,0.089081068
Bharatpur,0.004615806,9,0.803527725,0.013220801,0.174328866,0.837471201,0.264064931,0.144686313,0.803527725,0.126433638
Baran,0.004772274,0,0.906951236,0.004608790,0.083527665,0.922036320,0.126389676,0.100798644,0.906951236,0.060515612
Bundi,0.006454305,0,0.915551339,0.005258735,0.075977160,0.929068269,0.114941394,0.103036723,0.915551339,0.055034248
Bhilwara,0.008468830,9,0.814349421,0.006045291,0.164827903,0.846319653,0.249659312,0.139246529,0.814349421,0.119536320
Churu,0.002796865,3,0.843169944,0.003169212,0.139524777,0.869885001,0.211294022,0.106337557,0.843169944,0.101167266
Chittorgarh,0.005750199,3,0.881940493,0.003721399,0.105485975,0.901586072,0.159683463,0.108584534,0.881940493,0.076456463
Dausa,0.002875099,3,0.874695384,0.012543915,0.111846855,0.895662047,0.169328003,0.118140114,0.874695384,0.081074206
Dholpur,0.002503488,0,0.908248946,0.010280541,0.082388333,0.923097404,0.124662190,0.102320757,0.908248946,0.059688502
Dungarpur,0.009133819,3,0.894075196,0.009671038,0.094832250,0.911508116,0.143529995,0.125156615,0.894075196,0.068722286
Ganganagar,0.003853024,3,0.848761931,0.004693883,0.134615263,0.874457337,0.203850083,0.114964615,0.848761931,0.097603156
Hanumangarh,0.002347020,3,0.863580089,0.004820958,0.121605586,0.886573530,0.184124457,0.104993523,0.863580089,0.088158653
Jhunjhunu,0.001877616,3,0.835483732,0.009477023,0.146272926,0.863600304,0.221525749,0.117714255,0.835483732,0.106066151
Jalore,0.004596247,3,0.859638804,0.004504287,0.125065857,0.883350905,0.189371014,0.114245534,0.859638804,0.090670671
Jodhpur,0.028868345,9,0.714826378,0.004222461,0.252204669,0.764943784,0.382142344,0.173998920,0.714826378,0.182968343
Jaipur,0.089558369,1,0.482389609,0.015704775,0.456273722,0.574889868,0.691557403,0.258043994,0.482389609,0.331114282
Jaisalmer,0.004126843,6,0.950024568,0.000437677,0.045711212,0.957255599,0.069051339,0.059768838,0.950024568,0.033062385
Jhalawar,0.003559647,3,0.892325378,0.005950074,0.096368512,0.910077362,0.145859317,0.105257136,0.892325378,0.069837551
Karauli,0.002562163,3,0.888647022,0.006918591,0.099597943,0.907069723,0.150755869,0.104072179,0.888647022,0.072181988
Kota,0.013495365,3,0.850247025,0.009403595,0.133311417,0.875671636,0.201873157,0.146221403,0.850247025,0.096656617
Nagaur,0.006669448,9,0.744205695,0.004892921,0.226410947,0.788966034,0.343033201,0.143706993,0.744205695,0.164243137
Pali,0.008136336,3,0.843375902,0.004308564,0.139343955,0.870053403,0.211019856,0.126227698,0.843375902,0.101035997
Pratapgarh,0.002092759,0,0.934710599,0.005534423,0.059156190,0.944734002,0.089436980,0.082595448,0.934710599,0.042822899
Rajsamand,0.008253687,0,0.912073868,0.007889340,0.079030224,0.926224884,0.119570532,0.113294249,0.912073868,0.057250650
Sikar,0.004987417,9,0.793490057,0.009092169,0.183141489,0.829263815,0.277426869,0.141398337,0.793490057,0.132831248
Sawai Madhopur,0.004420221,0,0.898039191,0.007803542,0.091352040,0.914749311,0.138253206,0.109895911,0.898039191,0.066195794
Sirohi,0.003774790,0,0.921524804,0.005292239,0.070732726,0.933952523,0.106989641,0.094089578,0.921524804,0.051227000
Tonk,0.004205077,3,0.891514972,0.005178548,0.097080012,0.909414727,0.146938113,0.105881319,0.891514972,0.070354071
Udaipur,0.008214570,9,0.763067686,0.005988824,0.209850965,0.804388703,0.317924505,0.148304248,0.763067686,0.152221255
East Sikkim,0.007901634,6,0.967424670,0.007737682,0.016883983,0.971831045,0.024373730,0.064919585,0.967424670,0.013786566
North Sikkim,0.000782340,6,0.997069146,0.000247098,0.002319693,0.995775653,0.003110592,0.014959642,0.997069146,0.001816434
South Sikkim,0.008742649,6,0.984188185,0.005126736,0.008648091,0.985371368,0.012349739,0.048781046,0.984188185,0.007017633
West Sikkim,0.002170993,6,0.985489263,0.003053739,0.008008873,0.986422283,0.011416512,0.037328869,0.985489263,0.006492271
Ariyalur,0.000860574,0,0.942101856,0.006150789,0.071161333,0.919681005,0.052539210,0.076481792,0.942101856,0.072474437
Chengalpattu,0.010952760,9,0.797392779,0.022822635,0.242541956,0.726817297,0.180310933,0.182825739,0.797392779,0.247076003
Chennai,0.059868567,1,0.432864437,0.438642459,0.674257061,0.240985383,0.502173358,0.358981833,0.432864437,0.686904800
Coimbatore,0.021436115,2,0.723878771,0.012214062,0.329605440,0.628840139,0.245220555,0.197781125,0.723878771,0.335775766
Cuddalore,0.002562163,9,0.793811802,0.017095105,0.246782949,0.722044683,0.183472778,0.147728918,0.793811802,0.251396701
Dharmapuri,0.002307903,3,0.881898581,0.008705287,0.142460764,0.839443972,0.105696043,0.114067408,0.881898581,0.145113876
Dindigul,0.003696556,9,0.829072266,0.009367480,0.205023576,0.769038721,0.152339346,0.136340876,0.829072266,0.208852499
Erode,0.006591214,9,0.821190762,0.010385329,0.214357731,0.758534501,0.159298365,0.150347810,0.821190762,0.218362081
Kallakurichi,0.001095276,3,0.892538101,0.010223020,0.129860258,0.853623990,0.096301817,0.102926467,0.892538101,0.132276555
Kanchipuram,0.005339470,0,0.908894621,0.018515481,0.110489043,0.875423447,0.081859732,0.128158517,0.908894621,0.112541275
Kanyakumari,0.004146402,9,0.852994840,0.029080171,0.176691796,0.800921976,0.131216769,0.152545765,0.852994840,0.179988249
Karur,0.002601280,0,0.916099978,0.009744652,0.101955656,0.885026520,0.075497720,0.105242729,0.916099978,0.103847511
Krishnagiri,0.003559647,9,0.851345951,0.009725346,0.178644595,0.798724388,0.132672666,0.130944975,0.851345951,0.181977748
Madurai,0.006669448,2,0.682284688,0.028552659,0.378865791,0.573404853,0.281946293,0.195058853,0.682284688,0.385961920
Nagapattinam,0.002933775,3,0.872979912,0.015618532,0.153023245,0.827557452,0.113570833,0.129332969,0.872979912,0.155874869
Nilgiris,0.003442296,0,0.943498594,0.007567125,0.069507160,0.921542534,0.051305952,0.092574771,0.943498594,0.070789175
Namakkal,0.004830949,3,0.864386883,0.013188312,0.163200069,0.816104932,0.121158099,0.137491234,0.864386883,0.166242958
Perambalur,0.000782340,6,0.957181977,0.008457613,0.053301772,0.939779317,0.039224129,0.071010628,0.957181977,0.054279222
Pudukkottai,0.002307903,9,0.848538515,0.010835114,0.181969473,0.794982726,0.135151508,0.126422656,0.848538515,0.185365115
Ramanathapuram,0.001193068,3,0.895163183,0.008515643,0.126751344,0.857122617,0.093983986,0.100887354,0.895163183,0.129109211
Ranipet,0.002210110,3,0.905374616,0.014235991,0.114657826,0.870732094,0.084967741,0.112441090,0.905374616,0.116788407
Salem,0.007588698,2,0.723282690,0.017440105,0.330311386,0.628045701,0.245746868,0.181693434,0.723282690,0.336494979
Sivaganga,0.001818940,3,0.894867148,0.008616732,0.127101941,0.856728071,0.094245371,0.106601007,0.894867148,0.129466398
Tenkasi,0.001408212,3,0.889541973,0.012682378,0.133408607,0.849630845,0.098947266,0.110065577,0.889541973,0.135891592
Tirupur,0.011187462,9,0.804213772,0.012715505,0.234463776,0.735908102,0.174288298,0.168854141,0.804213772,0.238846000
Tiruchirappalli,0.003813907,9,0.784748005,0.016185057,0.257517308,0.709964739,0.191475711,0.155908319,0.784748005,0.262332803
Theni,0.002229669,3,0.902694499,0.010653428,0.117831919,0.867160118,0.087334166,0.109541176,0.902694499,0.120022154
Tirunelveli,0.003637881,3,0.868873614,0.011385031,0.157886382,0.822084706,0.117196514,0.128959893,0.868873614,0.160829404
Thanjavur,0.003637881,9,0.809704535,0.018593808,0.227961003,0.743226018,0.169440197,0.152702510,0.809704535,0.232221014
Thoothukudi,0.002992450,3,0.863007232,0.009936580,0.164834005,0.814266178,0.122376269,0.125381712,0.863007232,0.167907601
Tirupattur,0.001212627,0,0.913274090,0.016306776,0.105302388,0.881260265,0.077992854,0.103137151,0.913274090,0.107257142
Tiruvallur,0.010033510,2,0.703571992,0.028616120,0.353654992,0.601775902,0.263150544,0.202857964,0.703571992,0.360277307
Tiruvarur,0.002875099,3,0.900736177,0.014018371,0.120151183,0.864550129,0.089063278,0.117777232,0.900736177,0.122385006
Tiruvannamalai,0.002444812,9,0.804394843,0.010473445,0.234249332,0.736149428,0.174128420,0.136242789,0.804394843,0.238627526
Vellore,0.006082693,3,0.872966033,0.020403395,0.153039683,0.827538954,0.113583088,0.146492452,0.872966033,0.155891616
Viluppuram,0.002386137,9,0.834556851,0.014765723,0.198528119,0.776348403,0.147496700,0.135377783,0.834556851,0.202234966
Virudhunagar,0.002562163,9,0.846566234,0.014819726,0.184305269,0.792354131,0.136892945,0.133704761,0.846566234,0.187744810
Dhalai,0.000997483,6,0.965785458,0.004122341,0.026946592,0.981218464,0.029868251,0.052624951,0.965785458,0.019419735
Gomati,0.001095276,6,0.960070941,0.007527868,0.031196150,0.978271248,0.034639853,0.060554155,0.960070941,0.022501583
Khowai,0.000880132,6,0.970696079,0.008545408,0.023294844,0.983751078,0.025767898,0.053799741,0.970696079,0.016771428
North Tripura,0.001427770,6,0.962101497,0.007555947,0.029686142,0.979318490,0.032944346,0.061503407,0.962101497,0.021406501
Sipahijala,0.000880132,6,0.955473997,0.012175802,0.034614634,0.975900410,0.038478287,0.064974981,0.955473997,0.024980723
South Tripura,0.001623355,6,0.960374816,0.007418047,0.030970176,0.978427969,0.034386119,0.063322765,0.960374816,0.022337703
Unokoti,0.001232185,6,0.975554195,0.012308671,0.019682142,0.986256613,0.021711388,0.055190911,0.975554195,0.014151439
West Tripura,0.002699073,0,0.913420570,0.025598457,0.065887356,0.954211689,0.073592759,0.103044774,0.913420570,0.047660204
Agra,0.006278278,7,0.938538287,0.028609350,0.307837407,0.826781843,0.456570473,0.208565956,0.938538287,0.194748744
Aligarh,0.005867550,7,0.948855263,0.025783175,0.258106699,0.854757020,0.382768848,0.192400990,0.948855263,0.163262616
Allahabad,0.014668875,7,0.915494657,0.028596209,0.418914149,0.764297483,0.621411159,0.256164551,0.915494657,0.265075040
Ambedkar Nagar,0.002034084,3,0.967464359,0.026593373,0.168405655,0.905216839,0.249650237,0.145884812,0.967464359,0.106469969
Amethi,0.002718631,3,0.965257402,0.021888313,0.179043805,0.899232527,0.265437519,0.150856377,0.965257402,0.113205328
Amroha,0.002170993,0,0.975635963,0.020828576,0.129016237,0.927374697,0.191195347,0.129740133,0.975635963,0.081531248
Auraiya,0.002914216,0,0.982443722,0.017587269,0.096200936,0.945834394,0.142496614,0.118533034,0.982443722,0.060754815
Azamgarh,0.003559647,7,0.935098303,0.029956399,0.324419093,0.817454094,0.481178113,0.198824766,0.935098303,0.205247148
Bahraich,0.002170993,3,0.967675530,0.012716221,0.167387748,0.905789446,0.248139637,0.133833300,0.967675530,0.105825499
Ballia,0.005006976,7,0.955425479,0.028439349,0.226436421,0.872572604,0.335769357,0.182581516,0.955425479,0.143211134
Balrampur,0.002523046,3,0.971107590,0.016866679,0.150844260,0.915095708,0.223588683,0.136154703,0.971107590,0.095351279
Banda,0.003031567,0,0.976208477,0.010709870,0.126256562,0.928927106,0.187099919,0.123515142,0.976208477,0.079784008
Barabanki,0.002503488,7,0.954924314,0.022395349,0.228852175,0.871213663,0.339354396,0.163096864,0.954924314,0.144740626
Bareilly,0.007608256,7,0.937304370,0.028503179,0.313785235,0.823435993,0.465397199,0.214895470,0.937304370,0.198514507
Basti,0.001936291,3,0.966554481,0.024083822,0.172791519,0.902749645,0.256158970,0.144508905,0.966554481,0.109246803
Bhadohi,0.002464371,0,0.979788882,0.042588025,0.108998006,0.938635617,0.161487787,0.135646249,0.979788882,0.068857056
Bijnor,0.003285828,7,0.948708640,0.021235550,0.258813466,0.854359440,0.383817708,0.174823676,0.948708640,0.163710093
Budaun,0.002659956,7,0.948287726,0.018885556,0.260842386,0.853218105,0.386828677,0.168234053,0.948287726,0.164994668
Bulandshahr,0.005945784,7,0.951414163,0.024736545,0.245772084,0.861695651,0.364463969,0.188550854,0.951414163,0.155453171
Chandauli,0.003559647,3,0.973973120,0.020100521,0.137031605,0.922865786,0.203090355,0.140398710,0.973973120,0.086606038
Chitrakoot,0.001486446,0,0.988013593,0.008119871,0.069352598,0.960937477,0.102653003,0.087785790,0.988013593,0.043756259
Deoria,0.003012009,7,0.957249773,0.032149032,0.217642815,0.877519300,0.322719424,0.171625617,0.957249773,0.137643616
Etah,0.002640397,0,0.976768717,0.018850613,0.123556048,0.930446235,0.183092288,0.129282252,0.976768717,0.078074225
Etawah,0.004009492,0,0.979424665,0.018150836,0.110753632,0.937648019,0.164093181,0.130328667,0.979424665,0.069968599
Faizabad,0.003716115,3,0.966447728,0.023473408,0.173306101,0.902460176,0.256922622,0.156439359,0.966447728,0.109572601
Farrukhabad,0.002835982,0,0.974923700,0.021776506,0.132449545,0.925443347,0.196290463,0.136171267,0.974923700,0.083704987
Fatehpur,0.003344503,3,0.964049782,0.016665919,0.184864869,0.895957984,0.274076125,0.151319253,0.964049782,0.116890833
Firozabad,0.002073201,3,0.966033411,0.027810442,0.175303225,0.901336727,0.259886404,0.149149699,0.966033411,0.110837045
Gautam Buddh Nagar,0.013945210,0,0.978030173,0.034711792,0.117475477,0.933866758,0.174068568,0.168708994,0.978030173,0.074224418
Ghaziabad,0.018932627,7,0.934442415,0.104393302,0.327580655,0.815675610,0.485869951,0.287312525,0.934442415,0.207248836
Ghazipur,0.002679514,7,0.949601326,0.028212173,0.254510469,0.856780019,0.377431952,0.175578783,0.949601326,0.160985726
Gonda,0.002425254,7,0.952393712,0.020386986,0.241050388,0.864351762,0.357456853,0.163443054,0.952393712,0.152463711
Gorakhpur,0.007334437,7,0.937728596,0.035093601,0.311740346,0.824586311,0.462362532,0.219073033,0.937728596,0.197219821
Hamirpur,0.001427770,0,0.986358733,0.006695639,0.077329487,0.956450212,0.114490907,0.088735470,0.986358733,0.048806687
Hapur,0.005202561,0,0.982941019,0.053343160,0.093803825,0.947182849,0.138939240,0.145061783,0.982941019,0.059237126
Hardoi,0.003051126,7,0.942761913,0.017966528,0.287478350,0.838234490,0.426357118,0.175752230,0.942761913,0.181858763
Hathras,0.000880132,0,0.979621419,0.023497932,0.109805227,0.938181529,0.162685723,0.111016926,0.979621419,0.069368133
Jalaun,0.002679514,0,0.978088489,0.009609762,0.117194374,0.934024887,0.173651405,0.116814456,0.978088489,0.074046443
Jaunpur,0.004557130,7,0.937147808,0.029152387,0.314539907,0.823011464,0.466517152,0.202288370,0.937147808,0.198992314
Jhansi,0.005652406,3,0.973272006,0.010458716,0.140411169,0.920964669,0.208105713,0.138287222,0.973272006,0.088745750
Kannauj,0.001642914,0,0.978274020,0.021873002,0.116300065,0.934527966,0.172324227,0.121448364,0.978274020,0.073480227
Kanpur Dehat,0.001858057,0,0.976273404,0.015616503,0.125943592,0.929103161,0.186635465,0.121683584,0.976273404,0.079585857
Kanpur Nagar,0.013358455,7,0.935733978,0.038113877,0.321354961,0.819177770,0.476630863,0.240979593,0.935733978,0.203307146
Kasganj,0.002073201,0,0.981482445,0.019338801,0.100834559,0.943227827,0.149373027,0.116929586,0.981482445,0.063688512
Kaushambi,0.000958366,0,0.979165641,0.022857064,0.112002204,0.936945656,0.165946093,0.112620991,0.979165641,0.070759111
Kushinagar,0.002014525,7,0.950504636,0.032194606,0.250156260,0.859229406,0.370970197,0.171238425,0.950504636,0.158228935
Lakhimpur Kheri,0.003579205,7,0.943896520,0.013742857,0.282009227,0.841311053,0.418240802,0.172273313,0.943896520,0.178396083
Lalitpur,0.002170993,0,0.984695321,0.006339006,0.085347598,0.951939758,0.126389986,0.096278938,0.984695321,0.053883214
Lucknow,0.056915233,7,0.935507717,0.047749150,0.322445605,0.818564246,0.478249408,0.297429968,0.935507717,0.203997669
Maharajganj,0.001095276,3,0.963573909,0.023732682,0.187158712,0.894667621,0.277480247,0.138153191,0.963573909,0.118343139
Mahoba,0.001564680,6,0.989685616,0.008076031,0.061292982,0.965471279,0.090692330,0.084370549,0.989685616,0.038653455
Mainpuri,0.002953333,0,0.975513040,0.017592303,0.129608761,0.927041382,0.192074668,0.132229343,0.975513040,0.081906395
Mathura,0.005906667,3,0.965374750,0.020049828,0.178478152,0.899550725,0.264598077,0.164225898,0.965374750,0.112847195
Mau,0.001779823,3,0.970288822,0.033859107,0.154790954,0.912875562,0.229445677,0.143518067,0.970288822,0.097850059
Meerut,0.031019780,7,0.952159934,0.035954655,0.242177261,0.863717858,0.359129161,0.241668727,0.952159934,0.153177171
Mirzapur,0.003813907,3,0.966065926,0.014496306,0.175146494,0.901424894,0.259653811,0.148322771,0.966065926,0.110737813
Moradabad,0.005104768,7,0.932812496,0.033766386,0.335437322,0.811255974,0.497529443,0.213453741,0.932812496,0.212223147
Muzaffarnagar,0.009740133,7,0.942072723,0.027154671,0.290800441,0.836365703,0.431287186,0.214787031,0.942072723,0.183962087
Pilibhit,0.002464371,3,0.972739772,0.015301350,0.142976689,0.919521478,0.211913010,0.131576949,0.972739772,0.090370064
Pratapgarh,0.003735673,7,0.956153562,0.022450291,0.222926858,0.874546850,0.330561076,0.169972483,0.956153562,0.140989115
Raebareli,0.003129360,7,0.952793318,0.019415818,0.239124173,0.865435322,0.354598301,0.167247736,0.952793318,0.151244162
Rampur,0.002659956,3,0.968388305,0.025945608,0.163951977,0.907722181,0.243040867,0.148977113,0.968388305,0.103650201
Saharanpur,0.009388080,7,0.951914423,0.024693326,0.243360693,0.863052139,0.360885403,0.198913964,0.951914423,0.153926440
Sambhal,0.004302870,3,0.970115886,0.023765016,0.155624554,0.912406634,0.230682761,0.153617367,0.970115886,0.098377839
Sant Kabir Nagar,0.002131876,0,0.977452464,0.031267129,0.120260195,0.932300261,0.178201160,0.132791866,0.977452464,0.075987514
Shahjahanpur,0.001818940,7,0.958654583,0.017249720,0.210871235,0.881328539,0.312670229,0.147450929,0.958654583,0.133356309
Shamli,0.002933775,0,0.983866205,0.031541555,0.089344168,0.949691554,0.132320996,0.124231117,0.983866205,0.056413572
Shravasti,0.001173510,0,0.986204127,0.015036931,0.078074733,0.956030986,0.115596870,0.096138145,0.986204127,0.049278526
Siddharthnagar,0.001584238,3,0.965204995,0.024407694,0.179296417,0.899090424,0.265812403,0.143013516,0.965204995,0.113365265
Sitapur,0.002327461,7,0.937171537,0.020483279,0.314425524,0.823075808,0.466347405,0.177943938,0.937171537,0.198919895
Sonbhadra,0.005515497,0,0.975288033,0.007199213,0.130693356,0.926431261,0.193684235,0.128241921,0.975288033,0.082593087
Sultanpur,0.005593731,7,0.947146727,0.022469595,0.266342321,0.850124209,0.394990718,0.190008325,0.947146727,0.168476856
Unnao,0.004928742,7,0.957075261,0.017927232,0.218484013,0.877046098,0.323967783,0.169898613,0.957075261,0.138176206
Varanasi,0.017270155,7,0.948733478,0.063113932,0.258693737,0.854426792,0.383640027,0.246459814,0.948733478,0.163634289
Almora,0.007530022,6,0.951409827,0.005274519,0.050234282,0.948879418,0.060571274,0.088797843,0.951409827,0.037241488
Bageshwar,0.004029051,6,0.981137475,0.002937678,0.020793331,0.978722554,0.024861951,0.055379837,0.981137475,0.015347157
Chamoli,0.006865033,6,0.970359769,0.001315370,0.031467096,0.967902978,0.037808303,0.062335910,0.970359769,0.023284908
Champawat,0.003892141,6,0.981180578,0.003809286,0.020750643,0.978765824,0.024810175,0.056918032,0.981180578,0.015315412
Dehradun,0.032467109,3,0.863017351,0.014454406,0.137774293,0.860143548,0.166749720,0.170281629,0.863017351,0.102342305
Haridwar,0.009701016,3,0.844259854,0.021468294,0.156350892,0.841313180,0.189281524,0.159991683,0.844259854,0.116157151
Nainital,0.023255056,0,0.924053745,0.006501584,0.077326540,0.921417060,0.093431835,0.122075942,0.924053745,0.057389168
Pauri Garhwal,0.007471347,6,0.946106113,0.003299876,0.055486847,0.943555099,0.066942180,0.086665713,0.946106113,0.041147659
Pithoragarh,0.009466314,6,0.962570123,0.001776142,0.039181617,0.960083070,0.047165349,0.072951303,0.962570123,0.029021961
Rudraprayag,0.003911700,6,0.983024399,0.003265090,0.018924605,0.980616808,0.022595348,0.053993632,0.983024399,0.013957443
Tehri Garhwal,0.007041060,6,0.951862860,0.003948649,0.049785619,0.949334210,0.060027084,0.084655078,0.951862860,0.036907831
Udham Singh Nagar,0.005945784,3,0.867138239,0.014875743,0.133693148,0.864280444,0.161799645,0.136914161,0.867138239,0.099307283
Uttarkashi,0.006376071,6,0.975403060,0.001068433,0.026472443,0.972965861,0.031750222,0.056492233,0.975403060,0.019570538
Alipurduar,0.002073201,3,0.963433065,0.013203177,0.131679001,0.831512070,0.144274377,0.120122631,0.963433065,0.108009382
Bankura,0.009192495,7,0.919888073,0.013730954,0.278935016,0.643415025,0.306059388,0.184503871,0.919888073,0.228896862
Paschim Bardhaman,0.014453731,7,0.936289814,0.047297629,0.223469281,0.714264020,0.245121134,0.213391036,0.936289814,0.183363151
Purba Bardhaman,0.011128786,2,0.891431118,0.023402601,0.375167844,0.520492299,0.411787018,0.218122672,0.891431118,0.307897670
Birbhum,0.008527506,7,0.922044435,0.020259275,0.271642850,0.652729652,0.298047742,0.190441764,0.922044435,0.222910475
Cooch Behar,0.008390596,7,0.937650408,0.021912530,0.218868162,0.720141247,0.240066046,0.179926993,0.937650408,0.179585935
Dakshin Dinajpur,0.002738190,3,0.964100583,0.020123111,0.129421656,0.834395483,0.141794311,0.130331181,0.964100583,0.106156251
Darjeeling,0.011363488,3,0.960171505,0.015373145,0.142708611,0.817423429,0.156392222,0.155619299,0.960171505,0.117063965
Hooghly,0.020262605,2,0.875704589,0.046117514,0.428350219,0.452559946,0.470216625,0.263105933,0.875704589,0.351556894
Howrah,0.020810243,2,0.891290905,0.086842482,0.375642004,0.519886633,0.412307960,0.277963963,0.891290905,0.308286924
Jalpaiguri,0.009544548,7,0.913610316,0.016333203,0.300164494,0.616297612,0.329383471,0.193347504,0.913610316,0.246324865
Jhargram,0.002053642,0,0.976371743,0.009823647,0.087924297,0.887402015,0.096202620,0.100499672,0.976371743,0.072089655
Kalimpong,0.001642914,6,0.996692045,0.006260954,0.019207174,0.975177633,0.020705530,0.052985948,0.996692045,0.015677427
Kolkata,0.087778546,4,0.899441911,0.573002334,0.348077764,0.555095735,0.382024098,0.413698682,0.899441911,0.285658500
Maldah,0.007921192,7,0.910664248,0.028165207,0.310127206,0.603571771,0.340329153,0.204002384,0.910664248,0.254503594
Murshidabad,0.008957793,1,0.839375815,0.035088920,0.551203162,0.295634095,0.605190839,0.236781060,0.839375815,0.452411061
Nadia,0.014629758,2,0.883785373,0.034617829,0.401023447,0.487465719,0.440193661,0.240529514,0.883785373,0.329123416
North 24 Parganas,0.070782210,1,0.770935696,0.064798747,0.782646982,0,0.859470036,0,0.770935696,0.642411179
Paschim Medinipur,0.014043003,2,0.885490393,0.014324859,0.395257585,0.494830727,0.433858910,0.213652936,0.885490393,0.324390023
Purba Medinipur,0.015881502,2,0.901033308,0.024526287,0.342696137,0.561969941,0.376111493,0.224454199,0.901033308,0.281240539
Purulia,0.006004459,7,0.935235021,0.012289565,0.227036273,0.709707734,0.249040062,0.162343946,0.935235021,0.186291416
South 24 Parganas,0.024213422,1,0.815247292,0.021522362,0.632798543,0.191408471,0.694836818,0.249756361,0.815247292,0.519395489
Uttar Dinajpur,0.004850508,7,0.933561368,0.024814227,0.232696059,0.702478222,0.255258271,0.173883510,0.933561368,0.190937727
Adilabad,0.051712673,6,0.969019308,0.004434728,0.063139393,0.938176781,0.050574126,0.114855519,0.969019308,0.046943190
Komaram Bheem,0.029552893,6,0.978131356,0.003134348,0.045849374,0.955055024,0.036589816,0.091318379,0.978131356,0.034056649
Bhadradri Kothagudem,0.167987952,0,0.940904247,0.003813810,0.116487435,0.886099271,0.093722461,0.162058485,0.940904247,0.086704375
Hyderabad,1.5,5,0.840063320,0.020922030,0.307832067,0.699311681,0.248483571,0.358306468,0.840063320,0.229316723
Jagtial,0.114221637,0,0.956069070,0.008482318,0.087712338,0.914189063,0.070448926,0.154607528,0.956069070,0.065257815
Jangaon,0.067633291,6,0.974987858,0.006985187,0.051814129,0.949232324,0.041414160,0.117043992,0.974987858,0.038502281
Jayashankar Bhupalpally,0.046216734,6,0.968863364,0.002923868,0.063435294,0.937887928,0.050813453,0.107688383,0.968863364,0.047163730
Jogulamba Gadwal,0.064503931,6,0.971094511,0.005954539,0.059201716,0.942020679,0.047389301,0.119693608,0.971094511,0.044008373
Kamareddy,0.107689098,0,0.956578139,0.006988702,0.086746384,0.915132012,0.069667655,0.149218878,0.956578139,0.064537874
Karimnagar,0.254495195,0,0.954528557,0.011217906,0.090635446,0.911335572,0.072813159,0.179021949,0.954528557,0.067436456
Khammam,0.199340227,0,0.936335507,0.008261619,0.125156573,0.877636596,0.100734131,0.186891901,0.936335507,0.093165629
Mahabubabad,0.102486537,0,0.966130792,0.007023637,0.068620321,0.932826386,0.055007146,0.136528391,0.966130792,0.051028217
Mahbubnagar,0.093783005,0,0.940276746,0.008570732,0.117678112,0.884936951,0.094685490,0.167301968,0.940276746,0.087591807
Mancherial,0.098829098,0,0.964391257,0.005213590,0.071921073,0.929604246,0.057676821,0.133158180,0.964391257,0.053488322
Medak,0.068767684,0,0.966260171,0.007346460,0.068374827,0.933066035,0.054808588,0.130450209,0.966260171,0.050845245
Medchal-Malkajgiri,0.363318686,9,0.882519040,0.013343216,0.227272772,0.777952385,0.183326551,0.259740237,0.882519040,0.169274536
Mulugu,0.055194086,6,0.988566777,0.001975466,0.026048269,0.974384547,0.020574520,0.075660159,0.988566777,0.019298556
Nalgonda,0.233802303,0,0.925494492,0.017504422,0.145727289,0.857555790,0.117371895,0.220453162,0.925494492,0.108497327
Narayanpet,0.022198897,6,0.975723128,0.006362903,0.050418963,0.950594264,0.040285737,0.099654530,0.975723128,0.037462440
Nagarkurnool,0.083006272,0,0.960320639,0.003569415,0.079645029,0.922064242,0.063924020,0.128853765,0.960320639,0.059245115
Nirmal,0.048837573,6,0.968997461,0.005218263,0.063180846,0.938136316,0.050607654,0.116407618,0.968997461,0.046974085
Nizamabad,0.153045258,0,0.930069979,0.009701628,0.137045348,0.866030963,0.110349869,0.190248964,0.930069979,0.102026531
Peddapalli,0.107395721,0,0.964943547,0.004513218,0.070873108,0.930627252,0.056829219,0.131453472,0.964943547,0.052707257
Rajanna Sircilla,0.095758413,6,0.976702339,0.007054702,0.048560919,0.952408056,0.038782937,0.119542150,0.976702339,0.036077610
Ranga Reddy,0.452994406,9,0.882069470,0.064679746,0.228125826,0.777119647,0.184016509,0.325612228,0.882069470,0.169910331
Sangareddy,0.148136075,0,0.930390831,0.008982286,0.136436535,0.866625277,0.109857456,0.187377926,0.930390831,0.101572772
Siddipet,0.149955015,0,0.955599022,0.007610407,0.088604249,0.913318394,0.071170311,0.158367571,0.955599022,0.065922571
Suryapet,0.132587068,0,0.950588827,0.008553346,0.098111042,0.904038013,0.078859483,0.164000077,0.950588827,0.073008143
Vikarabad,0.045923357,0,0.960889584,0.006829207,0.078565460,0.923118100,0.063050856,0.129145887,0.960889584,0.058440495
Wanaparthy,0.067887552,0,0.967009219,0.006709834,0.066953517,0.934453495,0.053659021,0.127807235,0.967009219,0.049785920
Warangal Urban,0.217862126,0,0.948883264,0.022891397,0.101347331,0.900878800,0.081477020,0.199599818,0.948883264,0.075420203
Warangal Rural,0.069667375,6,0.968665191,0.008645020,0.063811326,0.937520852,0.051117591,0.130083329,0.968665191,0.047443992
Yadadri Bhuvanagiri,0.074302739,6,0.968192973,0.006161988,0.064707355,0.936646162,0.051842307,0.126332284,0.968192973,0.048111818
